{
    "total_wire_length": 39977.456139341324,
    "total_jumper_length": 40754.084890160615,
    "total_jumper_count": 584,
    "center_node_count": 1330,
    "edge_node_count": 224,
    "total_node_count": 1554,
    "reachable_node_count": [
        1554.0,
        1554.0,
        1554.0,
        [
            1554.0,
            1554.0,
            1554.0,
            1554.0,
            1554.0,
            1554.0
        ],
        1554.0
    ],
    "unreachable_node_count": [
        0.0,
        0.0,
        0.0,
        [
            0.0,
            0.0,
            0.0,
            0.0,
            0.0,
            0.0
        ],
        0.0
    ],
    "reachable_wire_length": [
        39977.456139341324,
        39977.456139341324,
        39977.456139341324,
        [
            39977.456139341324,
            39977.456139341324,
            39977.456139341324,
            39977.456139341324,
            39977.456139341324,
            39977.456139341324
        ],
        39977.45613934134
    ],
    "unreachable_wire_length": [
        0.0,
        0.0,
        0.0,
        [
            0.0,
            0.0,
            0.0,
            0.0,
            0.0,
            0.0
        ],
        0.0
    ],
    "reachable_jumper_length": [
        40754.084890160644,
        40754.084890160644,
        40754.084890160644,
        [
            40754.084890160644,
            40754.084890160644,
            40754.084890160644,
            40754.084890160644,
            40754.084890160644,
            40754.084890160644
        ],
        40754.08489016065
    ],
    "unreachable_jumper_length": [
        0.0,
        0.0,
        0.0,
        [
            0.0,
            0.0,
            0.0,
            0.0,
            0.0,
            0.0
        ],
        0.0
    ],
    "reachable_jumper_count": [
        584.0,
        584.0,
        584.0,
        [
            584.0,
            584.0,
            584.0,
            584.0,
            584.0,
            584.0
        ],
        584.0
    ],
    "unreachable_jumper_count": [
        0.0,
        0.0,
        0.0,
        [
            0.0,
            0.0,
            0.0,
            0.0,
            0.0,
            0.0
        ],
        0.0
    ],
    "shortest_path": {
        "percent_useful_node_count": [
            0.7857142857142857,
            0.7837837837837838,
            0.7879665379665379,
            [
                0.768918918918919,
                0.7728442728442728,
                0.7759009009009009,
                0.7921492921492922,
                0.7975546975546975,
                0.8024453024453024
            ],
            0.784942084942085
        ],
        "percent_useful_wire_length": 65.63108995835178,
        "percent_reachable_sensors": 1.0,
        "percent_useful_jumper_count": [
            0.14554794520547945,
            0.1429794520547945,
            0.1498287671232877,
            [
                0.11977739726027396,
                0.12311643835616438,
                0.1382705479452055,
                0.1541095890410959,
                0.16095890410958905,
                0.1610445205479452
            ],
            0.1443321917808219
        ],
        "percent_useful_jumper_length": [
            0.00684931506849315,
            0.00684931506849315,
            0.00684931506849315,
            [
                0.005136986301369863,
                0.005136986301369863,
                0.00684931506849315,
                0.008561643835616438,
                0.008561643835616438,
                0.010273972602739725
            ],
            0.007243150684931507
        ],
        "percent_unreachable_bc_short_jumper": 0.0,
        "percent_multiroute_reached_nodes": [
            0.30944986005013064,
            0.3024229674328495,
            0.3145835865205993,
            [
                0.2762423925776865,
                0.28354943273905997,
                0.2953992875400956,
                0.3202972849123611,
                0.3269554686414263,
                0.3274594430680209
            ],
            0.3069774416684509
        ],
        "path_length_max": [
            1648.456041274873,
            1638.205933526022,
            1648.456041274873
        ],
        "path_length_avg": [
            563.9734370570708,
            562.1550361403955,
            565.9554787586507,
            [
                170.47974154261132,
                239.1803774926236,
                385.01613456124943,
                751.7723809669396,
                947.7985286652133,
                1066.9553172236142
            ],
            582.3337910435687
        ],
        "path_node_count_max": [
            73.0,
            71.0,
            73.0
        ],
        "path_node_count_avg": [
            27.0,
            27.0,
            27.0,
            [
                8.0,
                11.0,
                18.0,
                35.0,
                43.0,
                49.0
            ],
            27.14656
        ],
        "path_jumper_count_max": [
            12.0,
            11.0,
            12.0
        ],
        "path_jumper_count_avg": [
            1.0,
            1.0,
            1.0,
            [
                0.0,
                0.0,
                1.0,
                3.0,
                5.0,
                6.0
            ],
            1.97919
        ],
        "path_sensor_jumper_length_max": [
            46.25113981014041,
            44.63738809649489,
            46.25113981014041
        ],
        "path_sensor_jumper_length_avg": [
            6.819147771323518,
            6.7676088053276136,
            6.867270445123221,
            [
                0.5478387429078736,
                1.1099247013910563,
                2.9615205070121915,
                13.447374975684944,
                21.88011359837799,
                26.630472868348683
            ],
            9.266496434017814
        ],
        "path_router_node_branches_max": [
            8.0,
            7.0,
            8.0
        ],
        "path_router_node_branches_avg": [
            2.0,
            2.0,
            2.0,
            [
                2.0,
                2.0,
                2.0,
                2.0,
                3.0,
                4.849999999999966
            ],
            2.3203125
        ],
        "graph_max_wire_length": [
            1144.478059637338,
            1107.8785213081035,
            1176.4481504985806,
            [
                935.9011197342084,
                981.944838338197,
                1027.0932598862648,
                1277.4118651967053,
                1498.0165732935689,
                1549.3431776200446
            ],
            1177.3582787880332
        ],
        "graph_avg_wire_length": [
            540.7724544719024,
            515.5812958710884,
            559.8011398339953,
            [
                460.6880314763098,
                468.5171180961207,
                486.0487270654696,
                619.2870399587141,
                762.9475196592881,
                819.2676305258321
            ],
            573.857049612421
        ],
        "graph_max_node_count": [
            53.0,
            52.0,
            55.0,
            [
                42.95,
                45.0,
                48.0,
                61.0,
                67.0,
                69.05
            ],
            54.68
        ],
        "graph_avg_node_count": [
            26.406319694938823,
            24.858546168958743,
            27.869800576148673,
            [
                22.664226445091217,
                23.106225147608146,
                24.095528830380577,
                29.907090278431742,
                34.25633204633205,
                35.5043822618288
            ],
            27.42975267443899
        ],