{
    "total_wire_length": 7844.723071925359,
    "total_jumper_length": 155.09223101290544,
    "total_jumper_count": 5,
    "center_node_count": 33,
    "edge_node_count": 29,
    "total_node_count": 62,
    "reachable_node_count": [
        48.0,
        48.0,
        48.0,
        [
            14.0,
            14.0,
            48.0,
            48.0,
            48.0,
            48.0
        ],
        42.22
    ],
    "unreachable_node_count": [
        14.0,
        14.0,
        14.0,
        [
            14.0,
            14.0,
            14.0,
            14.0,
            48.0,
            48.0
        ],
        19.78
    ],
    "reachable_wire_length": [
        6255.802487019509,
        6255.802487019509,
        6255.802487019509,
        [
            1588.920584905851,
            1588.920584905851,
            6255.802487019509,
            6255.802487019509,
            6255.802487019509,
            6255.802487019509
        ],
        5462.432563660188
    ],
    "unreachable_wire_length": [
        1588.920584905851,
        1588.920584905851,
        1588.920584905851,
        [
            1588.920584905851,
            1588.920584905851,
            1588.920584905851,
            1588.920584905851,
            6255.802487019509,
            6255.802487019509
        ],
        2382.2905082651737
    ],
    "reachable_jumper_length": [
        113.99523496772498,
        113.99523496772498,
        113.99523496772498,
        [
            41.096996045180454,
            41.096996045180454,
            113.99523496772498,
            113.99523496772498,
            113.99523496772498,
            113.99523496772498
        ],
        101.6025343508924
    ],
    "unreachable_jumper_length": [
        41.096996045180454,
        41.096996045180454,
        41.096996045180454,
        [
            41.096996045180454,
            41.096996045180454,
            41.096996045180454,
            41.096996045180454,
            113.99523496772498,
            113.99523496772498
        ],
        53.48969666201302
    ],
    "reachable_jumper_count": [
        4.0,
        4.0,
        4.0,
        [
            1.0,
            1.0,
            4.0,
            4.0,
            4.0,
            4.0
        ],
        3.49
    ],
    "unreachable_jumper_count": [
        1.0,
        1.0,
        1.0,
        [
            1.0,
            1.0,
            1.0,
            1.0,
            4.0,
            4.0
        ],
        1.51
    ],
    "shortest_path": {
        "percent_useful_node_count": [
            0.5645161290322581,
            0.5483870967741935,
            0.5645161290322581,
            [
                0.12903225806451613,
                0.14516129032258066,
                0.532258064516129,
                0.5645161290322581,
                0.5806451612903226,
                0.5967741935483871
            ],
            0.4896774193548387
        ],
        "percent_useful_wire_length": 49.83080028995931,
        "percent_reachable_sensors": 0.49363,
        "percent_useful_jumper_count": [
            0.8,
            0.8,
            0.8,
            [
                0.2,
                0.2,
                0.8,
                0.8,
                0.8,
                0.8
            ],
            0.6919999999999998
        ],
        "percent_useful_jumper_length": [
            0.4,
            0.4,
            0.6,
            [
                0.0,
                0.0,
                0.4,
                0.6,
                0.6,
                0.6
            ],
            0.426
        ],
        "percent_unreachable_bc_short_jumper": 0.29534,
        "percent_multiroute_reached_nodes": [
            0.4444444444444444,
            0.4411764705882353,
            0.45454545454545453,
            [
                0.3818067226890756,
                0.40540540540540543,
                0.42857142857142855,
                0.47058823529411764,
                0.5,
                0.5555555555555556
            ],
            0.45129176443989677
        ],
        "path_length_max": [
            2128.7538310826176,
            2092.026469431943,
            2128.7538310826176
        ],
        "path_length_avg": [
            786.7828365811424,
            782.315783137097,
            792.0911741486352,
            [
                220.63399560194702,
                300.32700285977626,
                499.11237077768953,
                1040.557967336811,
                1226.396223119144,
                1340.9226487574917
            ],
            780.5777332340151
        ],
        "path_node_count_max": [
            14.0,
            14.0,
            14.0
        ],
        "path_node_count_avg": [
            6.0,
            6.0,
            6.0,
            [
                1.0,
                1.0,
                3.0,
                8.0,
                9.0,
                10.0
            ],
            5.459574985312886
        ],
        "path_jumper_count_max": [
            3.0,
            3.0,
            3.0
        ],
        "path_jumper_count_avg": [
            1.0,
            1.0,
            1.0,
            [
                0.0,
                0.0,
                0.0,
                1.0,
                1.0,
                2.0
            ],
            0.7325729797621701
        ],
        "path_sensor_jumper_length_max": [
            79.9917263653586,
            79.98491763316562,
            79.9917263653586
        ],
        "path_sensor_jumper_length_avg": [
            30.312649666995064,
            30.03609632458988,
            30.626588257514587,
            [
                2.6132373046097737,
                5.303270497001004,
                13.948026707467912,
                50.50697813679151,
                66.16467383094421,
                72.65145442653714
            ],
            33.138171133115414
        ],
        "path_router_node_branches_max": [
            2.0,
            2.0,
            2.0
        ],
        "path_router_node_branches_avg": [
            2.0,
            2.0,
            2.0,
            [
                2.0,
                2.0,
                2.0,
                2.0,
                2.0,
                2.0
            ],
            2.0
        ],
        "graph_max_wire_length": [
            1294.7986299647123,
            1255.9482888874957,
            1340.132970933007,
            [
                660.4385451739693,
                731.0532600105266,
                1181.832971284315,
                1429.748057630999,
                1711.9260036680132,
                1826.2094134938388
            ],
            1275.462350160782
        ],
        "graph_avg_wire_length": [
            737.6418276781465,
            704.2011597461701,
            773.0346778766557,
            [
                381.25081031188967,
                410.1610340068488,
                659.6890729851104,
                836.7107636656762,
                1001.6031464171684,
                1077.369537732169
            ],
            736.692776150886
        ],
        "graph_max_node_count": [
            11.0,
            11.0,
            11.0,
            [
                5.0,
                6.0,
                10.0,
                12.0,
                13.0,
                13.049999999999997
            ],
            10.53
        ],
        "graph_avg_node_count": [
            6.145833333333333,
            6.0101562500000005,
            6.2398437499999995,
            [
                2.857142857142857,
                3.2857142857142856,
                5.739583333333333,
                6.703125,
                7.389583333333334,
                7.669791666666667
            ],
            5.934761061307115
        ],