{
    "total_wire_length": 37214.23554338202,
    "total_jumper_length": 17077.80592318922,
    "total_jumper_count": 239,
    "center_node_count": 622,
    "edge_node_count": 158,
    "total_node_count": 780,
    "reachable_node_count": [
        780.0,
        780.0,
        780.0,
        [
            780.0,
            780.0,
            780.0,
            780.0,
            780.0,
            780.0
        ],
        780.0
    ],
    "unreachable_node_count": [
        0.0,
        0.0,
        0.0,
        [
            0.0,
            0.0,
            0.0,
            0.0,
            0.0,
            0.0
        ],
        0.0
    ],
    "reachable_wire_length": [
        37214.23554338202,
        37214.23554338202,
        37214.23554338202,
        [
            37214.23554338202,
            37214.23554338202,
            37214.23554338202,
            37214.23554338202,
            37214.23554338202,
            37214.23554338202
        ],
        37214.235543382005
    ],
    "unreachable_wire_length": [
        0.0,
        0.0,
        0.0,
        [
            0.0,
            0.0,
            0.0,
            0.0,
            0.0,
            0.0
        ],
        0.0
    ],
    "reachable_jumper_length": [
        17077.805923189222,
        17077.805923189222,
        17077.805923189222,
        [
            17077.805923189222,
            17077.805923189222,
            17077.805923189222,
            17077.805923189222,
            17077.805923189222,
            17077.805923189222
        ],
        17077.805923189222
    ],
    "unreachable_jumper_length": [
        0.0,
        0.0,
        0.0,
        [
            0.0,
            0.0,
            0.0,
            0.0,
            0.0,
            0.0
        ],
        0.0
    ],
    "reachable_jumper_count": [
        239.0,
        239.0,
        239.0,
        [
            239.0,
            239.0,
            239.0,
            239.0,
            239.0,
            239.0
        ],
        239.0
    ],
    "unreachable_jumper_count": [
        0.0,
        0.0,
        0.0,
        [
            0.0,
            0.0,
            0.0,
            0.0,
            0.0,
            0.0
        ],
        0.0
    ],
    "shortest_path": {
        "percent_useful_node_count": [
            0.8333333333333334,
            0.8307692307692308,
            0.8346153846153846,
            [
                0.8153205128205128,
                0.8192307692307692,
                0.8243589743589743,
                0.8397435897435898,
                0.8474358974358974,
                0.8526282051282051
            ],
            0.8326538461538459
        ],
        "percent_useful_wire_length": 69.67777242978516,
        "percent_reachable_sensors": 1.0,
        "percent_useful_jumper_count": [
            0.2803347280334728,
            0.2719665271966527,
            0.28451882845188287,
            [
                0.24665271966527197,
                0.2510460251046025,
                0.26778242677824265,
                0.2928870292887029,
                0.301255230125523,
                0.30962343096234307
            ],
            0.27790794979079503
        ],
        "percent_useful_jumper_length": [
            0.016736401673640166,
            0.016736401673640166,
            0.02092050209205021,
            [
                0.012552301255230125,
                0.012552301255230125,
                0.012552301255230125,
                0.02092050209205021,
                0.02510460251046025,
                0.02510460251046025
            ],
            0.01782426778242678
        ],
        "percent_unreachable_bc_short_jumper": 0.0,
        "percent_multiroute_reached_nodes": [
            0.32529363025845276,
            0.321483771251932,
            0.32926829268292684,
            [
                0.3005440623959671,
                0.3039414414414415,
                0.31631836275527864,
                0.33643492896464033,
                0.344822256568779,
                0.35144679918697674
            ],
            0.32588217476229464
        ],
        "path_length_max": [
            2383.531425297191,
            2375.6921021792327,
            2383.531425297191
        ],
        "path_length_avg": [
            801.9521243824422,
            799.2626006208841,
            804.5143476597964,
            [
                250.4073801913391,
                345.25693137674375,
                553.3920539890078,
                1070.7537037153743,
                1358.0328168789908,
                1531.7575117757783
            ],
            832.2637279728636
        ],
        "path_node_count_max": [
            56.0,
            55.0,
            56.0
        ],
        "path_node_count_avg": [
            20.0,
            20.0,
            20.0,
            [
                6.0,
                8.0,
                13.0,
                26.0,
                33.0,
                36.0
            ],
            20.05863
        ],
        "path_jumper_count_max": [
            15.0,
            15.0,
            15.0
        ],
        "path_jumper_count_avg": [
            1.0,
            1.0,
            1.0,
            [
                0.0,
                0.0,
                1.0,
                4.0,
                6.0,
                7.0
            ],
            2.25203
        ],
        "path_sensor_jumper_length_max": [
            95.45854397609816,
            93.30630578609366,
            95.45854397609816
        ],
        "path_sensor_jumper_length_avg": [
            13.780655285506132,
            13.662552979657942,
            13.908595014507066,
            [
                1.110669736639726,
                2.255279472204337,
                5.985920392548173,
                27.335466144138998,
                44.33882450852007,
                53.840591671607015
            ],
            18.836897140456998
        ],
        "path_router_node_branches_max": [
            7.0,
            5.0,
            7.0
        ],
        "path_router_node_branches_avg": [
            2.0,
            2.0,
            2.0,
            [
                2.0,
                2.0,
                2.0,
                2.0,
                3.0,
                4.0
            ],
            2.2476190476190476
        ],
        "graph_max_wire_length": [
            1610.8194339228248,
            1546.8390967886492,
            1724.6918301213545,
            [
                1305.2424477584584,
                1377.8207480385402,
                1460.5313319802826,
                1819.455688647857,
                2096.4215464824374,
                2153.627399318637
            ],
            1670.3354353975353
        ],
        "graph_avg_wire_length": [
            750.2607361473924,
            723.2889328938943,
            800.0762750756048,
            [
                660.1072649233946,
                668.7807594582392,
                686.9818813097063,
                905.3510821089799,
                1078.4220378133168,
                1165.9689063376877
            ],
            817.090347113095
        ],
        "graph_max_node_count": [
            41.0,
            39.0,
            43.0,
            [
                32.9,
                34.0,
                36.0,
                46.0,
                50.0,
                53.05
            ],
            41.42
        ],
        "graph_avg_node_count": [
            19.426799994393086,
            18.363940550289616,
            20.655719019883513,
            [
                16.84208580816378,
                17.10422146937691,
                17.83858255590311,
                22.49866089407974,
                25.22153846153847,
                26.8149358974359
            ],
            20.47180606827874
        ],