{
    "total_wire_length": 88751.17937460975,
    "total_jumper_length": 24519.229223478065,
    "total_jumper_count": 615,
    "center_node_count": 2961,
    "edge_node_count": 351,
    "total_node_count": 3312,
    "reachable_node_count": [
        3312.0,
        3312.0,
        3312.0,
        [
            3312.0,
            3312.0,
            3312.0,
            3312.0,
            3312.0,
            3312.0
        ],
        3312.0
    ],
    "unreachable_node_count": [
        0.0,
        0.0,
        0.0,
        [
            0.0,
            0.0,
            0.0,
            0.0,
            0.0,
            0.0
        ],
        0.0
    ],
    "reachable_wire_length": [
        88751.17937460972,
        88751.17937460972,
        88751.17937460972,
        [
            88751.17937460972,
            88751.17937460972,
            88751.17937460972,
            88751.17937460972,
            88751.17937460972,
            88751.17937460972
        ],
        88751.1793746097
    ],
    "unreachable_wire_length": [
        0.0,
        0.0,
        0.0,
        [
            0.0,
            0.0,
            0.0,
            0.0,
            0.0,
            0.0
        ],
        0.0
    ],
    "reachable_jumper_length": [
        24519.22922347808,
        24519.22922347808,
        24519.22922347808,
        [
            24519.22922347808,
            24519.22922347808,
            24519.22922347808,
            24519.22922347808,
            24519.22922347808,
            24519.22922347808
        ],
        24519.229223478083
    ],
    "unreachable_jumper_length": [
        0.0,
        0.0,
        0.0,
        [
            0.0,
            0.0,
            0.0,
            0.0,
            0.0,
            0.0
        ],
        0.0
    ],
    "reachable_jumper_count": [
        615.0,
        615.0,
        615.0,
        [
            615.0,
            615.0,
            615.0,
            615.0,
            615.0,
            615.0
        ],
        615.0
    ],
    "unreachable_jumper_count": [
        0.0,
        0.0,
        0.0,
        [
            0.0,
            0.0,
            0.0,
            0.0,
            0.0,
            0.0
        ],
        0.0
    ],
    "shortest_path": {
        "percent_useful_node_count": [
            0.7104468599033817,
            0.7080314009661836,
            0.7140700483091788,
            [
                0.6926026570048309,
                0.6946859903381642,
                0.7016908212560387,
                0.7176932367149759,
                0.7240942028985508,
                0.7267512077294686
            ],
            0.7102294685990338
        ],
        "percent_useful_wire_length": 53.82981818680347,
        "percent_reachable_sensors": 1.0,
        "percent_useful_jumper_count": [
            0.2016260162601626,
            0.1951219512195122,
            0.20406504065040648,
            [
                0.16056910569105692,
                0.17365853658536584,
                0.18170731707317073,
                0.2097560975609756,
                0.2180487804878049,
                0.22455284552845528
            ],
            0.1962113821138211
        ],
        "percent_useful_jumper_length": [
            0.0065040650406504065,
            0.0065040650406504065,
            0.008130081300813009,
            [
                0.004878048780487805,
                0.004878048780487805,
                0.0065040650406504065,
                0.008130081300813009,
                0.00975609756097561,
                0.00975609756097561
            ],
            0.007235772357723578
        ],
        "percent_unreachable_bc_short_jumper": 0.0,
        "percent_multiroute_reached_nodes": [
            0.297360119067797,
            0.2945616655840286,
            0.29832261940652516,
            [
                0.2700066933876514,
                0.2750069368639225,
                0.28975500722048875,
                0.3007500381610535,
                0.31100194123291786,
                0.3131909979393031
            ],
            0.2944948511199391
        ],
        "path_length_max": [
            2454.8668960394793,
            2386.6175183563155,
            2454.8668960394793
        ],
        "path_length_avg": [
            826.4675651767479,
            823.7275549073697,
            829.1753141660232,
            [
                245.93131547766095,
                346.87742021300147,
                564.1943698857494,
                1099.2991848212578,
                1382.1168809254789,
                1556.5276841278685
            ],
            850.8917497269315
        ],
        "path_node_count_max": [
            104.0,
            99.0,
            104.0
        ],
        "path_node_count_avg": [
            39.0,
            39.0,
            39.0,
            [
                11.0,
                16.0,
                26.0,
                52.0,
                64.0,
                71.0
            ],
            39.49633
        ],
        "path_jumper_count_max": [
            29.0,
            28.0,
            29.0
        ],
        "path_jumper_count_avg": [
            1.0,
            1.0,
            1.0,
            [
                0.0,
                0.0,
                1.0,
                6.0,
                11.0,
                13.0
            ],
            3.69538
        ],
        "path_sensor_jumper_length_max": [
            44.358936761879164,
            40.782174323128665,
            44.358936761879164
        ],
        "path_sensor_jumper_length_avg": [
            6.836124752584036,
            6.774040453641913,
            6.89593486189048,
            [
                0.5583248322232025,
                1.1318196275911576,
                2.9768598480747555,
                13.450567768583065,
                21.99502599338691,
                26.47665315637812
            ],
            9.282615131322228
        ],
        "path_router_node_branches_max": [
            8.0,
            6.0,
            8.0
        ],
        "path_router_node_branches_avg": [
            2.0,
            2.0,
            2.0,
            [
                2.0,
                2.0,
                2.0,
                2.0,
                2.0,
                3.0
            ],
            2.1657223796033995
        ],
        "graph_max_wire_length": [
            1728.5541176574716,
            1704.57079463941,
            1800.2758070777859,
            [
                1375.192156665181,
                1446.5171209940468,
                1593.3227366183016,
                1894.0431499825818,
                2140.450176160551,
                2295.92954230598
            ],
            1767.7546696209943
        ],
        "graph_avg_wire_length": [
            796.6942317051157,
            764.799784014154,
            839.0725960787638,
            [
                688.6914360227695,
                700.5481174526427,
                741.0881707496031,
                918.6408468127296,
                1064.5769080302557,
                1200.6107563783994
            ],
            846.0873088916113
        ],
        "graph_max_node_count": [
            81.0,
            78.0,
            83.0,
            [
                64.0,
                67.0,
                72.0,
                88.0,
                94.20000000000002,
                99.0
            ],
            80.71
        ],
        "graph_avg_node_count": [
            38.01480611589521,
            37.047040971168435,
            39.35509236323042,
            [
                33.43861326771723,
                33.89544082125604,
                35.81720902358312,
                43.650519880634114,
                47.8656187860478,
                52.13914553140096
            ],
            39.901077399011136
        ],