{
    "total_wire_length": 36185.35301721291,
    "total_jumper_length": 69.38006166972245,
    "total_jumper_count": 13,
    "center_node_count": 602,
    "edge_node_count": 140,
    "total_node_count": 742,
    "reachable_node_count": [
        742.0,
        742.0,
        742.0,
        [
            742.0,
            742.0,
            742.0,
            742.0,
            742.0,
            742.0
        ],
        742.0
    ],
    "unreachable_node_count": [
        0.0,
        0.0,
        0.0,
        [
            0.0,
            0.0,
            0.0,
            0.0,
            0.0,
            0.0
        ],
        0.0
    ],
    "reachable_wire_length": [
        36185.35301721293,
        36185.35301721293,
        36185.35301721293,
        [
            36185.35301721293,
            36185.35301721293,
            36185.35301721293,
            36185.35301721293,
            36185.35301721293,
            36185.35301721293
        ],
        36185.35301721293
    ],
    "unreachable_wire_length": [
        0.0,
        0.0,
        0.0,
        [
            0.0,
            0.0,
            0.0,
            0.0,
            0.0,
            0.0
        ],
        0.0
    ],
    "reachable_jumper_length": [
        69.38006166972245,
        69.38006166972245,
        69.38006166972245,
        [
            69.38006166972245,
            69.38006166972245,
            69.38006166972245,
            69.38006166972245,
            69.38006166972245,
            69.38006166972245
        ],
        69.38006166972245
    ],
    "unreachable_jumper_length": [
        0.0,
        0.0,
        0.0,
        [
            0.0,
            0.0,
            0.0,
            0.0,
            0.0,
            0.0
        ],
        0.0
    ],
    "reachable_jumper_count": [
        13.0,
        13.0,
        13.0,
        [
            13.0,
            13.0,
            13.0,
            13.0,
            13.0,
            13.0
        ],
        13.0
    ],
    "unreachable_jumper_count": [
        0.0,
        0.0,
        0.0,
        [
            0.0,
            0.0,
            0.0,
            0.0,
            0.0,
            0.0
        ],
        0.0
    ],
    "shortest_path": {
        "percent_useful_node_count": [
            0.6752021563342318,
            0.6711590296495957,
            0.6778975741239892,
            [
                0.6454851752021563,
                0.6544474393530997,
                0.6644204851752021,
                0.6859838274932615,
                0.6967654986522911,
                0.6981805929919137
            ],
            0.6744878706199462
        ],
        "percent_useful_wire_length": 53.11998835537119,
        "percent_reachable_sensors": 0.39983,
        "percent_useful_jumper_count": [
            0.7692307692307693,
            0.7692307692307693,
            0.8076923076923077,
            [
                0.6923076923076923,
                0.6923076923076923,
                0.75,
                0.8461538461538461,
                0.8461538461538461,
                0.9230769230769231
            ],
            0.7830769230769232
        ],
        "percent_useful_jumper_length": [
            0.3076923076923077,
            0.3076923076923077,
            0.3076923076923077,
            [
                0.23076923076923078,
                0.23076923076923078,
                0.23076923076923078,
                0.3076923076923077,
                0.38461538461538464,
                0.38461538461538464
            ],
            0.2892307692307692
        ],
        "percent_unreachable_bc_short_jumper": 0.60017,
        "percent_multiroute_reached_nodes": [
            0.3777575633441367,
            0.3735408560311284,
            0.3817097415506958,
            [
                0.35638708662655816,
                0.35810465219711796,
                0.3678778600413176,
                0.38747400170697954,
                0.3945214141994826,
                0.397697029974621
            ],
            0.37758621232086603
        ],
        "path_length_max": [
            1810.468118825727,
            1798.822296544987,
            1810.468118825727
        ],
        "path_length_avg": [
            827.1260614035892,
            822.9776818853611,
            831.743391698752,
            [
                246.41169814719552,
                344.67451197342626,
                566.8995030408672,
                1059.3639340323716,
                1263.26398510552,
                1389.4943637798983
            ],
            817.4800778252367
        ],
        "path_node_count_max": [
            50.0,
            50.0,
            50.0
        ],
        "path_node_count_avg": [
            22.0,
            22.0,
            22.0,
            [
                6.0,
                8.0,
                14.0,
                28.0,
                34.0,
                38.0
            ],
            21.614761273541255
        ],
        "path_jumper_count_max": [
            5.0,
            5.0,
            5.0
        ],
        "path_jumper_count_avg": [
            1.0,
            1.0,
            1.0,
            [
                0.0,
                0.0,
                0.0,
                1.0,
                2.0,
                2.0
            ],
            0.8730710551984594
        ],
        "path_sensor_jumper_length_max": [
            9.999962431580375,
            9.999400636125143,
            9.999962431580375
        ],
        "path_sensor_jumper_length_avg": [
            4.530313197595493,
            4.4891996096236175,
            4.577248225239139,
            [
                0.4219520505363002,
                0.8606805270476993,
                2.172301996907601,
                7.127672932589457,
                8.804681912256239,
                9.397098453019513
            ],
            4.6879338085643365
        ],
        "path_router_node_branches_max": [
            2.0,
            2.0,
            2.0
        ],
        "path_router_node_branches_avg": [
            2.0,
            2.0,
            2.0,
            [
                2.0,
                2.0,
                2.0,
                2.0,
                2.0,
                2.0
            ],
            2.0
        ],
        "graph_max_wire_length": [
            1486.0442757381475,
            1430.555147884708,
            1538.7587069415972,
            [
                1278.7760691694953,
                1293.2451329661076,
                1350.533735683035,
                1635.077122473077,
                1719.1942864637233,
                1770.9811732130956
            ],
            1496.8114044912943
        ],
        "graph_avg_wire_length": [
            790.6936138835847,
            767.9507386603402,
            811.9186077185848,
            [
                687.3001668570256,
                708.0638222675968,
                734.6503937718646,
                911.9384495437893,
                1010.678265852064,
                1122.837668532586
            ],
            830.174673042418
        ],
        "graph_max_node_count": [
            42.0,
            40.0,
            43.0,
            [
                35.0,
                36.0,
                38.0,
                45.25,
                49.0,
                50.0
            ],
            41.98
        ],
        "graph_avg_node_count": [
            21.361306853412117,
            20.65388973804007,
            22.46288798920378,
            [
                18.79559037047873,
                19.233961766644693,
                20.01282051282051,
                24.47895323998479,
                27.57165760869566,
                31.187837837837836
            ],
            22.647677554214468
        ],