{
    "total_wire_length": 49921.646758191644,
    "total_jumper_length": 13182.254972370156,
    "total_jumper_count": 182,
    "center_node_count": 830,
    "edge_node_count": 158,
    "total_node_count": 988,
    "reachable_node_count": [
        988.0,
        988.0,
        988.0,
        [
            988.0,
            988.0,
            988.0,
            988.0,
            988.0,
            988.0
        ],
        988.0
    ],
    "unreachable_node_count": [
        0.0,
        0.0,
        0.0,
        [
            0.0,
            0.0,
            0.0,
            0.0,
            0.0,
            0.0
        ],
        0.0
    ],
    "reachable_wire_length": [
        49921.64675819161,
        49921.64675819161,
        49921.64675819161,
        [
            49921.64675819161,
            49921.64675819161,
            49921.64675819161,
            49921.64675819161,
            49921.64675819161,
            49921.64675819161
        ],
        49921.64675819161
    ],
    "unreachable_wire_length": [
        0.0,
        0.0,
        0.0,
        [
            0.0,
            0.0,
            0.0,
            0.0,
            0.0,
            0.0
        ],
        0.0
    ],
    "reachable_jumper_length": [
        13182.254972370149,
        13182.254972370149,
        13182.254972370149,
        [
            13182.254972370149,
            13182.254972370149,
            13182.254972370149,
            13182.254972370149,
            13182.254972370149,
            13182.254972370149
        ],
        13182.254972370145
    ],
    "unreachable_jumper_length": [
        0.0,
        0.0,
        0.0,
        [
            0.0,
            0.0,
            0.0,
            0.0,
            0.0,
            0.0
        ],
        0.0
    ],
    "reachable_jumper_count": [
        182.0,
        182.0,
        182.0,
        [
            182.0,
            182.0,
            182.0,
            182.0,
            182.0,
            182.0
        ],
        182.0
    ],
    "unreachable_jumper_count": [
        0.0,
        0.0,
        0.0,
        [
            0.0,
            0.0,
            0.0,
            0.0,
            0.0,
            0.0
        ],
        0.0
    ],
    "shortest_path": {
        "percent_useful_node_count": [
            0.8178137651821862,
            0.8147773279352226,
            0.819838056680162,
            [
                0.8015182186234818,
                0.8045546558704454,
                0.8114878542510122,
                0.8248987854251012,
                0.831174089068826,
                0.8360323886639676
            ],
            0.8179251012145748
        ],
        "percent_useful_wire_length": 63.84613112815802,
        "percent_reachable_sensors": 1.0,
        "percent_useful_jumper_count": [
            0.27472527472527475,
            0.2692307692307692,
            0.2802197802197802,
            [
                0.24175824175824176,
                0.24725274725274726,
                0.25824175824175827,
                0.2925824175824176,
                0.3076923076923077,
                0.31868131868131866
            ],
            0.276043956043956
        ],
        "percent_useful_jumper_length": [
            0.02197802197802198,
            0.02197802197802198,
            0.027472527472527472,
            [
                0.016483516483516484,
                0.021428571428571432,
                0.02197802197802198,
                0.027472527472527472,
                0.027472527472527472,
                0.03296703296703297
            ],
            0.024505494505494507
        ],
        "percent_unreachable_bc_short_jumper": 0.0,
        "percent_multiroute_reached_nodes": [
            0.31530320963586994,
            0.31223138997189226,
            0.3179548970374459,
            [
                0.2967417819249716,
                0.30187278778593696,
                0.3076698121740179,
                0.32151666615084645,
                0.32555870462729514,
                0.328047609150228
            ],
            0.3141933137161833
        ],
        "path_length_max": [
            1880.9898528860754,
            1844.1671979083148,
            1880.9898528860754
        ],
        "path_length_avg": [
            867.5507077311083,
            864.5725792052984,
            870.1294035198629,
            [
                283.8687795393221,
                387.9101320938333,
                605.5353540563193,
                1102.2033265431178,
                1295.2585226867843,
                1403.0952671583548
            ],
            854.5948650581875
        ],
        "path_node_count_max": [
            48.0,
            47.0,
            48.0
        ],
        "path_node_count_avg": [
            21.0,
            21.0,
            21.0,
            [
                6.0,
                9.0,
                14.0,
                27.0,
                32.0,
                35.0
            ],
            20.92939
        ],
        "path_jumper_count_max": [
            10.0,
            10.0,
            10.0
        ],
        "path_jumper_count_avg": [
            1.0,
            1.0,
            1.0,
            [
                0.0,
                0.0,
                0.0,
                1.0,
                3.0,
                4.0
            ],
            1.06521
        ],
        "path_sensor_jumper_length_max": [
            87.83489884683715,
            85.93497639134395,
            87.83489884683715
        ],
        "path_sensor_jumper_length_avg": [
            13.739785620635178,
            13.609359133017954,
            13.858923293132447,
            [
                1.105732714590115,
                2.2529647208152235,
                5.976684702334337,
                27.229253753042926,
                44.782524859543834,
                54.21714098194768
            ],
            18.85174130183436
        ],
        "path_router_node_branches_max": [
            5.0,
            4.0,
            5.0
        ],
        "path_router_node_branches_avg": [
            2.0,
            2.0,
            2.0,
            [
                2.0,
                2.0,
                2.0,
                2.0,
                2.0,
                3.0
            ],
            2.1141732283464565
        ],
        "graph_max_wire_length": [
            1560.4780214812956,
            1541.8778669774515,
            1586.9207609638643,
            [
                1290.6196535746305,
                1330.7364881541307,
                1433.0534013482632,
                1634.65514435159,
                1696.9254462802394,
                1773.9140871364768
            ],
            1539.0119327158436
        ],
        "graph_avg_wire_length": [
            826.1330136850195,
            797.7597193770861,
            860.7649873338142,
            [
                738.0387018421129,
                742.3953173741749,
                771.6228919647144,
                906.6689858962499,
                961.2060360152509,
                999.5485619120498
            ],
            844.6061692994923
        ],
        "graph_max_node_count": [
            41.0,
            41.0,
            42.0,
            [
                34.0,
                35.0,
                38.0,
                43.0,
                45.0,
                46.05
            ],
            40.74
        ],
        "graph_avg_node_count": [
            20.902553623545508,
            20.52649996327326,
            21.83854632876465,
            [
                19.307753766851704,
                19.398481781376518,
                19.637145748987855,
                23.143816989281714,
                24.69692244760966,
                25.315080971659917
            ],
            21.599988283324432
        ],