{
    "total_wire_length": 9255.949243245053,
    "total_jumper_length": 22.52006574098111,
    "total_jumper_count": 5,
    "center_node_count": 78,
    "edge_node_count": 66,
    "total_node_count": 144,
    "reachable_node_count": [
        28.0,
        28.0,
        64.0,
        [
            20.0,
            20.0,
            24.0,
            64.0,
            64.0,
            64.0
        ],
        43.36
    ],
    "unreachable_node_count": [
        116.0,
        80.0,
        116.0,
        [
            80.0,
            80.0,
            80.0,
            120.0,
            124.0,
            124.0
        ],
        100.64
    ],
    "reachable_wire_length": [
        1596.3906001483476,
        1596.3906001483476,
        4761.147276585047,
        [
            847.834110530594,
            847.834110530594,
            1525.483316556596,
            4761.147276585047,
            4761.147276585047,
            4761.147276585047
        ],
        3011.2921987766604
    ],
    "unreachable_wire_length": [
        7659.558643096704,
        4494.801966660004,
        7659.558643096704,
        [
            4494.801966660004,
            4494.801966660004,
            4494.801966660004,
            7730.465926688455,
            8408.115132714458,
            8408.115132714458
        ],
        6244.65704446839
    ],
    "reachable_jumper_length": [
        4.794634063474159,
        4.794634063474159,
        4.794634063474159,
        [
            3.406315915151892,
            3.406315915151892,
            4.794634063474159,
            6.757311901635184,
            7.561803860719872,
            7.561803860719872
        ],
        5.277371520220417
    ],
    "unreachable_jumper_length": [
        17.725431677506947,
        17.725431677506947,
        17.725431677506947,
        [
            14.958261880261235,
            14.958261880261235,
            15.762753839345923,
            17.725431677506947,
            19.113749825829217,
            19.113749825829217
        ],
        17.242694220760693
    ],
    "reachable_jumper_count": [
        1.0,
        1.0,
        1.0,
        [
            1.0,
            1.0,
            1.0,
            1.0,
            2.0,
            2.0
        ],
        1.11
    ],
    "unreachable_jumper_count": [
        4.0,
        4.0,
        4.0,
        [
            3.0,
            3.0,
            4.0,
            4.0,
            4.0,
            4.0
        ],
        3.89
    ],
    "shortest_path": {
        "percent_useful_node_count": [
            0.125,
            0.10416666666666667,
            0.25008680555555546,
            [
                0.04861111111111111,
                0.0625,
                0.09027777777777778,
                0.2638888888888889,
                0.2708333333333333,
                0.27118055555555554
            ],
            0.17249999999999996
        ],
        "percent_useful_wire_length": 20.179929275671807,
        "percent_reachable_sensors": 0.0695,
        "percent_useful_jumper_count": [
            0.2,
            0.2,
            0.2,
            [
                0.0,
                0.0,
                0.2,
                0.2,
                0.2,
                0.2
            ],
            0.18199999999999997
        ],
        "percent_useful_jumper_length": [
            0.2,
            0.2,
            0.2,
            [
                0.0,
                0.0,
                0.0,
                0.2,
                0.2,
                0.2
            ],
            0.11999999999999997
        ],
        "percent_unreachable_bc_short_jumper": 0.78762,
        "percent_multiroute_reached_nodes": [
            0.5833333333333334,
            0.5625,
            0.6,
            [
                0.5,
                0.5128205128205128,
                0.5400207900207901,
                0.6428571428571429,
                0.7142857142857143,
                0.7777777777777778
            ],
            0.6002070336215073
        ],
        "path_length_max": [
            1492.271946599665,
            1417.010755635108,
            1492.271946599665
        ],
        "path_length_avg": [
            444.9882153196427,
            434.8878345427782,
            455.11718966459955,
            [
                107.23177171776501,
                151.38339722681485,
                257.6317199970812,
                709.3880305853756,
                935.9862265677081,
                1074.3988972951456
            ],
            502.2659874596459
        ],
        "path_node_count_max": [
            18.0,
            18.0,
            18.0
        ],
        "path_node_count_avg": [
            5.0,
            5.0,
            6.0,
            [
                1.0,
                2.0,
                3.0,
                9.0,
                12.0,
                14.0
            ],
            6.24273381294964
        ],
        "path_jumper_count_max": [
            1.0,
            1.0,
            1.0
        ],
        "path_jumper_count_avg": [
            0.0,
            0.0,
            0.0,
            [
                0.0,
                0.0,
                0.0,
                1.0,
                1.0,
                1.0
            ],
            0.43107913669064746
        ],
        "path_sensor_jumper_length_max": [
            9.999826610616912,
            9.996910375900516,
            9.999826610616912
        ],
        "path_sensor_jumper_length_avg": [
            4.673830204205615,
            4.556695856934314,
            4.777178962906353,
            [
                0.4358484659248258,
                0.8529099984733822,
                2.2638728101200822,
                7.237663568174724,
                8.919558548567718,
                9.453571173752168
            ],
            4.798523637672917
        ],
        "path_router_node_branches_max": [
            2.0,
            2.0,
            2.0
        ],
        "path_router_node_branches_avg": [
            2.0,
            2.0,
            2.0,
            [
                2.0,
                2.0,
                2.0,
                2.0,
                2.0,
                2.0
            ],
            2.0
        ],
        "graph_max_wire_length": [
            780.0481696878308,
            661.3106023035309,
            953.2750975792661,
            [
                323.8733007121471,
                428.4451282093434,
                524.9896211201648,
                1076.3833237304536,
                1281.2286048501637,
                1319.3592907660525
            ],
            814.6528267813496
        ],
        "graph_avg_wire_length": [
            457.5072427149513,
            358.81939718662653,
            496.4919391900827,
            [
                176.14598354654507,
                247.97883280344942,
                297.81791405843194,
                565.9492408073776,
                657.8040472815453,
                696.4217279171925
            ],
            440.40270311297166
        ],
        "graph_max_node_count": [
            11.0,
            10.0,
            13.0,
            [
                6.0,
                7.0,
                8.0,
                15.0,
                18.0,
                18.0
            ],
            11.7
        ],
        "graph_avg_node_count": [
            5.971867007672634,
            5.179146825396826,
            6.9375,
            [
                3.65,
                3.925925925925926,
                4.5,
                7.9609375,
                9.240625000000001,
                9.53515625
            ],
            6.214517726051772
        ],