{
    "total_wire_length": 10579.61676773097,
    "total_jumper_length": 612.7649965894503,
    "total_jumper_count": 17,
    "center_node_count": 89,
    "edge_node_count": 65,
    "total_node_count": 154,
    "reachable_node_count": [
        144.0,
        144.0,
        144.0,
        [
            144.0,
            144.0,
            144.0,
            144.0,
            144.0,
            144.0
        ],
        142.66
    ],
    "unreachable_node_count": [
        10.0,
        10.0,
        10.0,
        [
            10.0,
            10.0,
            10.0,
            10.0,
            10.0,
            10.0
        ],
        11.34
    ],
    "reachable_wire_length": [
        10066.7719046306,
        10066.7719046306,
        10066.7719046306,
        [
            10066.7719046306,
            10066.7719046306,
            10066.7719046306,
            10066.7719046306,
            10066.7719046306,
            10066.7719046306
        ],
        9971.232634215297
    ],
    "unreachable_wire_length": [
        512.8448631003703,
        512.8448631003703,
        512.8448631003703,
        [
            512.8448631003703,
            512.8448631003703,
            512.8448631003703,
            512.8448631003703,
            512.8448631003703,
            512.8448631003703
        ],
        608.3841335156726
    ],
    "reachable_jumper_length": [
        612.7649965894503,
        612.7649965894503,
        612.7649965894503,
        [
            612.7649965894503,
            612.7649965894503,
            612.7649965894503,
            612.7649965894503,
            612.7649965894503,
            612.7649965894503
        ],
        606.637346623556
    ],
    "unreachable_jumper_length": [
        0.0,
        0.0,
        0.0,
        [
            0.0,
            0.0,
            0.0,
            0.0,
            0.0,
            0.0
        ],
        6.127649965894503
    ],
    "reachable_jumper_count": [
        17.0,
        17.0,
        17.0,
        [
            17.0,
            17.0,
            17.0,
            17.0,
            17.0,
            17.0
        ],
        16.83
    ],
    "unreachable_jumper_count": [
        0.0,
        0.0,
        0.0,
        [
            0.0,
            0.0,
            0.0,
            0.0,
            0.0,
            0.0
        ],
        0.17
    ],
    "shortest_path": {
        "percent_useful_node_count": [
            0.7077922077922078,
            0.7012987012987013,
            0.7077922077922078,
            [
                0.6818181818181818,
                0.6883116883116883,
                0.6948051948051948,
                0.7207792207792207,
                0.7272727272727273,
                0.7337662337662337
            ],
            0.7016883116883118
        ],
        "percent_useful_wire_length": 66.73309532146023,
        "percent_reachable_sensors": 0.78485,
        "percent_useful_jumper_count": [
            0.7058823529411765,
            0.7058823529411765,
            0.7647058823529411,
            [
                0.5882352941176471,
                0.6411764705882353,
                0.6911764705882353,
                0.7647058823529411,
                0.7647058823529411,
                0.7647058823529411
            ],
            0.7035294117647058
        ],
        "percent_useful_jumper_length": [
            0.29411764705882354,
            0.29411764705882354,
            0.29411764705882354,
            [
                0.29411764705882354,
                0.29411764705882354,
                0.29411764705882354,
                0.3088235294117647,
                0.35294117647058826,
                0.3558823529411763
            ],
            0.3088235294117646
        ],
        "percent_unreachable_bc_short_jumper": 0.17047,
        "percent_multiroute_reached_nodes": [
            0.43440675188462796,
            0.42727272727272725,
            0.44036697247706424,
            [
                0.407391019337922,
                0.4107142857142857,
                0.41964285714285715,
                0.44954128440366975,
                0.4673497384892395,
                0.4811320754716981
            ],
            0.4374001533482261
        ],
        "path_length_max": [
            2164.01902105916,
            2136.688279591024,
            2164.01902105916
        ],
        "path_length_avg": [
            781.1262651799054,
            777.9704522238967,
            784.9714898381711,
            [
                212.23130467650674,
                300.7087790086906,
                513.142367680159,
                1089.3604977305122,
                1399.075209773298,
                1560.742696082983
            ],
            819.0100975707556
        ],
        "path_node_count_max": [
            32.0,
            32.0,
            32.0
        ],
        "path_node_count_avg": [
            11.0,
            11.0,
            12.0,
            [
                2.0,
                3.0,
                7.0,
                16.0,
                22.0,
                24.0
            ],
            11.963916671975536
        ],
        "path_jumper_count_max": [
            5.0,
            5.0,
            5.0
        ],
        "path_jumper_count_avg": [
            1.0,
            1.0,
            1.0,
            [
                0.0,
                0.0,
                1.0,
                2.0,
                3.0,
                4.0
            ],
            1.3961776135567305
        ],
        "path_sensor_jumper_length_max": [
            79.99709892106212,
            79.98991514190917,
            79.99709892106212
        ],
        "path_sensor_jumper_length_avg": [
            23.36080411832787,
            23.15022549128577,
            23.591288725484077,
            [
                1.9627444538976304,
                3.949674288910787,
                10.400628698064411,
                42.50361898549204,
                60.901102028648545,
                69.41072901984303
            ],
            28.048922093675092
        ],
        "path_router_node_branches_max": [
            2.0,
            2.0,
            2.0
        ],
        "path_router_node_branches_avg": [
            2.0,
            2.0,
            2.0,
            [
                2.0,
                2.0,
                2.0,
                2.0,
                2.0,
                2.0
            ],
            2.0
        ],
        "graph_max_wire_length": [
            1635.5903920914466,
            1575.3894253852511,
            1694.4578652032721,
            [
                1174.0401747646758,
                1234.243151131075,
                1433.1864593904722,
                1824.7584318368722,
                1910.0279098199958,
                1939.7483414253338
            ],
            1603.4998002327643
        ],
        "graph_avg_wire_length": [
            751.120202614245,
            696.8066886118706,
            797.5316193037254,
            [
                534.6948455827751,
                568.9656361062135,
                630.7406138693882,
                903.0008992875472,
                1041.1759384487123,
                1133.3957978101314
            ],
            775.8473770166437
        ],
        "graph_max_node_count": [
            26.0,
            24.0,
            27.0,
            [
                17.0,
                19.0,
                22.0,
                28.0,
                30.10000000000001,
                31.049999999999997
            ],
            25.04
        ],