{
    "total_wire_length": 54444.641022074946,
    "total_jumper_length": 363.86273844579756,
    "total_jumper_count": 69,
    "center_node_count": 1811,
    "edge_node_count": 331,
    "total_node_count": 2142,
    "reachable_node_count": [
        2142.0,
        2142.0,
        2142.0,
        [
            2142.0,
            2142.0,
            2142.0,
            2142.0,
            2142.0,
            2142.0
        ],
        2142.0
    ],
    "unreachable_node_count": [
        0.0,
        0.0,
        0.0,
        [
            0.0,
            0.0,
            0.0,
            0.0,
            0.0,
            0.0
        ],
        0.0
    ],
    "reachable_wire_length": [
        54444.64102207494,
        54444.64102207494,
        54444.64102207494,
        [
            54444.64102207494,
            54444.64102207494,
            54444.64102207494,
            54444.64102207494,
            54444.64102207494,
            54444.64102207494
        ],
        54444.64102207496
    ],
    "unreachable_wire_length": [
        0.0,
        0.0,
        0.0,
        [
            0.0,
            0.0,
            0.0,
            0.0,
            0.0,
            0.0
        ],
        0.0
    ],
    "reachable_jumper_length": [
        363.86273844579756,
        363.86273844579756,
        363.86273844579756,
        [
            363.86273844579756,
            363.86273844579756,
            363.86273844579756,
            363.86273844579756,
            363.86273844579756,
            363.86273844579756
        ],
        363.8627384457975
    ],
    "unreachable_jumper_length": [
        0.0,
        0.0,
        0.0,
        [
            0.0,
            0.0,
            0.0,
            0.0,
            0.0,
            0.0
        ],
        0.0
    ],
    "reachable_jumper_count": [
        69.0,
        69.0,
        69.0,
        [
            69.0,
            69.0,
            69.0,
            69.0,
            69.0,
            69.0
        ],
        69.0
    ],
    "unreachable_jumper_count": [
        0.0,
        0.0,
        0.0,
        [
            0.0,
            0.0,
            0.0,
            0.0,
            0.0,
            0.0
        ],
        0.0
    ],
    "shortest_path": {
        "percent_useful_node_count": [
            0.6531279178338002,
            0.6489262371615313,
            0.6557014472455649,
            [
                0.6283146591970121,
                0.6320728291316526,
                0.6413398692810458,
                0.6644491129785247,
                0.6718020541549953,
                0.6746265172735761
            ],
            0.6518767507002802
        ],
        "percent_useful_wire_length": 48.971696221810156,
        "percent_reachable_sensors": 0.63984,
        "percent_useful_jumper_count": [
            0.5507246376811594,
            0.5362318840579711,
            0.5507246376811594,
            [
                0.43478260869565216,
                0.4782608695652174,
                0.5217391304347826,
                0.5797101449275363,
                0.5942028985507246,
                0.6086956521739131
            ],
            0.5394202898550724
        ],
        "percent_useful_jumper_length": [
            0.11594202898550725,
            0.10144927536231885,
            0.11594202898550725,
            [
                0.08695652173913043,
                0.08695652173913043,
                0.08695652173913043,
                0.11956521739130435,
                0.14492753623188406,
                0.15942028985507245
            ],
            0.11130434782608697
        ],
        "percent_unreachable_bc_short_jumper": 0.36016,
        "percent_multiroute_reached_nodes": [
            0.33490715905984236,
            0.3321629213483146,
            0.3383317596318339,
            [
                0.31457854829210835,
                0.3165827228327228,
                0.3237224614162405,
                0.3441306381209728,
                0.34876100945842387,
                0.35256523287160274
            ],
            0.3342443543690845
        ],
        "path_length_max": [
            1964.7445547778989,
            1940.9350326959407,
            1964.7445547778989
        ],
        "path_length_avg": [
            669.1821820603336,
            666.2411321322454,
            671.906837578628,
            [
                201.44610936430863,
                284.43573520869717,
                460.5272805016633,
                890.8566796629666,
                1102.5802325342793,
                1222.8034215318664
            ],
            686.0319403739959
        ],
        "path_node_count_max": [
            104.0,
            101.0,
            104.0
        ],
        "path_node_count_avg": [
            35.0,
            35.0,
            35.0,
            [
                10.0,
                14.0,
                24.0,
                47.0,
                58.0,
                64.0
            ],
            35.79665228807202
        ],
        "path_jumper_count_max": [
            5.0,
            5.0,
            5.0
        ],
        "path_jumper_count_avg": [
            1.0,
            1.0,
            1.0,
            [
                0.0,
                0.0,
                1.0,
                2.0,
                2.0,
                3.0
            ],
            1.1822018004501125
        ],
        "path_sensor_jumper_length_max": [
            9.999780320575637,
            9.998623435054627,
            9.999780320575637
        ],
        "path_sensor_jumper_length_avg": [
            3.938139234624394,
            3.9036141033003426,
            3.972861745578925,
            [
                0.3471984526166769,
                0.6975310639036753,
                1.8320336100321881,
                6.493362972372722,
                8.382800167034498,
                9.14590405787851
            ],
            4.257133874162496
        ],
        "path_router_node_branches_max": [
            2.0,
            2.0,
            2.0
        ],
        "path_router_node_branches_avg": [
            2.0,
            2.0,
            2.0,
            [
                2.0,
                2.0,
                2.0,
                2.0,
                2.0,
                2.0
            ],
            2.0
        ],
        "graph_max_wire_length": [
            1350.4219669165104,
            1300.1641987493504,
            1419.0449563429115,
            [
                1109.3422287054625,
                1142.6482665015867,
                1236.1436865217577,
                1512.620410321494,
                1678.8748411357851,
                1827.8319843656875
            ],
            1395.98469025072
        ],
        "graph_avg_wire_length": [
            663.7359052925676,
            613.7431403820149,
            704.0033942424025,
            [
                529.761393690296,
                537.1429419174372,
                579.9865112547894,
                762.2709213502524,
                865.9433634898222,
                977.8491440029483
            ],
            687.0776467947306
        ],
        "graph_max_node_count": [
            73.0,
            70.0,
            75.0,
            [
                59.0,
                61.0,
                66.0,
                81.0,
                89.40000000000003,
                96.24999999999999
            ],
            74.47
        ],
        "graph_avg_node_count": [
            35.39539361483415,
            33.03380281690141,
            37.19997893162141,
            [
                28.245396741231705,
                28.754051845138175,
                30.960522845148322,
                40.332116639651616,
                45.683559591717305,
                52.25351189148259
            ],
            36.623741531790394
        ],