{
    "total_wire_length": 26066.211514359045,
    "total_jumper_length": 3014.412169002605,
    "total_jumper_count": 157,
    "center_node_count": 871,
    "edge_node_count": 183,
    "total_node_count": 1054,
    "reachable_node_count": [
        1054.0,
        1054.0,
        1054.0,
        [
            1054.0,
            1054.0,
            1054.0,
            1054.0,
            1054.0,
            1054.0
        ],
        1054.0
    ],
    "unreachable_node_count": [
        0.0,
        0.0,
        0.0,
        [
            0.0,
            0.0,
            0.0,
            0.0,
            0.0,
            0.0
        ],
        0.0
    ],
    "reachable_wire_length": [
        26066.211514359056,
        26066.211514359056,
        26066.211514359056,
        [
            26066.211514359056,
            26066.211514359056,
            26066.211514359056,
            26066.211514359056,
            26066.211514359056,
            26066.211514359056
        ],
        26066.211514359045
    ],
    "unreachable_wire_length": [
        0.0,
        0.0,
        0.0,
        [
            0.0,
            0.0,
            0.0,
            0.0,
            0.0,
            0.0
        ],
        0.0
    ],
    "reachable_jumper_length": [
        3014.412169002604,
        3014.412169002604,
        3014.412169002604,
        [
            3014.412169002604,
            3014.412169002604,
            3014.412169002604,
            3014.412169002604,
            3014.412169002604,
            3014.412169002604
        ],
        3014.412169002603
    ],
    "unreachable_jumper_length": [
        0.0,
        0.0,
        0.0,
        [
            0.0,
            0.0,
            0.0,
            0.0,
            0.0,
            0.0
        ],
        0.0
    ],
    "reachable_jumper_count": [
        157.0,
        157.0,
        157.0,
        [
            157.0,
            157.0,
            157.0,
            157.0,
            157.0,
            157.0
        ],
        157.0
    ],
    "unreachable_jumper_count": [
        0.0,
        0.0,
        0.0,
        [
            0.0,
            0.0,
            0.0,
            0.0,
            0.0,
            0.0
        ],
        0.0
    ],
    "shortest_path": {
        "percent_useful_node_count": [
            0.8149905123339658,
            0.8121442125237192,
            0.8173624288425048,
            [
                0.7988140417457306,
                0.8034155597722961,
                0.8083491461100569,
                0.8235294117647058,
                0.8292220113851992,
                0.8330170777988615
            ],
            0.8155502846299811
        ],
        "percent_useful_wire_length": 62.39708983082571,
        "percent_reachable_sensors": 0.99995,
        "percent_useful_jumper_count": [
            0.3885350318471338,
            0.36942675159235666,
            0.39490445859872614,
            [
                0.32452229299363056,
                0.3375796178343949,
                0.3630573248407643,
                0.40764331210191085,
                0.4267515923566879,
                0.43312101910828027
            ],
            0.3817197452229299
        ],
        "percent_useful_jumper_length": [
            0.025477707006369428,
            0.025477707006369428,
            0.03184713375796178,
            [
                0.01910828025477707,
                0.01910828025477707,
                0.025477707006369428,
                0.03184713375796178,
                0.03821656050955414,
                0.03821656050955414
            ],
            0.027770700636942678
        ],
        "percent_unreachable_bc_short_jumper": 5e-05,
        "percent_multiroute_reached_nodes": [
            0.30297698579336296,
            0.3013382462827996,
            0.30594261384023635,
            [
                0.2895025192739635,
                0.29244731325168266,
                0.29758798584663587,
                0.3084270552827499,
                0.31375092353483397,
                0.3157648439657553
            ],
            0.3030838361934469
        ],
        "path_length_max": [
            1418.5137278853076,
            1406.3599329284716,
            1418.5137278853076
        ],
        "path_length_avg": [
            463.6849820888889,
            462.1957743396478,
            465.47340361523345,
            [
                141.07819588282638,
                196.2235990478327,
                315.56376178711434,
                624.5411152104311,
                798.5964818859892,
                900.6679272392571
            ],
            483.4286036655767
        ],
        "path_node_count_max": [
            75.0,
            74.0,
            75.0
        ],
        "path_node_count_avg": [
            24.0,
            24.0,
            24.0,
            [
                7.0,
                9.0,
                16.0,
                33.0,
                42.0,
                48.0
            ],
            25.111685584279215
        ],
        "path_jumper_count_max": [
            17.0,
            16.0,
            17.0
        ],
        "path_jumper_count_avg": [
            1.0,
            1.0,
            1.0,
            [
                0.0,
                0.0,
                1.0,
                2.0,
                5.0,
                7.0
            ],
            1.9032351617580878
        ],
        "path_sensor_jumper_length_max": [
            39.7745377479039,
            39.172770578829784,
            39.7745377479039
        ],
        "path_sensor_jumper_length_avg": [
            6.814859192365922,
            6.758103261314154,
            6.877629183429822,
            [
                0.5393906383836288,
                1.103273698123044,
                2.95814294460813,
                13.505777889970808,
                22.024937449938747,
                26.662475117295
            ],
            9.307415672099465
        ],
        "path_router_node_branches_max": [
            3.0,
            3.0,
            3.0
        ],
        "path_router_node_branches_avg": [
            2.0,
            2.0,
            2.0,
            [
                2.0,
                2.0,
                2.0,
                2.0,
                2.0,
                2.8499999999999943
            ],
            2.053030303030303
        ],
        "graph_max_wire_length": [
            1020.5798929426785,
            989.7254893055327,
            1051.6769789091766,
            [
                834.5689550625841,
                863.2993430804871,
                923.371298227207,
                1117.9012702709654,
                1254.2082346874038,
                1345.6711832736135
            ],
            1041.296459863672
        ],
        "graph_avg_wire_length": [
            453.2668375306762,
            437.1629082975776,
            466.6873814599001,
            [
                390.0124180394457,
                393.71701833792184,
                409.0276913412792,
                529.2580849793386,
                591.7057109513876,
                656.9795985034647
            ],
            478.3700109727077
        ],
        "graph_max_node_count": [
            54.5,
            52.5,
            56.0,
            [
                44.95,
                47.0,
                49.0,
                59.5,
                66.10000000000001,
                73.0
            ],
            55.6
        ],
        "graph_avg_node_count": [
            24.754960159362547,
            23.79307970375114,
            25.367016205910392,
            [
                20.856647673314338,
                21.127548009529274,
                21.927965480334876,
                28.476112767269736,
                31.901108182004904,
                35.58367107493083
            ],
            25.850742133919148
        ],