{
    "total_wire_length": 3496.9463867869285,
    "total_jumper_length": 172.11740673778627,
    "total_jumper_count": 5,
    "center_node_count": 16,
    "edge_node_count": 24,
    "total_node_count": 40,
    "reachable_node_count": [
        32.0,
        32.0,
        32.0,
        [
            8.0,
            8.0,
            32.0,
            32.0,
            32.0,
            32.0
        ],
        28.16
    ],
    "unreachable_node_count": [
        8.0,
        8.0,
        8.0,
        [
            8.0,
            8.0,
            8.0,
            8.0,
            32.0,
            32.0
        ],
        11.84
    ],
    "reachable_wire_length": [
        2934.606625078799,
        2934.606625078799,
        2934.606625078799,
        [
            562.339761708129,
            562.339761708129,
            2934.606625078799,
            2934.606625078799,
            2934.606625078799,
            2934.606625078799
        ],
        2555.0439269394915
    ],
    "unreachable_wire_length": [
        562.339761708129,
        562.339761708129,
        562.339761708129,
        [
            562.339761708129,
            562.339761708129,
            562.339761708129,
            562.339761708129,
            2934.606625078799,
            2934.606625078799
        ],
        941.9024598474364
    ],
    "reachable_jumper_length": [
        133.75236957317117,
        133.75236957317117,
        133.75236957317117,
        [
            38.36503716461509,
            38.36503716461509,
            133.75236957317117,
            133.75236957317117,
            133.75236957317117,
            133.75236957317117
        ],
        118.49039638780215
    ],
    "unreachable_jumper_length": [
        38.36503716461509,
        38.36503716461509,
        38.36503716461509,
        [
            38.36503716461509,
            38.36503716461509,
            38.36503716461509,
            38.36503716461509,
            133.75236957317117,
            133.75236957317117
        ],
        53.62701034998407
    ],
    "reachable_jumper_count": [
        4.0,
        4.0,
        4.0,
        [
            1.0,
            1.0,
            4.0,
            4.0,
            4.0,
            4.0
        ],
        3.52
    ],
    "unreachable_jumper_count": [
        1.0,
        1.0,
        1.0,
        [
            1.0,
            1.0,
            1.0,
            1.0,
            4.0,
            4.0
        ],
        1.48
    ],
    "shortest_path": {
        "percent_useful_node_count": [
            0.525,
            0.5121875,
            0.55,
            [
                0.15,
                0.15,
                0.475,
                0.575,
                0.6,
                0.6
            ],
            0.47700000000000004
        ],
        "percent_useful_wire_length": 57.756968480628686,
        "percent_reachable_sensors": 0.50758,
        "percent_useful_jumper_count": [
            0.8,
            0.4,
            0.8,
            [
                0.2,
                0.2,
                0.4,
                0.8,
                0.8,
                0.8
            ],
            0.594
        ],
        "percent_useful_jumper_length": [
            0.4,
            0.4,
            0.4,
            [
                0.0,
                0.0,
                0.4,
                0.6,
                0.6,
                0.6
            ],
            0.40399999999999997
        ],
        "percent_unreachable_bc_short_jumper": 0.30827,
        "percent_multiroute_reached_nodes": [
            0.45454545454545453,
            0.45454545454545453,
            0.4772256728778468,
            [
                0.3333333333333333,
                0.39333333333333337,
                0.43478260869565216,
                0.631578947368421,
                0.6842105263157895,
                0.7066993464052288
            ],
            0.5025035509897738
        ],
        "path_length_max": [
            1376.7652823502697,
            1364.1874353179187,
            1376.7652823502697
        ],
        "path_length_avg": [
            551.2692322658352,
            548.2839455287672,
            554.2358897846774,
            [
                186.57926907517617,
                238.2408461546037,
                369.8683596107406,
                728.1249186323262,
                882.7661837428111,
                974.6329508734018
            ],
            557.4649512789878
        ],
        "path_node_count_max": [
            13.0,
            12.0,
            13.0
        ],
        "path_node_count_avg": [
            5.0,
            5.0,
            5.0,
            [
                1.0,
                1.0,
                2.0,
                6.0,
                8.0,
                9.0
            ],
            4.539008629181607
        ],
        "path_jumper_count_max": [
            2.0,
            2.0,
            2.0
        ],
        "path_jumper_count_avg": [
            1.0,
            1.0,
            1.0,
            [
                0.0,
                0.0,
                0.0,
                1.0,
                2.0,
                2.0
            ],
            0.8179006265022263
        ],
        "path_sensor_jumper_length_max": [
            79.99879725077118,
            79.99223052259049,
            79.99879725077118
        ],
        "path_sensor_jumper_length_avg": [
            31.7318113414791,
            31.407783653254448,
            32.05274020585634,
            [
                2.8173075276081083,
                5.7146279178002635,
                14.775412459489612,
                52.29980546450252,
                67.31014917960694,
                73.32983971180495
            ],
            34.243119801755235
        ],
        "path_router_node_branches_max": [
            2.0,
            2.0,
            2.0
        ],
        "path_router_node_branches_avg": [
            2.0,
            2.0,
            2.0,
            [
                2.0,
                2.0,
                2.0,
                2.0,
                2.0,
                2.0
            ],
            2.0
        ],
        "graph_max_wire_length": [
            964.801640865917,
            892.5681931348147,
            1020.6767851569598,
            [
                377.16535136570565,
                489.0110711266819,
                779.6944728906575,
                1055.2362176788265,
                1151.6420853839868,
                1218.0801792869859
            ],
            891.5659285138318
        ],
        "graph_avg_wire_length": [
            535.8351473702237,
            495.69821770729664,
            559.7280674996606,
            [
                211.08293763964548,
                275.70880335054477,
                425.21090147928726,
                604.5798797582399,
                691.1938902506889,
                738.179456358835
            ],
            508.71596103554907
        ],
        "graph_max_node_count": [
            9.0,
            9.0,
            10.0,
            [
                5.0,
                5.9,
                8.0,
                11.0,
                12.0,
                12.049999999999997
            ],
            9.12
        ],
        "graph_avg_node_count": [
            5.15625,
            4.71875,
            5.21875,
            [
                2.2857142857142856,
                2.6714285714285717,
                4.6171875,
                5.6328125,
                7.0,
                7.003125
            ],
            5.017470238095238
        ],
        "graph_max_jumper_count": [
            1.0,
            1.0,
            2.0,
            [
                1.0,
                1.0,
                1.0,
                2.0,
                2.0,
                2.0
            ],
            1.49
        ],