{
    "total_wire_length": 31723.458372908477,
    "total_jumper_length": 887.7461605994894,
    "total_jumper_count": 90,
    "center_node_count": 1057,
    "edge_node_count": 193,
    "total_node_count": 1250,
    "reachable_node_count": [
        1250.0,
        1250.0,
        1250.0,
        [
            1250.0,
            1250.0,
            1250.0,
            1250.0,
            1250.0,
            1250.0
        ],
        1250.0
    ],
    "unreachable_node_count": [
        0.0,
        0.0,
        0.0,
        [
            0.0,
            0.0,
            0.0,
            0.0,
            0.0,
            0.0
        ],
        0.0
    ],
    "reachable_wire_length": [
        31723.458372908484,
        31723.458372908484,
        31723.458372908484,
        [
            31723.458372908484,
            31723.458372908484,
            31723.458372908484,
            31723.458372908484,
            31723.458372908484,
            31723.458372908484
        ],
        31723.45837290848
    ],
    "unreachable_wire_length": [
        0.0,
        0.0,
        0.0,
        [
            0.0,
            0.0,
            0.0,
            0.0,
            0.0,
            0.0
        ],
        0.0
    ],
    "reachable_jumper_length": [
        887.7461605994896,
        887.7461605994896,
        887.7461605994896,
        [
            887.7461605994896,
            887.7461605994896,
            887.7461605994896,
            887.7461605994896,
            887.7461605994896,
            887.7461605994896
        ],
        887.7461605994898
    ],
    "unreachable_jumper_length": [
        0.0,
        0.0,
        0.0,
        [
            0.0,
            0.0,
            0.0,
            0.0,
            0.0,
            0.0
        ],
        0.0
    ],
    "reachable_jumper_count": [
        90.0,
        90.0,
        90.0,
        [
            90.0,
            90.0,
            90.0,
            90.0,
            90.0,
            90.0
        ],
        90.0
    ],
    "unreachable_jumper_count": [
        0.0,
        0.0,
        0.0,
        [
            0.0,
            0.0,
            0.0,
            0.0,
            0.0,
            0.0
        ],
        0.0
    ],
    "shortest_path": {
        "percent_useful_node_count": [
            0.7776,
            0.7736,
            0.77921,
            [
                0.75916,
                0.76312,
                0.7688,
                0.7842,
                0.79144,
                0.79608
            ],
            0.7768240000000002
        ],
        "percent_useful_wire_length": 57.78845540868897,
        "percent_reachable_sensors": 0.86892,
        "percent_useful_jumper_count": [
            0.4777777777777778,
            0.4666666666666667,
            0.48333333333333334,
            [
                0.38833333333333336,
                0.41,
                0.44166666666666665,
                0.5,
                0.5233333333333334,
                0.5555555555555556
            ],
            0.4696666666666666
        ],
        "percent_useful_jumper_length": [
            0.044444444444444446,
            0.044444444444444446,
            0.044444444444444446,
            [
                0.03333333333333333,
                0.03333333333333333,
                0.03333333333333333,
                0.05555555555555555,
                0.05555555555555555,
                0.06666666666666667
            ],
            0.04588888888888889
        ],
        "percent_unreachable_bc_short_jumper": 0.13108,
        "percent_multiroute_reached_nodes": [
            0.3091193152258621,
            0.305869647449823,
            0.31153824424288384,
            [
                0.28888500778799764,
                0.29339913237672305,
                0.2999496981891348,
                0.3161471169262793,
                0.3223492808005003,
                0.3323324444733505
            ],
            0.30865718872050396
        ],
        "path_length_max": [
            1671.7335379793333,
            1642.8424667568056,
            1671.7335379793333
        ],
        "path_length_avg": [
            519.002734468872,
            517.038254786065,
            521.1692442194294,
            [
                152.7644750918153,
                214.0348193512765,
                350.58084811295623,
                703.5499343457228,
                911.3971777889745,
                1034.0942958480498
            ],
            544.6248637707273
        ],
        "path_node_count_max": [
            90.0,
            88.0,
            90.0
        ],
        "path_node_count_avg": [
            27.0,
            27.0,
            27.0,
            [
                7.0,
                11.0,
                18.0,
                37.0,
                48.0,
                54.0
            ],
            28.392728904847395
        ],
        "path_jumper_count_max": [
            11.0,
            11.0,
            11.0
        ],
        "path_jumper_count_avg": [
            1.0,
            1.0,
            1.0,
            [
                0.0,
                0.0,
                1.0,
                2.0,
                2.0,
                3.0
            ],
            1.2083390876030013
        ],
        "path_sensor_jumper_length_max": [
            19.999886165519158,
            19.99878881303634,
            19.999886165519158
        ],
        "path_sensor_jumper_length_avg": [
            5.732414769917728,
            5.683854426794257,
            5.786524384953764,
            [
                0.48025613886752067,
                0.968851752807342,
                2.547967697244798,
                10.376250243876248,
                14.941866837861296,
                17.142612759714932
            ],
            6.89022930010807
        ],
        "path_router_node_branches_max": [
            3.0,
            2.0,
            3.0
        ],
        "path_router_node_branches_avg": [
            2.0,
            2.0,
            2.0,
            [
                2.0,
                2.0,
                2.0,
                2.0,
                2.0,
                2.0
            ],
            2.01006711409396
        ],
        "graph_max_wire_length": [
            1121.9770832152012,
            1058.2911617296022,
            1151.527101726651,
            [
                892.5368223865534,
                952.83618714522,
                1011.6310128373651,
                1270.4544812393617,
                1480.5142637181468,
                1558.0239845367867
            ],
            1159.9692014296074
        ],
        "graph_avg_wire_length": [
            489.53544587084974,
            478.72844118659305,
            514.9756739872762,
            [
                426.3499442635749,
                432.5627272468503,
                453.1777209851665,
                591.797404204176,
                755.6149661768787,
                798.451736628045
            ],
            538.5540933662925
        ],
        "graph_max_node_count": [
            61.0,
            58.0,
            63.5,
            [
                50.0,
                51.0,
                55.0,
                69.0,
                80.10000000000001,
                86.05
            ],
            63.53
        ],
        "graph_avg_node_count": [
            27.0377841239314,
            25.823423423423424,
            27.843977364591755,
            [
                22.84530251266621,
                23.165773176314016,
                24.25121749445884,
                31.419474687847554,
                40.812940419761645,
                42.65838251434432
            ],
            28.93308878371307
        ],