{
    "total_wire_length": 111292.83269541895,
    "total_jumper_length": 28554.50204480996,
    "total_jumper_count": 717,
    "center_node_count": 3712,
    "edge_node_count": 392,
    "total_node_count": 4104,
    "reachable_node_count": [
        4104.0,
        4104.0,
        4104.0,
        [
            4104.0,
            4104.0,
            4104.0,
            4104.0,
            4104.0,
            4104.0
        ],
        4104.0
    ],
    "unreachable_node_count": [
        0.0,
        0.0,
        0.0,
        [
            0.0,
            0.0,
            0.0,
            0.0,
            0.0,
            0.0
        ],
        0.0
    ],
    "reachable_wire_length": [
        111292.83269541897,
        111292.83269541897,
        111292.83269541897,
        [
            111292.83269541897,
            111292.83269541897,
            111292.83269541897,
            111292.83269541897,
            111292.83269541897,
            111292.83269541897
        ],
        111292.83269541897
    ],
    "unreachable_wire_length": [
        0.0,
        0.0,
        0.0,
        [
            0.0,
            0.0,
            0.0,
            0.0,
            0.0,
            0.0
        ],
        0.0
    ],
    "reachable_jumper_length": [
        28554.50204480997,
        28554.50204480997,
        28554.50204480997,
        [
            28554.50204480997,
            28554.50204480997,
            28554.50204480997,
            28554.50204480997,
            28554.50204480997,
            28554.50204480997
        ],
        28554.50204480998
    ],
    "unreachable_jumper_length": [
        0.0,
        0.0,
        0.0,
        [
            0.0,
            0.0,
            0.0,
            0.0,
            0.0,
            0.0
        ],
        0.0
    ],
    "reachable_jumper_count": [
        717.0,
        717.0,
        717.0,
        [
            717.0,
            717.0,
            717.0,
            717.0,
            717.0,
            717.0
        ],
        717.0
    ],
    "unreachable_jumper_count": [
        0.0,
        0.0,
        0.0,
        [
            0.0,
            0.0,
            0.0,
            0.0,
            0.0,
            0.0
        ],
        0.0
    ],
    "shortest_path": {
        "percent_useful_node_count": [
            0.6872563352826511,
            0.6854288499025342,
            0.6895711500974658,
            [
                0.6724780701754386,
                0.6761208576998051,
                0.6829922027290448,
                0.6942616959064327,
                0.701827485380117,
                0.7047149122807018
            ],
            0.6882797270955165
        ],
        "percent_useful_wire_length": 51.943311796768064,
        "percent_reachable_sensors": 1.0,
        "percent_useful_jumper_count": [
            0.1896792189679219,
            0.18619246861924688,
            0.19525801952580196,
            [
                0.15885634588563458,
                0.16443514644351465,
                0.18131101813110181,
                0.200836820083682,
                0.20920502092050208,
                0.21199442119944212
            ],
            0.18935843793584387
        ],
        "percent_useful_jumper_length": [
            0.00697350069735007,
            0.005578800557880056,
            0.00697350069735007,
            [
                0.0041841004184100415,
                0.0041841004184100415,
                0.005578800557880056,
                0.00697350069735007,
                0.008368200836820083,
                0.008368200836820083
            ],
            0.006290097629009761
        ],
        "percent_unreachable_bc_short_jumper": 0.0,
        "percent_multiroute_reached_nodes": [
            0.2965332737303154,
            0.29408623371230225,
            0.2992152362620074,
            [
                0.26797962494669597,
                0.2744147599277642,
                0.28355216436611785,
                0.3045414350217672,
                0.31085215152932183,
                0.31209776082566415
            ],
            0.2939827152475561
        ],
        "path_length_max": [
            2853.1200818731313,
            2781.2600844430976,
            2853.1200818731313
        ],
        "path_length_avg": [
            915.6905492169211,
            912.4601430050698,
            918.8964658581856,
            [
                268.29181670746704,
                376.3952250109348,
                618.5777952320585,
                1239.0009873982021,
                1581.9282783393703,
                1791.2952785608015
            ],
            954.7410520709054
        ],
        "path_node_count_max": [
            126.0,
            123.0,
            126.0
        ],
        "path_node_count_avg": [
            43.0,
            42.0,
            43.0,
            [
                13.0,
                18.0,
                29.0,
                57.0,
                72.0,
                82.0
            ],
            44.0382
        ],
        "path_jumper_count_max": [
            28.0,
            28.0,
            28.0
        ],
        "path_jumper_count_avg": [
            1.0,
            1.0,
            1.0,
            [
                0.0,
                0.0,
                1.0,
                7.0,
                12.0,
                15.0
            ],
            4.12337
        ],
        "path_sensor_jumper_length_max": [
            42.99591156063997,
            40.37099901693748,
            42.99591156063997
        ],
        "path_sensor_jumper_length_avg": [
            6.788882718375483,
            6.733763568356931,
            6.849682257079821,
            [
                0.554584196235425,
                1.1179910976080933,
                2.952449820728181,
                13.432043144849125,
                21.704944730668,
                26.448530567527825
            ],
            9.229330571960308
        ],
        "path_router_node_branches_max": [
            7.0,
            6.0,
            7.0
        ],
        "path_router_node_branches_avg": [
            2.0,
            2.0,
            2.0,
            [
                2.0,
                2.0,
                2.0,
                2.0,
                2.0,
                3.0
            ],
            2.1547619047619047
        ],
        "graph_max_wire_length": [
            1948.4190881353543,
            1900.7200198343874,
            2060.026635399379,
            [
                1616.424929476098,
                1655.1952076882837,
                1814.6513071563663,
                2243.328085624373,
                2565.284421537286,
                2616.2016845111966
            ],
            2040.656847877271
        ],
        "graph_avg_wire_length": [
            882.7425665351831,
            846.773214220048,
            940.4466705180297,
            [
                770.4246216190218,
                772.8706417539372,
                798.7382274365266,
                1041.0515951031052,
                1261.392999854224,
                1303.4916525068495
            ],
            948.7257970017229
        ],
        "graph_max_node_count": [
            88.0,
            84.0,
            92.0,
            [
                69.95,
                72.0,
                79.75,
                104.0,
                115.0,
                119.0
            ],
            91.54
        ],
        "graph_avg_node_count": [
            42.31600074532737,
            40.09802511207154,
            44.68487804878049,
            [
                36.94624917448228,
                37.05582589152061,
                38.136210967985086,
                47.38238185728469,
                55.754199737998015,
                60.34711151575374
            ],
            44.41756565171905
        ],