{
    "total_wire_length": 54748.16768172422,
    "total_jumper_length": 4719.486527286202,
    "total_jumper_count": 231,
    "center_node_count": 1826,
    "edge_node_count": 280,
    "total_node_count": 2106,
    "reachable_node_count": [
        2106.0,
        2106.0,
        2106.0,
        [
            2106.0,
            2106.0,
            2106.0,
            2106.0,
            2106.0,
            2106.0
        ],
        2106.0
    ],
    "unreachable_node_count": [
        0.0,
        0.0,
        0.0,
        [
            0.0,
            0.0,
            0.0,
            0.0,
            0.0,
            0.0
        ],
        0.0
    ],
    "reachable_wire_length": [
        54748.16768172423,
        54748.16768172423,
        54748.16768172423,
        [
            54748.16768172423,
            54748.16768172423,
            54748.16768172423,
            54748.16768172423,
            54748.16768172423,
            54748.16768172423
        ],
        54748.167681724204
    ],
    "unreachable_wire_length": [
        0.0,
        0.0,
        0.0,
        [
            0.0,
            0.0,
            0.0,
            0.0,
            0.0,
            0.0
        ],
        0.0
    ],
    "reachable_jumper_length": [
        4719.4865272862,
        4719.4865272862,
        4719.4865272862,
        [
            4719.4865272862,
            4719.4865272862,
            4719.4865272862,
            4719.4865272862,
            4719.4865272862,
            4719.4865272862
        ],
        4719.486527286199
    ],
    "unreachable_jumper_length": [
        0.0,
        0.0,
        0.0,
        [
            0.0,
            0.0,
            0.0,
            0.0,
            0.0,
            0.0
        ],
        0.0
    ],
    "reachable_jumper_count": [
        231.0,
        231.0,
        231.0,
        [
            231.0,
            231.0,
            231.0,
            231.0,
            231.0,
            231.0
        ],
        231.0
    ],
    "unreachable_jumper_count": [
        0.0,
        0.0,
        0.0,
        [
            0.0,
            0.0,
            0.0,
            0.0,
            0.0,
            0.0
        ],
        0.0
    ],
    "shortest_path": {
        "percent_useful_node_count": [
            0.7573599240265907,
            0.7537986704653372,
            0.7606837606837606,
            [
                0.7392687559354226,
                0.7440645773979108,
                0.749525166191833,
                0.7659069325735992,
                0.7717473884140551,
                0.7754273504273503
            ],
            0.757687559354226
        ],
        "percent_useful_wire_length": 56.46808759980083,
        "percent_reachable_sensors": 0.99991,
        "percent_useful_jumper_count": [
            0.3658008658008658,
            0.3593073593073593,
            0.37662337662337664,
            [
                0.3201298701298701,
                0.32857142857142857,
                0.3463203463203463,
                0.3852813852813853,
                0.41125541125541126,
                0.4199134199134199
            ],
            0.3662337662337663
        ],
        "percent_useful_jumper_length": [
            0.017316017316017316,
            0.017316017316017316,
            0.021645021645021644,
            [
                0.012987012987012988,
                0.012987012987012988,
                0.017316017316017316,
                0.021645021645021644,
                0.025974025974025976,
                0.025974025974025976
            ],
            0.01922077922077922
        ],
        "percent_unreachable_bc_short_jumper": 9e-05,
        "percent_multiroute_reached_nodes": [
            0.2948951715374841,
            0.29302579091369124,
            0.2979852041373644,
            [
                0.27804243246160903,
                0.2836653161881275,
                0.2889461174019473,
                0.3002998263377174,
                0.30496412264064504,
                0.307442125252707
            ],
            0.29443282325748305
        ],
        "path_length_max": [
            2134.318136134919,
            2110.9620619140965,
            2134.318136134919
        ],
        "path_length_avg": [
            662.9134748532285,
            660.5831745172834,
            665.4898910625751,
            [
                198.30223700559793,
                277.428486293812,
                450.9226933252746,
                903.9602825149063,
                1161.5626722211323,
                1321.6775136587676
            ],
            697.9872195530751
        ],
        "path_node_count_max": [
            106.0,
            104.0,
            106.0
        ],
        "path_node_count_avg": [
            34.0,
            33.0,
            34.0,
            [
                9.0,
                13.0,
                23.0,
                46.0,
                59.0,
                67.0
            ],
            35.26645398085828
        ],
        "path_jumper_count_max": [
            27.0,
            26.0,
            27.0
        ],
        "path_jumper_count_avg": [
            1.0,
            1.0,
            1.0,
            [
                0.0,
                0.0,
                1.0,
                3.0,
                8.0,
                11.0
            ],
            2.79140122611035
        ],
        "path_sensor_jumper_length_max": [
            39.80541815309454,
            39.37536124939453,
            39.80541815309454
        ],
        "path_sensor_jumper_length_avg": [
            6.895596430398772,
            6.83049355225807,
            6.951424593769987,
            [
                0.5429198088623229,
                1.1266733354508434,
                3.0002251365370514,
                13.658278329560213,
                22.18201615137758,
                26.759760783850535
            ],
            9.38034446516179
        ],
        "path_router_node_branches_max": [
            4.0,
            4.0,
            4.0
        ],
        "path_router_node_branches_avg": [
            2.0,
            2.0,
            2.0,
            [
                2.0,
                2.0,
                2.0,
                2.0,
                2.0,
                2.0
            ],
            2.0560538116591927
        ],
        "graph_max_wire_length": [
            1426.7447419391526,
            1399.4473861427718,
            1508.7502900232776,
            [
                1179.9897177632806,
                1214.5109051804534,
                1335.8537554318239,
                1659.882443596738,
                1875.8763870590644,
                1956.6708005569944
            ],
            1499.934738336692
        ],
        "graph_avg_wire_length": [
            641.0368092361858,
            616.3191447951572,
            666.358255766361,
            [
                553.0864144588396,
                558.7977969987717,
                581.4485742613408,
                733.1845192439193,
                907.2726647414637,
                1001.7786469601493
            ],
            691.1952156777684
        ],
        "graph_max_node_count": [
            75.0,
            72.4875,
            79.0,
            [
                60.95,
                63.9,
                68.0,
                85.25,
                100.0,
                103.0
            ],
            78.09
        ],
        "graph_avg_node_count": [
            33.714743078314164,
            31.90555044485757,
            34.54199095580456,
            [
                28.84364629824385,
                29.199131028978353,
                30.32637530607872,
                38.56381517443699,
                47.14300273440213,
                51.84702193302696
            ],
            35.888250807546804
        ],