{
    "total_wire_length": 47201.02407367194,
    "total_jumper_length": 1683.6246910387588,
    "total_jumper_count": 81,
    "center_node_count": 782,
    "edge_node_count": 160,
    "total_node_count": 942,
    "reachable_node_count": [
        942.0,
        942.0,
        942.0,
        [
            942.0,
            942.0,
            942.0,
            942.0,
            942.0,
            942.0
        ],
        942.0
    ],
    "unreachable_node_count": [
        0.0,
        0.0,
        0.0,
        [
            0.0,
            0.0,
            0.0,
            0.0,
            0.0,
            0.0
        ],
        0.0
    ],
    "reachable_wire_length": [
        47201.02407367194,
        47201.02407367194,
        47201.02407367194,
        [
            47201.02407367194,
            47201.02407367194,
            47201.02407367194,
            47201.02407367194,
            47201.02407367194,
            47201.02407367194
        ],
        47201.02407367193
    ],
    "unreachable_wire_length": [
        0.0,
        0.0,
        0.0,
        [
            0.0,
            0.0,
            0.0,
            0.0,
            0.0,
            0.0
        ],
        0.0
    ],
    "reachable_jumper_length": [
        1683.6246910387588,
        1683.6246910387588,
        1683.6246910387588,
        [
            1683.6246910387588,
            1683.6246910387588,
            1683.6246910387588,
            1683.6246910387588,
            1683.6246910387588,
            1683.6246910387588
        ],
        1683.6246910387592
    ],
    "unreachable_jumper_length": [
        0.0,
        0.0,
        0.0,
        [
            0.0,
            0.0,
            0.0,
            0.0,
            0.0,
            0.0
        ],
        0.0
    ],
    "reachable_jumper_count": [
        81.0,
        81.0,
        81.0,
        [
            81.0,
            81.0,
            81.0,
            81.0,
            81.0,
            81.0
        ],
        81.0
    ],
    "unreachable_jumper_count": [
        0.0,
        0.0,
        0.0,
        [
            0.0,
            0.0,
            0.0,
            0.0,
            0.0,
            0.0
        ],
        0.0
    ],
    "shortest_path": {
        "percent_useful_node_count": [
            0.8126326963906583,
            0.8089171974522293,
            0.8152866242038217,
            [
                0.7961783439490446,
                0.7993630573248408,
                0.8046709129511678,
                0.8205944798301487,
                0.8270700636942676,
                0.8323248407643312
            ],
            0.81291932059448
        ],
        "percent_useful_wire_length": 60.42444527923979,
        "percent_reachable_sensors": 0.86452,
        "percent_useful_jumper_count": [
            0.5802469135802469,
            0.5679012345679012,
            0.5925925925925926,
            [
                0.5055555555555555,
                0.5185185185185185,
                0.5432098765432098,
                0.6049382716049383,
                0.6419753086419753,
                0.6549382716049382
            ],
            0.5790123456790123
        ],
        "percent_useful_jumper_length": [
            0.05555555555555555,
            0.04938271604938271,
            0.06172839506172839,
            [
                0.037037037037037035,
                0.037037037037037035,
                0.04938271604938271,
                0.06172839506172839,
                0.07407407407407407,
                0.07407407407407407
            ],
            0.054320987654321
        ],
        "percent_unreachable_bc_short_jumper": 0.13548,
        "percent_multiroute_reached_nodes": [
            0.301825370921899,
            0.2986220965544693,
            0.3049179228213084,
            [
                0.28364122738001574,
                0.2888005787726615,
                0.29352724826043697,
                0.30991863245784695,
                0.3236497948967531,
                0.3301790540661802
            ],
            0.3035298541443276
        ],
        "path_length_max": [
            2979.9106017319773,
            2928.141987818395,
            2979.9106017319773
        ],
        "path_length_avg": [
            889.2796768088933,
            885.6960115639885,
            892.9868377545127,
            [
                269.462485333688,
                374.22233993333475,
                608.7382542121331,
                1186.1522128251102,
                1522.5357274447372,
                1735.7780233370531
            ],
            927.0695989803307
        ],
        "path_node_count_max": [
            83.0,
            82.0,
            83.0
        ],
        "path_node_count_avg": [
            23.0,
            23.0,
            23.0,
            [
                6.0,
                9.0,
                16.0,
                32.0,
                42.0,
                48.0
            ],
            24.640922130199417
        ],
        "path_jumper_count_max": [
            20.0,
            19.0,
            20.0
        ],
        "path_jumper_count_avg": [
            1.0,
            1.0,
            1.0,
            [
                0.0,
                0.0,
                1.0,
                2.0,
                7.0,
                9.0
            ],
            1.9844769351779021
        ],
        "path_sensor_jumper_length_max": [
            39.99745000417116,
            39.99199410266433,
            39.99745000417116
        ],
        "path_sensor_jumper_length_avg": [
            11.437942102969071,
            11.346969864683864,
            11.54513236102949,
            [
                0.9585472893168873,
                1.9576943540057796,
                5.098949026196816,
                20.80711934564048,
                30.013812160091774,
                34.401997604188374
            ],
            13.80585405532138
        ],
        "path_router_node_branches_max": [
            3.0,
            2.0,
            3.0
        ],
        "path_router_node_branches_avg": [
            2.0,
            2.0,
            2.0,
            [
                2.0,
                2.0,
                2.0,
                2.0,
                2.0,
                2.0
            ],
            2.00836820083682
        ],
        "graph_max_wire_length": [
            1907.8079309614727,
            1875.7359765145225,
            2011.6266478483562,
            [
                1569.0460656335667,
                1642.740671899529,
                1730.5659105606146,
                2116.627715700032,
                2523.53010816114,
                2689.019334778195
            ],
            1997.7407899135435
        ],
        "graph_avg_wire_length": [
            846.9155588767824,
            828.400447940095,
            880.9003419219347,
            [
                720.708741600902,
                729.3776256116714,
                773.8709195903223,
                942.3972032396102,
                1173.3052412624552,
                1273.1433810016972
            ],
            894.9658843806645
        ],
        "graph_max_node_count": [
            56.5,
            55.0,
            58.0,
            [
                46.95,
                49.0,
                52.0,
                63.0,
                73.10000000000001,
                77.05
            ],
            58.76
        ],
        "graph_avg_node_count": [
            23.014367816091955,
            22.55809157220714,
            23.755411255411257,
            [
                19.74060532945029,
                19.90026899823984,
                20.87602657125202,
                25.223910453473586,
                32.5360374279307,
                35.13670206599114
            ],
            24.438177296335517
        ],