{
    "total_wire_length": 13735.81304425182,
    "total_jumper_length": 0.0,
    "total_jumper_count": 0,
    "center_node_count": 57,
    "edge_node_count": 45,
    "total_node_count": 102,
    "reachable_node_count": [
        26.0,
        26.0,
        30.0,
        [
            20.0,
            20.0,
            22.0,
            34.0,
            34.0,
            34.0
        ],
        27.74
    ],
    "unreachable_node_count": [
        76.0,
        76.0,
        76.0,
        [
            68.0,
            68.0,
            68.0,
            80.0,
            82.0,
            82.0
        ],
        74.26
    ],
    "reachable_wire_length": [
        3496.310704746914,
        3496.310704746914,
        4179.798855330557,
        [
            2684.777072690906,
            2684.777072690906,
            2691.438260899796,
            4863.287005914201,
            4863.287005914201,
            4863.287005914201
        ],
        3800.7735375925377
    ],
    "unreachable_wire_length": [
        10239.502339504901,
        10239.502339504901,
        10239.502339504901,
        [
            8872.526038337615,
            8872.526038337615,
            8872.526038337615,
            11044.374783352021,
            11051.035971560912,
            11051.035971560912
        ],
        9935.03950665928
    ],
    "reachable_jumper_length": [
        0.0,
        0.0,
        0.0,
        [
            0.0,
            0.0,
            0.0,
            0.0,
            0.0,
            0.0
        ],
        0.0
    ],
    "unreachable_jumper_length": [
        0.0,
        0.0,
        0.0,
        [
            0.0,
            0.0,
            0.0,
            0.0,
            0.0,
            0.0
        ],
        0.0
    ],
    "reachable_jumper_count": [
        0.0,
        0.0,
        0.0,
        [
            0.0,
            0.0,
            0.0,
            0.0,
            0.0,
            0.0
        ],
        0.0
    ],
    "unreachable_jumper_count": [
        0.0,
        0.0,
        0.0,
        [
            0.0,
            0.0,
            0.0,
            0.0,
            0.0,
            0.0
        ],
        0.0
    ],
    "shortest_path": {
        "percent_useful_node_count": [
            0.12745098039215685,
            0.11764705882352941,
            0.14227941176470577,
            [
                0.08823529411764706,
                0.08823529411764706,
                0.10784313725490197,
                0.1568627450980392,
                0.17647058823529413,
                0.17647058823529413
            ],
            0.13215686274509802
        ],
        "percent_useful_wire_length": 15.581019331348966,
        "percent_reachable_sensors": 0.03063,
        "percent_useful_jumper_count": [
            -1.0,
            -1.0,
            -1.0,
            [
                -1.0,
                -1.0,
                -1.0,
                -1.0,
                -1.0,
                -1.0
            ],
            -1.0
        ],
        "percent_useful_jumper_length": [
            -1.0,
            -1.0,
            -1.0,
            [
                -1.0,
                -1.0,
                -1.0,
                -1.0,
                -1.0,
                -1.0
            ],
            -1.0
        ],
        "percent_unreachable_bc_short_jumper": 0.89124,
        "percent_multiroute_reached_nodes": [
            0.7142857142857143,
            0.6923076923076923,
            0.7333333333333333,
            [
                0.5365384615384615,
                0.6121794871794872,
                0.6666666666666666,
                0.8,
                0.8589285714285715,
                0.8888888888888888
            ],
            0.7202727762433646
        ],
        "path_length_max": [
            1923.2209959641107,
            1858.6035156228836,
            1923.2209959641107
        ],
        "path_length_avg": [
            608.9636549304824,
            590.810940528019,
            623.3979866064329,
            [
                180.57174657157086,
                229.39445545132875,
                381.9015601297875,
                899.0695305291172,
                1184.2274666632532,
                1367.4022320656154
            ],
            666.4243840968222
        ],
        "path_node_count_max": [
            11.0,
            11.0,
            11.0
        ],
        "path_node_count_avg": [
            3.0,
            3.0,
            3.0,
            [
                1.0,
                1.0,
                2.0,
                5.0,
                7.0,
                8.0
            ],
            3.7342474698008488
        ],
        "path_jumper_count_max": [
            0.0,
            0.0,
            0.0
        ],
        "path_jumper_count_avg": [
            0.0,
            0.0,
            0.0,
            [
                0.0,
                0.0,
                0.0,
                0.0,
                0.0,
                0.0
            ],
            0.0
        ],
        "path_sensor_jumper_length_max": [
            9.99891255264862,
            9.987608042682021,
            9.99891255264862
        ],
        "path_sensor_jumper_length_avg": [
            4.751262948167084,
            4.580555966619357,
            4.921043610865648,
            [
                0.514173379791122,
                0.9554855882664919,
                2.353938880866358,
                7.231409699242394,
                8.950087397422301,
                9.501574515776873
            ],
            4.835526538480225
        ],
        "path_router_node_branches_max": [
            2.0,
            2.0,
            2.0
        ],
        "path_router_node_branches_avg": [
            2.0,
            2.0,
            2.0,
            [
                2.0,
                2.0,
                2.0,
                2.0,
                2.0,
                2.0
            ],
            2.0
        ],
        "graph_max_wire_length": [
            1252.0122379387822,
            1174.0865952482766,
            1318.973641402205,
            [
                790.3296703900381,
                849.748785885125,
                1045.2713253979728,
                1440.2935567862905,
                1742.1059016737313,
                1825.8200401187019
            ],
            1259.5913369697614
        ],
        "graph_avg_wire_length": [
            704.1084208093108,
            665.3561145737737,
            743.7154714313414,
            [
                468.94481574536195,
                503.7128995961152,
                593.2491221659354,
                831.0115897914409,
                926.1173928372546,
                966.7179913004201
            ],
            712.8112768295512
        ],
        "graph_max_node_count": [
            8.0,
            8.0,
            9.0,
            [
                5.0,
                6.0,
                7.0,
                9.0,
                11.0,
                12.0
            ],
            8.28
        ],
        "graph_avg_node_count": [
            4.538461538461538,
            4.423076923076923,
            4.764705882352941,
            [
                3.498076923076923,
                3.5384615384615383,
                4.0375,
                5.326871657754011,
                5.9411764705882355,
                6.7102941176470585
            ],
            4.701873714520773
        ],
        "graph_max_jumper_count": [
            0.0,
            0.0,
            0.0,
            [
                0.0,
                0.0,
                0.0,
                0.0,
                0.0,
                0.0
            ],
            0.0
        ],