{
    "total_wire_length": 10936.148923328143,
    "total_jumper_length": 6.697764394230502,
    "total_jumper_count": 2,
    "center_node_count": 92,
    "edge_node_count": 68,
    "total_node_count": 160,
    "reachable_node_count": [
        40.0,
        28.0,
        40.0,
        [
            12.0,
            14.0,
            22.0,
            40.0,
            44.0,
            44.0
        ],
        32.7
    ],
    "unreachable_node_count": [
        120.0,
        120.0,
        132.0,
        [
            116.0,
            116.0,
            120.0,
            138.0,
            146.0,
            148.0
        ],
        127.3
    ],
    "reachable_wire_length": [
        3182.103349797585,
        1895.3126847840813,
        3182.103349797585,
        [
            641.6000779719146,
            829.892608013535,
            1127.4726229689466,
            3259.76757979208,
            3259.76757979208,
            3259.76757979208
        ],
        2376.567621916375
    ],
    "unreachable_wire_length": [
        7754.045573530559,
        7754.045573530559,
        9040.836238544061,
        [
            7676.3813435360635,
            7676.3813435360635,
            7676.3813435360635,
            9808.676300359195,
            10106.25631531461,
            10294.548845356228
        ],
        8559.581301411767
    ],
    "reachable_jumper_length": [
        0.0,
        0.0,
        0.0,
        [
            0.0,
            0.0,
            0.0,
            0.0,
            6.697764394230502,
            6.697764394230502
        ],
        1.0046646591345751
    ],
    "unreachable_jumper_length": [
        6.697764394230502,
        6.697764394230502,
        6.697764394230502,
        [
            0.0,
            0.0,
            6.697764394230502,
            6.697764394230502,
            6.697764394230502,
            6.697764394230502
        ],
        5.693099735095927
    ],
    "reachable_jumper_count": [
        0.0,
        0.0,
        0.0,
        [
            0.0,
            0.0,
            0.0,
            0.0,
            2.0,
            2.0
        ],
        0.3
    ],
    "unreachable_jumper_count": [
        2.0,
        2.0,
        2.0,
        [
            0.0,
            0.0,
            2.0,
            2.0,
            2.0,
            2.0
        ],
        1.7
    ],
    "shortest_path": {
        "percent_useful_node_count": [
            0.1375,
            0.09375,
            0.14375,
            [
                0.03125,
                0.0375,
                0.06718750000000001,
                0.15,
                0.15625,
                0.15625
            ],
            0.110625
        ],
        "percent_useful_wire_length": 12.923428926316255,
        "percent_reachable_sensors": 0.03967,
        "percent_useful_jumper_count": [
            0.0,
            0.0,
            0.0,
            [
                0.0,
                0.0,
                0.0,
                0.0,
                0.5,
                0.5
            ],
            0.075
        ],
        "percent_useful_jumper_length": [
            0.0,
            0.0,
            0.0,
            [
                0.0,
                0.0,
                0.0,
                0.0,
                0.5,
                0.5
            ],
            0.075
        ],
        "percent_unreachable_bc_short_jumper": 0.81556,
        "percent_multiroute_reached_nodes": [
            0.6,
            0.5714285714285714,
            0.6153846153846154,
            [
                0.4774247491638796,
                0.5,
                0.5416666666666666,
                0.6521739130434783,
                0.7155844155844157,
                0.7777777777777778
            ],
            0.6040556306393835
        ],
        "path_length_max": [
            1064.6963512100292,
            970.3766601124362,
            1064.6963512100292
        ],
        "path_length_avg": [
            374.88361972276834,
            365.3355927478376,
            382.3815723338013,
            [
                99.73874167908333,
                136.02488770716215,
                227.65822220165234,
                532.5930869256247,
                666.120393856779,
                743.9152083736716
            ],
            389.2344921841333
        ],
        "path_node_count_max": [
            11.0,
            11.0,
            11.0
        ],
        "path_node_count_avg": [
            4.0,
            4.0,
            4.0,
            [
                1.0,
                1.0,
                2.0,
                6.0,
                8.0,
                9.0
            ],
            4.433577010335266
        ],
        "path_jumper_count_max": [
            1.0,
            1.0,
            1.0
        ],
        "path_jumper_count_avg": [
            0.0,
            0.0,
            0.0,
            [
                0.0,
                0.0,
                0.0,
                0.0,
                0.0,
                0.0
            ],
            0.027728762288883286
        ],
        "path_sensor_jumper_length_max": [
            9.99884757853495,
            9.985866047634898,
            9.99884757853495
        ],
        "path_sensor_jumper_length_avg": [
            4.599729611618509,
            4.4591110426856,
            4.758388183307921,
            [
                0.4261695000626961,
                0.9053005186016951,
                2.240954514172265,
                7.193993495262497,
                8.895894149902539,
                9.421669570160464
            ],
            4.76802923054778
        ],
        "path_router_node_branches_max": [
            2.0,
            2.0,
            2.0
        ],
        "path_router_node_branches_avg": [
            2.0,
            2.0,
            2.0,
            [
                2.0,
                2.0,
                2.0,
                2.0,
                2.0,
                2.0
            ],
            2.0
        ],
        "graph_max_wire_length": [
            704.7264799222904,
            667.7000867762505,
            753.6772689301473,
            [
                366.0112440487767,
                419.115332342942,
                583.317925205835,
                812.736461793057,
                889.5048578776202,
                949.4978711069781
            ],
            691.5384101200226
        ],
        "graph_avg_wire_length": [
            400.05168985973353,
            373.03426586864333,
            422.6426540791287,
            [
                215.7950082381202,
                244.31669339268922,
                330.46967746611693,
                456.7999651840177,
                531.0142249379492,
                583.8784183697237
            ],
            394.8546385569152
        ],
        "graph_max_node_count": [
            10.0,
            9.0,
            10.0,
            [
                5.0,
                5.9,
                8.0,
                11.0,
                12.0,
                12.0
            ],
            9.22
        ],
        "graph_avg_node_count": [
            5.0375,
            4.7,
            5.464285714285714,
            [
                3.25,
                3.6035714285714286,
                4.363636363636363,
                5.9,
                6.364772727272727,
                6.877272727272726
            ],
            5.067441558441559
        ],
        "graph_max_jumper_count": [
            0.0,
            0.0,
            0.0,
            [
                0.0,
                0.0,
                0.0,
                0.0,
                1.0,
                1.0
            ],
            0.15
        ],