{
    "total_wire_length": 2039.6171899335832,
    "total_jumper_length": 105.98812903375142,
    "total_jumper_count": 3,
    "center_node_count": 8,
    "edge_node_count": 12,
    "total_node_count": 20,
    "reachable_node_count": [
        20.0,
        20.0,
        20.0,
        [
            20.0,
            20.0,
            20.0,
            20.0,
            20.0,
            20.0
        ],
        20.0
    ],
    "unreachable_node_count": [
        0.0,
        0.0,
        0.0,
        [
            0.0,
            0.0,
            0.0,
            0.0,
            0.0,
            0.0
        ],
        0.0
    ],
    "reachable_wire_length": [
        2039.6171899335832,
        2039.6171899335832,
        2039.6171899335832,
        [
            2039.6171899335832,
            2039.6171899335832,
            2039.6171899335832,
            2039.6171899335832,
            2039.6171899335832,
            2039.6171899335832
        ],
        2039.6171899335823
    ],
    "unreachable_wire_length": [
        0.0,
        0.0,
        0.0,
        [
            0.0,
            0.0,
            0.0,
            0.0,
            0.0,
            0.0
        ],
        0.0
    ],
    "reachable_jumper_length": [
        105.98812903375142,
        105.98812903375142,
        105.98812903375142,
        [
            105.98812903375142,
            105.98812903375142,
            105.98812903375142,
            105.98812903375142,
            105.98812903375142,
            105.98812903375142
        ],
        105.98812903375139
    ],
    "unreachable_jumper_length": [
        0.0,
        0.0,
        0.0,
        [
            0.0,
            0.0,
            0.0,
            0.0,
            0.0,
            0.0
        ],
        0.0
    ],
    "reachable_jumper_count": [
        3.0,
        3.0,
        3.0,
        [
            3.0,
            3.0,
            3.0,
            3.0,
            3.0,
            3.0
        ],
        3.0
    ],
    "unreachable_jumper_count": [
        0.0,
        0.0,
        0.0,
        [
            0.0,
            0.0,
            0.0,
            0.0,
            0.0,
            0.0
        ],
        0.0
    ],
    "shortest_path": {
        "percent_useful_node_count": [
            0.7,
            0.7,
            0.7,
            [
                0.6,
                0.6,
                0.65,
                0.7,
                0.75,
                0.7524999999999998
            ],
            0.6920000000000002
        ],
        "percent_useful_wire_length": 70.75471471342162,
        "percent_reachable_sensors": 0.74909,
        "percent_useful_jumper_count": [
            1.0,
            1.0,
            1.0,
            [
                0.3333333333333333,
                0.3333333333333333,
                0.6666666666666666,
                1.0,
                1.0,
                1.0
            ],
            0.8333333333333335
        ],
        "percent_useful_jumper_length": [
            0.3333333333333333,
            0.3333333333333333,
            0.3333333333333333,
            [
                0.3333333333333333,
                0.3333333333333333,
                0.3333333333333333,
                0.3333333333333333,
                0.3333333333333333,
                0.3333333333333333
            ],
            0.3333333333333334
        ],
        "percent_unreachable_bc_short_jumper": 0.25091,
        "percent_multiroute_reached_nodes": [
            0.5714285714285714,
            0.5714285714285714,
            0.5714285714285714,
            [
                0.5,
                0.5333333333333333,
                0.5619047619047619,
                0.6153846153846154,
                0.6666666666666666,
                0.6666666666666666
            ],
            0.5803035298035297
        ],
        "path_length_max": [
            1318.2911322462983,
            1297.76382153859,
            1318.2911322462983
        ],
        "path_length_avg": [
            482.84885857342215,
            480.34442071100926,
            485.8529498921291,
            [
                153.75756335575272,
                190.943233853996,
                289.5096344907193,
                719.1254208162859,
                913.1735308947469,
                1029.5274586507703
            ],
            520.130974927462
        ],
        "path_node_count_max": [
            9.0,
            9.0,
            9.0
        ],
        "path_node_count_avg": [
            3.0,
            3.0,
            3.0,
            [
                1.0,
                1.0,
                2.0,
                6.0,
                7.0,
                8.0
            ],
            3.7525130491663217
        ],
        "path_jumper_count_max": [
            2.0,
            2.0,
            2.0
        ],
        "path_jumper_count_avg": [
            1.0,
            1.0,
            1.0,
            [
                0.0,
                0.0,
                0.0,
                1.0,
                1.0,
                2.0
            ],
            0.5709594307760082
        ],
        "path_sensor_jumper_length_max": [
            79.99919313223965,
            79.99718640056281,
            79.99919313223965
        ],
        "path_sensor_jumper_length_avg": [
            31.80907727076313,
            31.541944868345066,
            32.05019641901497,
            [
                2.795434037817731,
                5.689991951439324,
                14.808978287850337,
                52.00032924146807,
                67.63352849070478,
                73.57400975870436
            ],
            34.27799902452939
        ],
        "path_router_node_branches_max": [
            2.0,
            2.0,
            2.0
        ],
        "path_router_node_branches_avg": [
            2.0,
            2.0,
            2.0,
            [
                2.0,
                2.0,
                2.0,
                2.0,
                2.0,
                2.0
            ],
            2.0
        ],
        "graph_max_wire_length": [
            894.186711842265,
            855.5317167704972,
            971.1567966327668,
            [
                676.130438702566,
                710.064894052041,
                803.7502166405811,
                1074.111087080002,
                1143.4449583615456,
                1175.1934554883155
            ],
            924.1821293363762
        ],
        "graph_avg_wire_length": [
            459.1949950336114,
            444.4597626543291,
            487.87846023024673,
            [
                365.07416678997583,
                376.943197166085,
                423.1790774989384,
                571.4738965088115,
                648.9471761208677,
                676.3882160726047
            ],
            495.55257432037934
        ],
        "graph_max_node_count": [
            8.0,
            7.0,
            8.0,
            [
                6.0,
                6.0,
                7.0,
                9.0,
                9.0,
                9.0
            ],
            7.76
        ],
        "graph_avg_node_count": [
            4.4,
            4.2,
            4.4,
            [
                3.7,
                3.7,
                3.95,
                5.2,
                5.25,
                5.25
            ],
            4.4485
        ],
        "graph_max_jumper_count": [
            2.0,
            1.0,
            2.0,
            [
                1.0,
                1.0,
                1.0,
                2.0,
                2.0,
                2.0
            ],
            1.55
        ],