{
    "total_wire_length": 7233.6640018852595,
    "total_jumper_length": 0.0,
    "total_jumper_count": 0,
    "center_node_count": 30,
    "edge_node_count": 22,
    "total_node_count": 52,
    "reachable_node_count": [
        30.0,
        22.0,
        30.0,
        [
            22.0,
            22.0,
            22.0,
            30.0,
            30.0,
            30.0
        ],
        26.32
    ],
    "unreachable_node_count": [
        22.0,
        22.0,
        30.0,
        [
            22.0,
            22.0,
            22.0,
            30.0,
            30.0,
            30.0
        ],
        25.68
    ],
    "reachable_wire_length": [
        3832.9035905311384,
        3400.760411354119,
        3832.9035905311384,
        [
            3400.760411354119,
            3400.760411354119,
            3400.760411354119,
            3832.9035905311384,
            3832.9035905311384,
            3832.9035905311384
        ],
        3634.1177281097102
    ],
    "unreachable_wire_length": [
        3400.760411354119,
        3400.760411354119,
        3832.9035905311384,
        [
            3400.760411354119,
            3400.760411354119,
            3400.760411354119,
            3832.9035905311384,
            3832.9035905311384,
            3832.9035905311384
        ],
        3599.546273775548
    ],
    "reachable_jumper_length": [
        0.0,
        0.0,
        0.0,
        [
            0.0,
            0.0,
            0.0,
            0.0,
            0.0,
            0.0
        ],
        0.0
    ],
    "unreachable_jumper_length": [
        0.0,
        0.0,
        0.0,
        [
            0.0,
            0.0,
            0.0,
            0.0,
            0.0,
            0.0
        ],
        0.0
    ],
    "reachable_jumper_count": [
        0.0,
        0.0,
        0.0,
        [
            0.0,
            0.0,
            0.0,
            0.0,
            0.0,
            0.0
        ],
        0.0
    ],
    "unreachable_jumper_count": [
        0.0,
        0.0,
        0.0,
        [
            0.0,
            0.0,
            0.0,
            0.0,
            0.0,
            0.0
        ],
        0.0
    ],
    "shortest_path": {
        "percent_useful_node_count": [
            0.2692307692307692,
            0.2692307692307692,
            0.2692307692307692,
            [
                0.23076923076923078,
                0.23076923076923078,
                0.25,
                0.28846153846153844,
                0.28846153846153844,
                0.3076923076923077
            ],
            0.2692307692307692
        ],
        "percent_useful_wire_length": 30.989195406459114,
        "percent_reachable_sensors": 0.05033,
        "percent_useful_jumper_count": [
            -1.0,
            -1.0,
            -1.0,
            [
                -1.0,
                -1.0,
                -1.0,
                -1.0,
                -1.0,
                -1.0
            ],
            -1.0
        ],
        "percent_useful_jumper_length": [
            -1.0,
            -1.0,
            -1.0,
            [
                -1.0,
                -1.0,
                -1.0,
                -1.0,
                -1.0,
                -1.0
            ],
            -1.0
        ],
        "percent_unreachable_bc_short_jumper": 0.89967,
        "percent_multiroute_reached_nodes": [
            0.6770833333333333,
            0.5773809523809523,
            0.7142857142857143,
            [
                0.42857142857142855,
                0.42857142857142855,
                0.5,
                0.7333333333333333,
                0.7857142857142857,
                0.800625
            ],
            0.6296514465926232
        ],
        "path_length_max": [
            1723.7455272045872,
            1615.997884063214,
            1723.7455272045872
        ],
        "path_length_avg": [
            610.3031473945391,
            598.3387490465519,
            622.8526864043628,
            [
                168.07373880651514,
                230.57692870705108,
                387.1615807453553,
                859.9192469192333,
                1076.9039840352973,
                1210.2061649021368
            ],
            636.6543726215439
        ],
        "path_node_count_max": [
            10.0,
            9.0,
            10.0
        ],
        "path_node_count_avg": [
            3.0,
            3.0,
            3.0,
            [
                1.0,
                1.0,
                2.0,
                5.0,
                6.0,
                7.0
            ],
            3.4756606397774688
        ],
        "path_jumper_count_max": [
            0.0,
            0.0,
            0.0
        ],
        "path_jumper_count_avg": [
            0.0,
            0.0,
            0.0,
            [
                0.0,
                0.0,
                0.0,
                0.0,
                0.0,
                0.0
            ],
            0.0
        ],
        "path_sensor_jumper_length_max": [
            9.99868166388479,
            9.992891627977386,
            9.99868166388479
        ],
        "path_sensor_jumper_length_avg": [
            4.948534958051794,
            4.804200619415404,
            5.100814827476925,
            [
                0.4978359435413174,
                0.9572299843745069,
                2.475084422950086,
                7.417651309651796,
                8.957375260440292,
                9.452381530193689
            ],
            4.9367935086820935
        ],
        "path_router_node_branches_max": [
            2.0,
            2.0,
            2.0
        ],
        "path_router_node_branches_avg": [
            2.0,
            2.0,
            2.0,
            [
                2.0,
                2.0,
                2.0,
                2.0,
                2.0,
                2.0
            ],
            2.0
        ],
        "graph_max_wire_length": [
            1147.2064814313085,
            1062.159465343296,
            1211.6372483241112,
            [
                800.410206857574,
                847.9809745691985,
                988.8684304607334,
                1349.1070760617272,
                1472.8114250155827,
                1568.473553302736
            ],
            1160.4795962616463
        ],
        "graph_avg_wire_length": [
            659.4991316518051,
            621.9013832528257,
            698.5218006020704,
            [
                460.12386075848025,
                480.3223792880344,
                568.4904300589444,
                780.4011852219198,
                907.9409117308605,
                965.6018088358328
            ],
            685.58634921946
        ],
        "graph_max_node_count": [
            8.0,
            7.0,
            8.0,
            [
                5.95,
                6.0,
                7.0,
                9.0,
                10.0,
                10.0
            ],
            7.79
        ],
        "graph_avg_node_count": [
            4.2727272727272725,
            4.1,
            4.545454545454546,
            [
                3.313636363636364,
                3.3181818181818183,
                3.8909090909090907,
                4.866666666666666,
                5.733333333333333,
                5.866666666666666
            ],
            4.437848484848485
        ],
        "graph_max_jumper_count": [
            0.0,
            0.0,
            0.0,
            [
                0.0,
                0.0,
                0.0,
                0.0,
                0.0,
                0.0
            ],
            0.0
        ],