{
    "total_wire_length": 51142.92730245134,
    "total_jumper_length": 4021.7265545086957,
    "total_jumper_count": 192,
    "center_node_count": 636,
    "edge_node_count": 240,
    "total_node_count": 876,
    "reachable_node_count": [
        876.0,
        876.0,
        876.0,
        [
            876.0,
            876.0,
            876.0,
            876.0,
            876.0,
            876.0
        ],
        876.0
    ],
    "unreachable_node_count": [
        0.0,
        0.0,
        0.0,
        [
            0.0,
            0.0,
            0.0,
            0.0,
            0.0,
            0.0
        ],
        0.0
    ],
    "reachable_wire_length": [
        51142.927302451346,
        51142.927302451346,
        51142.927302451346,
        [
            51142.927302451346,
            51142.927302451346,
            51142.927302451346,
            51142.927302451346,
            51142.927302451346,
            51142.927302451346
        ],
        51142.92730245137
    ],
    "unreachable_wire_length": [
        0.0,
        0.0,
        0.0,
        [
            0.0,
            0.0,
            0.0,
            0.0,
            0.0,
            0.0
        ],
        0.0
    ],
    "reachable_jumper_length": [
        4021.726554508693,
        4021.726554508693,
        4021.726554508693,
        [
            4021.726554508693,
            4021.726554508693,
            4021.726554508693,
            4021.726554508693,
            4021.726554508693,
            4021.726554508693
        ],
        4021.7265545086916
    ],
    "unreachable_jumper_length": [
        0.0,
        0.0,
        0.0,
        [
            0.0,
            0.0,
            0.0,
            0.0,
            0.0,
            0.0
        ],
        0.0
    ],
    "reachable_jumper_count": [
        192.0,
        192.0,
        192.0,
        [
            192.0,
            192.0,
            192.0,
            192.0,
            192.0,
            192.0
        ],
        192.0
    ],
    "unreachable_jumper_count": [
        0.0,
        0.0,
        0.0,
        [
            0.0,
            0.0,
            0.0,
            0.0,
            0.0,
            0.0
        ],
        0.0
    ],
    "shortest_path": {
        "percent_useful_node_count": [
            0.7591324200913242,
            0.7557077625570776,
            0.7602739726027398,
            [
                0.7349885844748859,
                0.7394977168949771,
                0.7485730593607306,
                0.7648401826484018,
                0.7705479452054794,
                0.7785958904109589
            ],
            0.7568493150684931
        ],
        "percent_useful_wire_length": 46.28502818608063,
        "percent_reachable_sensors": 0.99997,
        "percent_useful_jumper_count": [
            0.3177083333333333,
            0.3125,
            0.328125,
            [
                0.265625,
                0.2755208333333333,
                0.296875,
                0.34375,
                0.35989583333333336,
                0.3697916666666667
            ],
            0.3190104166666667
        ],
        "percent_useful_jumper_length": [
            0.020833333333333332,
            0.020833333333333332,
            0.026041666666666668,
            [
                0.015625,
                0.015625,
                0.015625,
                0.026041666666666668,
                0.026041666666666668,
                0.03125
            ],
            0.02203125
        ],
        "percent_unreachable_bc_short_jumper": 3e-05,
        "percent_multiroute_reached_nodes": [
            0.501123342563202,
            0.498143636439256,
            0.5048313985627418,
            [
                0.4785703141020497,
                0.48559486952675807,
                0.49397110525159305,
                0.5099207858757189,
                0.5165944246132925,
                0.5210684063726185
            ],
            0.5008803945704607
        ],
        "path_length_max": [
            1789.3160987120025,
            1753.62074140357,
            1789.3160987120025
        ],
        "path_length_avg": [
            608.6904895945606,
            606.4272895475801,
            610.8407518202147,
            [
                191.39768131907766,
                262.57469331320664,
                420.6536349313256,
                822.0599915741267,
                1050.7576766920504,
                1179.8412973930253
            ],
            637.5728461005125
        ],
        "path_node_count_max": [
            53.0,
            52.0,
            53.0
        ],
        "path_node_count_avg": [
            17.0,
            17.0,
            17.0,
            [
                5.0,
                7.0,
                11.0,
                23.0,
                30.0,
                34.0
            ],
            17.6997809934298
        ],
        "path_jumper_count_max": [
            12.0,
            10.0,
            12.0
        ],
        "path_jumper_count_avg": [
            1.0,
            1.0,
            1.0,
            [
                0.0,
                0.0,
                1.0,
                2.0,
                3.0,
                5.0
            ],
            1.5088252647579428
        ],
        "path_sensor_jumper_length_max": [
            39.85194347395222,
            38.14898484192438,
            39.85194347395222
        ],
        "path_sensor_jumper_length_avg": [
            7.401628272688548,
            7.344306967096232,
            7.458791198767386,
            [
                0.5962350646046501,
                1.1957213551202506,
                3.1931144554885864,
                14.76285095028827,
                22.25698476929608,
                26.01323508736405
            ],
            9.7157517528082
        ],
        "path_router_node_branches_max": [
            3.0,
            3.0,
            3.0
        ],
        "path_router_node_branches_avg": [
            2.0,
            2.0,
            2.0,
            [
                2.0,
                2.0,
                2.0,
                2.0,
                2.0,
                2.0
            ],
            2.034375
        ],
        "graph_max_wire_length": [
            1243.455526930547,
            1161.0299196088706,
            1296.194075770592,
            [
                980.9370993734832,
                1001.0978289403911,
                1068.8202552569176,
                1406.9674671827718,
                1691.092628646343,
                1740.7200256304527
            ],
            1282.278349961418
        ],
        "graph_avg_wire_length": [
            585.8747835082955,
            555.3429221638887,
            605.2089984371797,
            [
                483.98504322002333,
                498.5613225285088,
                522.7646493464948,
                680.0834031207861,
                894.6865519991854,
                929.7064118081995
            ],
            629.6755146000505
        ],
        "graph_max_node_count": [
            37.0,
            34.0,
            39.0,
            [
                29.0,
                30.0,
                32.0,
                42.0,
                50.0,
                52.0
            ],
            38.14
        ],
        "graph_avg_node_count": [
            16.922413359788358,
            15.715163261460605,
            17.73733804475854,
            [
                14.157201405152223,
                14.317018221093265,
                14.94251430866553,
                19.562104197685127,
                25.529343327306623,
                27.59006941588366
            ],
            18.288168697701586
        ],