{
    "total_wire_length": 5237.157896919516,
    "total_jumper_length": 0.0,
    "total_jumper_count": 0,
    "center_node_count": 18,
    "edge_node_count": 34,
    "total_node_count": 52,
    "reachable_node_count": [
        19.0,
        19.0,
        19.0,
        [
            5.0,
            5.0,
            19.0,
            20.0,
            20.0,
            20.0
        ],
        16.35
    ],
    "unreachable_node_count": [
        33.0,
        33.0,
        33.0,
        [
            32.0,
            32.0,
            32.0,
            33.0,
            47.0,
            47.0
        ],
        35.65
    ],
    "reachable_wire_length": [
        2168.8406268416725,
        2168.8406268416725,
        2168.8406268416725,
        [
            207.36462816838824,
            207.36462816838824,
            2168.8406268416725,
            2425.4347439497355,
            2425.4347439497355,
            2425.4347439497355
        ],
        1809.8564297075372
    ],
    "unreachable_wire_length": [
        3068.3172700778423,
        3068.3172700778423,
        3068.3172700778423,
        [
            2811.723152969779,
            2811.723152969779,
            2811.723152969779,
            3068.3172700778423,
            5029.7932687511275,
            5029.7932687511275
        ],
        3427.301467211977
    ],
    "reachable_jumper_length": [
        0.0,
        0.0,
        0.0,
        [
            0.0,
            0.0,
            0.0,
            0.0,
            0.0,
            0.0
        ],
        0.0
    ],
    "unreachable_jumper_length": [
        0.0,
        0.0,
        0.0,
        [
            0.0,
            0.0,
            0.0,
            0.0,
            0.0,
            0.0
        ],
        0.0
    ],
    "reachable_jumper_count": [
        0.0,
        0.0,
        0.0,
        [
            0.0,
            0.0,
            0.0,
            0.0,
            0.0,
            0.0
        ],
        0.0
    ],
    "unreachable_jumper_count": [
        0.0,
        0.0,
        0.0,
        [
            0.0,
            0.0,
            0.0,
            0.0,
            0.0,
            0.0
        ],
        0.0
    ],
    "shortest_path": {
        "percent_useful_node_count": [
            0.15384615384615385,
            0.1346153846153846,
            0.15384615384615385,
            [
                0.038461538461538464,
                0.038461538461538464,
                0.1298076923076923,
                0.15384615384615385,
                0.15384615384615385,
                0.17307692307692307
            ],
            0.1246153846153846
        ],
        "percent_useful_wire_length": 17.819619913733366,
        "percent_reachable_sensors": 0.07249,
        "percent_useful_jumper_count": [
            -1.0,
            -1.0,
            -1.0,
            [
                -1.0,
                -1.0,
                -1.0,
                -1.0,
                -1.0,
                -1.0
            ],
            -1.0
        ],
        "percent_useful_jumper_length": [
            -1.0,
            -1.0,
            -1.0,
            [
                -1.0,
                -1.0,
                -1.0,
                -1.0,
                -1.0,
                -1.0
            ],
            -1.0
        ],
        "percent_unreachable_bc_short_jumper": 0.79108,
        "percent_multiroute_reached_nodes": [
            0.875,
            0.875,
            0.875,
            [
                0.5,
                0.5,
                0.7777777777777778,
                1.0,
                1.0,
                1.0
            ],
            0.8458373015873016
        ],
        "path_length_max": [
            862.3531733304923,
            852.2783908988723,
            862.3531733304923
        ],
        "path_length_avg": [
            326.3096641754102,
            321.9112832781908,
            331.7458315162626,
            [
                112.6164041676725,
                141.51181511073122,
                211.00870554573612,
                460.68432782672375,
                571.0947308143958,
                639.9777406109616
            ],
            343.69801508703176
        ],
        "path_node_count_max": [
            6.0,
            5.0,
            6.0
        ],
        "path_node_count_avg": [
            2.0,
            2.0,
            2.0,
            [
                1.0,
                1.0,
                1.0,
                3.0,
                3.0,
                4.0
            ],
            2.080424886191199
        ],
        "path_jumper_count_max": [
            0.0,
            0.0,
            0.0
        ],
        "path_jumper_count_avg": [
            0.0,
            0.0,
            0.0,
            [
                0.0,
                0.0,
                0.0,
                0.0,
                0.0,
                0.0
            ],
            0.0
        ],
        "path_sensor_jumper_length_max": [
            9.998701633586457,
            9.995596965516512,
            9.998701633586457
        ],
        "path_sensor_jumper_length_avg": [
            4.855234146022516,
            4.748109849875636,
            4.94986426682243,
            [
                0.4708290126951917,
                0.915483668211898,
                2.387471310064364,
                7.29113074183137,
                8.841043843267808,
                9.42148493764282
            ],
            4.859483329872907
        ],
        "path_router_node_branches_max": [
            3.0,
            3.0,
            3.0
        ],
        "path_router_node_branches_avg": [
            3.0,
            3.0,
            3.0,
            [
                3.0,
                3.0,
                3.0,
                3.0,
                3.0,
                3.0
            ],
            3.0
        ],
        "graph_max_wire_length": [
            593.7801473216439,
            568.3603721626762,
            628.0133589807269,
            [
                244.81842806664926,
                277.3053332013357,
                469.7891309503747,
                686.7897433647273,
                751.1681637287916,
                805.0390360749715
            ],
            557.4419656324674
        ],
        "graph_avg_wire_length": [
            352.0079762903798,
            339.6751312995747,
            363.0027284323294,
            [
                179.07405763383517,
                198.5055335301083,
                299.70079427176495,
                398.4770207695251,
                441.2300159030857,
                487.76985337169646
            ],
            339.6187104358221
        ],
        "graph_max_node_count": [
            4.0,
            4.0,
            5.0,
            [
                2.0,
                2.0,
                4.0,
                5.0,
                6.0,
                6.0
            ],
            4.17
        ],
        "graph_avg_node_count": [
            2.8973684210526316,
            2.75,
            3.0,
            [
                1.6,
                1.6,
                2.6842105263157894,
                3.05,
                3.526315789473684,
                3.8421052631578947
            ],
            2.7756447368421053
        ],
        "graph_max_jumper_count": [
            0.0,
            0.0,
            0.0,
            [
                0.0,
                0.0,
                0.0,
                0.0,
                0.0,
                0.0
            ],
            0.0
        ],
        "graph_avg_jumper_count": [
            0.0,
            0.0,
            0.0,
            [
                0.0,
                0.0,
                0.0,
                0.0,
                0.0,
                0.0
            ],
            0.0
        ]
    },