{
    "total_wire_length": 24176.333689248528,
    "total_jumper_length": 18901.519400838075,
    "total_jumper_count": 286,
    "center_node_count": 301,
    "edge_node_count": 152,
    "total_node_count": 453,
    "reachable_node_count": [
        453.0,
        453.0,
        453.0,
        [
            453.0,
            453.0,
            453.0,
            453.0,
            453.0,
            453.0
        ],
        453.0
    ],
    "unreachable_node_count": [
        0.0,
        0.0,
        0.0,
        [
            0.0,
            0.0,
            0.0,
            0.0,
            0.0,
            0.0
        ],
        0.0
    ],
    "reachable_wire_length": [
        24176.333689248524,
        24176.333689248524,
        24176.333689248524,
        [
            24176.333689248524,
            24176.333689248524,
            24176.333689248524,
            24176.333689248524,
            24176.333689248524,
            24176.333689248524
        ],
        24176.333689248535
    ],
    "unreachable_wire_length": [
        0.0,
        0.0,
        0.0,
        [
            0.0,
            0.0,
            0.0,
            0.0,
            0.0,
            0.0
        ],
        0.0
    ],
    "reachable_jumper_length": [
        18901.519400838082,
        18901.519400838082,
        18901.519400838082,
        [
            18901.519400838082,
            18901.519400838082,
            18901.519400838082,
            18901.519400838082,
            18901.519400838082,
            18901.519400838082
        ],
        18901.519400838086
    ],
    "unreachable_jumper_length": [
        0.0,
        0.0,
        0.0,
        [
            0.0,
            0.0,
            0.0,
            0.0,
            0.0,
            0.0
        ],
        0.0
    ],
    "reachable_jumper_count": [
        286.0,
        286.0,
        286.0,
        [
            286.0,
            286.0,
            286.0,
            286.0,
            286.0,
            286.0
        ],
        286.0
    ],
    "unreachable_jumper_count": [
        0.0,
        0.0,
        0.0,
        [
            0.0,
            0.0,
            0.0,
            0.0,
            0.0,
            0.0
        ],
        0.0
    ],
    "shortest_path": {
        "percent_useful_node_count": [
            0.7969094922737306,
            0.7924944812362031,
            0.8024282560706402,
            [
                0.7726269315673289,
                0.7814569536423841,
                0.7880794701986755,
                0.8101545253863135,
                0.8123620309050773,
                0.8167770419426048
            ],
            0.7977924944812363
        ],
        "percent_useful_wire_length": 53.9318846519019,
        "percent_reachable_sensors": 1.0,
        "percent_useful_jumper_count": [
            0.17132867132867133,
            0.16783216783216784,
            0.17482517482517482,
            [
                0.14667832167832168,
                0.1534965034965035,
                0.16083916083916083,
                0.18181818181818182,
                0.1888111888111888,
                0.1958041958041958
            ],
            0.1706643356643357
        ],
        "percent_useful_jumper_length": [
            0.013986013986013986,
            0.013986013986013986,
            0.013986013986013986,
            [
                0.01048951048951049,
                0.01048951048951049,
                0.013986013986013986,
                0.017482517482517484,
                0.017482517482517484,
                0.017482517482517484
            ],
            0.014195804195804195
        ],
        "percent_unreachable_bc_short_jumper": 0.0,
        "percent_multiroute_reached_nodes": [
            0.5149863760217984,
            0.505464480874317,
            0.516907982472852,
            [
                0.48077130967894804,
                0.4859635009310987,
                0.49826651972264313,
                0.5250349162011173,
                0.5351849214261976,
                0.5434936896106757
            ],
            0.5113457684363997
        ],
        "path_length_max": [
            845.9090362157563,
            836.3913252471483,
            845.9090362157563
        ],
        "path_length_avg": [
            397.78605343500635,
            396.49771056979296,
            399.02244655393474,
            [
                141.74310277296763,
                189.09874899333116,
                284.11944376000577,
                502.65855445559066,
                593.2030473413348,
                641.3082571581538
            ],
            394.2602372753959
        ],
        "path_node_count_max": [
            26.0,
            25.0,
            26.0
        ],
        "path_node_count_avg": [
            11.0,
            11.0,
            11.0,
            [
                3.0,
                5.0,
                7.0,
                14.0,
                16.0,
                18.0
            ],
            10.6449
        ],
        "path_jumper_count_max": [
            7.0,
            7.0,
            7.0
        ],
        "path_jumper_count_avg": [
            1.0,
            1.0,
            1.0,
            [
                0.0,
                0.0,
                0.0,
                1.0,
                2.0,
                3.0
            ],
            0.99997
        ],
        "path_sensor_jumper_length_max": [
            37.4419146711072,
            36.69735900535053,
            37.4419146711072
        ],
        "path_sensor_jumper_length_avg": [
            7.302765927020782,
            7.241624101697526,
            7.3605678694393095,
            [
                0.5866998071904047,
                1.2010858471142931,
                3.200667171635129,
                14.644545305767773,
                22.182413805769727,
                25.965441309120397
            ],
            9.657759832918206
        ],
        "path_router_node_branches_max": [
            5.0,
            5.0,
            5.0
        ],
        "path_router_node_branches_avg": [
            2.0,
            2.0,
            2.0,
            [
                2.0,
                2.0,
                2.0,
                2.0,
                3.0,
                4.0
            ],
            2.329608938547486
        ],
        "graph_max_wire_length": [
            692.5309640129911,
            677.3109161579525,
            729.4066891424449,
            [
                573.3153601748043,
                599.9709317953198,
                646.3614351327244,
                759.4092356439826,
                790.687346903032,
                811.0833097007725
            ],
            698.4328559555959
        ],
        "graph_avg_wire_length": [
            373.0390299985055,
            364.0498255621599,
            398.2013658284318,
            [
                336.3139283846791,
                340.2115129785973,
                351.77332129171805,
                422.7383172379987,
                448.26493374411604,
                469.1712309762176
            ],
            388.5969854764524
        ],
        "graph_max_node_count": [
            21.0,
            20.0,
            21.0,
            [
                17.95,
                18.0,
                19.0,
                22.0,
                24.0,
                25.0
            ],
            20.85
        ],
        "graph_avg_node_count": [
            10.923998026699355,
            10.453982707873436,
            11.427392731142954,
            [
                9.842367256637168,
                9.955563950990415,
                10.110749719778955,
                12.01940133037694,
                13.139724035467607,
                13.360773933114277
            ],
            11.218493931065046
        ],