{
    "total_wire_length": 18807.28506276583,
    "total_jumper_length": 288.6743584369947,
    "total_jumper_count": 14,
    "center_node_count": 59,
    "edge_node_count": 68,
    "total_node_count": 127,
    "reachable_node_count": [
        127.0,
        127.0,
        127.0,
        [
            127.0,
            127.0,
            127.0,
            127.0,
            127.0,
            127.0
        ],
        127.0
    ],
    "unreachable_node_count": [
        0.0,
        0.0,
        0.0,
        [
            0.0,
            0.0,
            0.0,
            0.0,
            0.0,
            0.0
        ],
        0.0
    ],
    "reachable_wire_length": [
        18807.28506276583,
        18807.28506276583,
        18807.28506276583,
        [
            18807.28506276583,
            18807.28506276583,
            18807.28506276583,
            18807.28506276583,
            18807.28506276583,
            18807.28506276583
        ],
        18807.28506276583
    ],
    "unreachable_wire_length": [
        0.0,
        0.0,
        0.0,
        [
            0.0,
            0.0,
            0.0,
            0.0,
            0.0,
            0.0
        ],
        0.0
    ],
    "reachable_jumper_length": [
        288.6743584369947,
        288.6743584369947,
        288.6743584369947,
        [
            288.6743584369947,
            288.6743584369947,
            288.6743584369947,
            288.6743584369947,
            288.6743584369947,
            288.6743584369947
        ],
        288.6743584369947
    ],
    "unreachable_jumper_length": [
        0.0,
        0.0,
        0.0,
        [
            0.0,
            0.0,
            0.0,
            0.0,
            0.0,
            0.0
        ],
        0.0
    ],
    "reachable_jumper_count": [
        14.0,
        14.0,
        14.0,
        [
            14.0,
            14.0,
            14.0,
            14.0,
            14.0,
            14.0
        ],
        14.0
    ],
    "unreachable_jumper_count": [
        0.0,
        0.0,
        0.0,
        [
            0.0,
            0.0,
            0.0,
            0.0,
            0.0,
            0.0
        ],
        0.0
    ],
    "shortest_path": {
        "percent_useful_node_count": [
            0.6456692913385826,
            0.6456692913385826,
            0.6535433070866141,
            [
                0.6141732283464567,
                0.6141732283464567,
                0.6377952755905512,
                0.6614173228346457,
                0.6614173228346457,
                0.6692913385826772
            ],
            0.6457480314960629
        ],
        "percent_useful_wire_length": 51.696273835441424,
        "percent_reachable_sensors": 0.58809,
        "percent_useful_jumper_count": [
            0.8571428571428571,
            0.8571428571428571,
            0.9285714285714286,
            [
                0.7142857142857143,
                0.7142857142857143,
                0.7857142857142857,
                0.9285714285714286,
                0.9285714285714286,
                0.9285714285714286
            ],
            0.8564285714285715
        ],
        "percent_useful_jumper_length": [
            0.2857142857142857,
            0.21428571428571427,
            0.2857142857142857,
            [
                0.21428571428571427,
                0.21428571428571427,
                0.21428571428571427,
                0.2857142857142857,
                0.35714285714285715,
                0.35714285714285715
            ],
            0.2728571428571429
        ],
        "percent_unreachable_bc_short_jumper": 0.41191,
        "percent_multiroute_reached_nodes": [
            0.573941687692739,
            0.5679012345679012,
            0.5833333333333334,
            [
                0.5421190644932672,
                0.548664343786295,
                0.5595238095238095,
                0.5903614457831325,
                0.6097560975609756,
                0.6153846153846154
            ],
            0.5766816235789374
        ],
        "path_length_max": [
            1964.1868360694314,
            1866.685928678228,
            1964.1868360694314
        ],
        "path_length_avg": [
            893.9017499589759,
            889.7774149112598,
            897.6930386774926,
            [
                288.3827294974461,
                403.68531998045756,
                626.8070751028403,
                1144.4405442633913,
                1349.0640585110598,
                1469.382577948375
            ],
            886.4636608860039
        ],
        "path_node_count_max": [
            19.0,
            19.0,
            19.0
        ],
        "path_node_count_avg": [
            7.0,
            7.0,
            7.0,
            [
                2.0,
                2.0,
                4.0,
                9.0,
                12.0,
                13.0
            ],
            6.918753932221259
        ],
        "path_jumper_count_max": [
            4.0,
            4.0,
            4.0
        ],
        "path_jumper_count_avg": [
            1.0,
            1.0,
            1.0,
            [
                0.0,
                0.0,
                0.0,
                1.0,
                2.0,
                2.0
            ],
            0.8664660171062253
        ],
        "path_sensor_jumper_length_max": [
            39.997283567810584,
            39.99297276895526,
            39.997283567810584
        ],
        "path_sensor_jumper_length_avg": [
            16.119506052034264,
            15.965355063357729,
            16.299249051320984,
            [
                1.4384831729791878,
                2.8704656798725767,
                7.648597542787463,
                26.423226807293815,
                33.910091182558695,
                36.89517134893731
            ],
            17.32913985870527
        ],
        "path_router_node_branches_max": [
            3.0,
            3.0,
            3.0
        ],
        "path_router_node_branches_avg": [
            2.0,
            2.0,
            2.0,
            [
                2.0,
                2.0,
                2.0,
                2.0,
                3.0,
                3.0
            ],
            2.1702127659574466
        ],
        "graph_max_wire_length": [
            1589.2761208337106,
            1546.5967096162185,
            1625.8268802670098,
            [
                1311.9431120394088,
                1373.219864952696,
                1482.2126910608952,
                1709.1972484157338,
                1749.77300624806,
                1777.4689364593446
            ],
            1578.3417604898732
        ],
        "graph_avg_wire_length": [
            888.7986125344354,
            859.5841409534481,
            904.6113803393511,
            [
                770.777843945404,
                791.3056348024311,
                827.3418980602125,
                969.2261868521305,
                1040.7644419288806,
                1110.2068598694525
            ],
            903.908875836469
        ],
        "graph_max_node_count": [
            15.0,
            14.0,
            16.0,
            [
                12.0,
                13.0,
                14.0,
                17.0,
                19.0,
                19.0
            ],
            15.36
        ],
        "graph_avg_node_count": [
            7.63496062992126,
            7.481696819147607,
            7.9763779527559056,
            [
                6.510629921259842,
                6.527184101987252,
                7.072834645669291,
                8.424603174603174,
                9.297356580427447,
                10.308626492252984
            ],
            7.860343079024992
        ],