{
    "total_wire_length": 234175.6922356437,
    "total_jumper_length": 1530.0854320031226,
    "total_jumper_count": 303,
    "center_node_count": 5858,
    "edge_node_count": 746,
    "total_node_count": 6604,
    "reachable_node_count": [
        6604.0,
        6604.0,
        6604.0,
        [
            6604.0,
            6604.0,
            6604.0,
            6604.0,
            6604.0,
            6604.0
        ],
        6604.0
    ],
    "unreachable_node_count": [
        0.0,
        0.0,
        0.0,
        [
            0.0,
            0.0,
            0.0,
            0.0,
            0.0,
            0.0
        ],
        0.0
    ],
    "reachable_wire_length": [
        234175.69223564377,
        234175.69223564377,
        234175.69223564377,
        [
            234175.69223564377,
            234175.69223564377,
            234175.69223564377,
            234175.69223564377,
            234175.69223564377,
            234175.69223564377
        ],
        234175.69223564386
    ],
    "unreachable_wire_length": [
        0.0,
        0.0,
        0.0,
        [
            0.0,
            0.0,
            0.0,
            0.0,
            0.0,
            0.0
        ],
        0.0
    ],
    "reachable_jumper_length": [
        1530.0854320031224,
        1530.0854320031224,
        1530.0854320031224,
        [
            1530.0854320031224,
            1530.0854320031224,
            1530.0854320031224,
            1530.0854320031224,
            1530.0854320031224,
            1530.0854320031224
        ],
        1530.085432003123
    ],
    "unreachable_jumper_length": [
        0.0,
        0.0,
        0.0,
        [
            0.0,
            0.0,
            0.0,
            0.0,
            0.0,
            0.0
        ],
        0.0
    ],
    "reachable_jumper_count": [
        303.0,
        303.0,
        303.0,
        [
            303.0,
            303.0,
            303.0,
            303.0,
            303.0,
            303.0
        ],
        303.0
    ],
    "unreachable_jumper_count": [
        0.0,
        0.0,
        0.0,
        [
            0.0,
            0.0,
            0.0,
            0.0,
            0.0,
            0.0
        ],
        0.0
    ],
    "shortest_path": {
        "percent_useful_node_count": [
            0.5322531798909751,
            0.5284675953967293,
            0.5347516656571775,
            [
                0.511591459721381,
                0.5141883706844337,
                0.5208585705632949,
                0.5407328891580859,
                0.5495608721986674,
                0.5530133252574198
            ],
            0.5314854633555423
        ],
        "percent_useful_wire_length": 28.97882057052306,
        "percent_reachable_sensors": 0.86507,
        "percent_useful_jumper_count": [
            0.22442244224422442,
            0.2145214521452145,
            0.23102310231023102,
            [
                0.18135313531353137,
                0.19141914191419143,
                0.20132013201320131,
                0.2508250825082508,
                0.2706270627062706,
                0.27079207920792076
            ],
            0.226006600660066
        ],
        "percent_useful_jumper_length": [
            0.013201320132013201,
            0.013201320132013201,
            0.0165016501650165,
            [
                0.009900990099009901,
                0.009900990099009901,
                0.013201320132013201,
                0.0165016501650165,
                0.016831683168316857,
                0.019801980198019802
            ],
            0.014257425742574256
        ],
        "percent_unreachable_bc_short_jumper": 0.13493,
        "percent_multiroute_reached_nodes": [
            0.5421949731914169,
            0.5401476448732223,
            0.5477909327172972,
            [
                0.5287593473848773,
                0.5308332962824169,
                0.5357852427945886,
                0.5516682918432845,
                0.5573772760399857,
                0.5603253423283544
            ],
            0.5436276047926023
        ],
        "path_length_max": [
            2581.4678970491004,
            2550.3702539034557,
            2581.4678970491004
        ],
        "path_length_avg": [
            856.8439142561016,
            853.4858393985442,
            860.1025515720531,
            [
                248.1087242445167,
                351.1794251572874,
                580.3809755861457,
                1161.9009264102096,
                1493.5714892512,
                1672.7719556376887
            ],
            895.320545630144
        ],
        "path_node_count_max": [
            137.0,
            135.0,
            137.0
        ],
        "path_node_count_avg": [
            45.0,
            44.0,
            45.0,
            [
                13.0,
                18.0,
                30.0,
                61.0,
                78.0,
                88.0
            ],
            46.660015952466274
        ],
        "path_jumper_count_max": [
            9.0,
            9.0,
            9.0
        ],
        "path_jumper_count_avg": [
            1.0,
            1.0,
            1.0,
            [
                0.0,
                0.0,
                0.0,
                2.0,
                3.0,
                3.0
            ],
            1.2326979319592635
        ],
        "path_sensor_jumper_length_max": [
            9.999792317609671,
            9.999342532633422,
            9.999792317609671
        ],
        "path_sensor_jumper_length_avg": [
            3.0238948715643272,
            2.995839011619202,
            3.0515741577206814,
            [
                0.25603034787680573,
                0.5184976995636601,
                1.3561483881650322,
                5.467088894202887,
                7.906474884353173,
                8.904406782806134
            ],
            3.6254582687702785
        ],
        "path_router_node_branches_max": [
            3.0,
            3.0,
            3.0
        ],
        "path_router_node_branches_avg": [
            2.0,
            2.0,
            2.0,
            [
                2.0,
                2.0,
                2.0,
                2.0,
                2.0,
                2.0
            ],
            2.016111707841031
        ],
        "graph_max_wire_length": [
            1843.3419149715369,
            1780.0588955587305,
            1896.550228080712,
            [
                1507.8675855486129,
                1582.6352212026227,
                1698.1866687097142,
                2103.864483726158,
                2372.150704513496,
                2505.2805291992067
            ],
            1908.1049613339303
        ],
        "graph_avg_wire_length": [
            818.4280932581928,
            797.8549369436624,
            850.0882331023828,
            [
                714.2850207413633,
                724.1123479294712,
                755.1834994479955,
                970.3925042600464,
                1178.3737599288334,
                1312.7031941420407
            ],
            889.6831859365687
        ],
        "graph_max_node_count": [
            99.0,
            93.9875,
            101.0,
            [
                79.95,
                83.0,
                90.0,
                111.5,
                126.10000000000001,
                134.0
            ],
            101.5
        ],
        "graph_avg_node_count": [
            43.62730926877218,
            42.08568295739348,
            44.796932515337424,
            [
                37.752195428724406,
                38.27419229978157,
                40.116912407499754,
                51.4222307905514,
                61.90780784208488,
                69.0214782756098
            ],
            46.969502400181874
        ],