{
    "total_wire_length": 6747.082702158063,
    "total_jumper_length": 218.0291312535286,
    "total_jumper_count": 4,
    "center_node_count": 21,
    "edge_node_count": 24,
    "total_node_count": 45,
    "reachable_node_count": [
        22.0,
        22.0,
        23.0,
        [
            22.0,
            22.0,
            22.0,
            23.0,
            23.0,
            23.0
        ],
        22.48
    ],
    "unreachable_node_count": [
        23.0,
        22.0,
        23.0,
        [
            22.0,
            22.0,
            22.0,
            23.0,
            23.0,
            23.0
        ],
        22.52
    ],
    "reachable_wire_length": [
        3293.885740974305,
        3293.885740974305,
        3453.196961183757,
        [
            3293.885740974305,
            3293.885740974305,
            3293.885740974305,
            3453.196961183757,
            3453.196961183757,
            3453.196961183757
        ],
        3370.3551266748414
    ],
    "unreachable_wire_length": [
        3453.196961183757,
        3293.885740974305,
        3453.196961183757,
        [
            3293.885740974305,
            3293.885740974305,
            3293.885740974305,
            3453.196961183757,
            3453.196961183757,
            3453.196961183757
        ],
        3376.727575483219
    ],
    "reachable_jumper_length": [
        118.69390846188465,
        99.33522279164396,
        118.69390846188465,
        [
            99.33522279164396,
            99.33522279164396,
            99.33522279164396,
            118.69390846188465,
            118.69390846188465,
            118.69390846188465
        ],
        109.4017393401691
    ],
    "unreachable_jumper_length": [
        99.33522279164396,
        99.33522279164396,
        118.69390846188465,
        [
            99.33522279164396,
            99.33522279164396,
            99.33522279164396,
            118.69390846188465,
            118.69390846188465,
            118.69390846188465
        ],
        108.62739191335946
    ],
    "reachable_jumper_count": [
        2.0,
        2.0,
        2.0,
        [
            2.0,
            2.0,
            2.0,
            2.0,
            2.0,
            2.0
        ],
        2.0
    ],
    "unreachable_jumper_count": [
        2.0,
        2.0,
        2.0,
        [
            2.0,
            2.0,
            2.0,
            2.0,
            2.0,
            2.0
        ],
        2.0
    ],
    "shortest_path": {
        "percent_useful_node_count": [
            0.3333333333333333,
            0.3111111111111111,
            0.3333333333333333,
            [
                0.26666666666666666,
                0.28888888888888886,
                0.3111111111111111,
                0.3388888888888889,
                0.35555555555555557,
                0.35555555555555557
            ],
            0.32355555555555554
        ],
        "percent_useful_wire_length": 26.664813458799046,
        "percent_reachable_sensors": 0.41015,
        "percent_useful_jumper_count": [
            0.5,
            0.5,
            0.5,
            [
                0.0,
                0.25,
                0.25,
                0.5,
                0.5,
                0.5
            ],
            0.385
        ],
        "percent_useful_jumper_length": [
            0.0,
            0.0,
            0.0,
            [
                0.0,
                0.0,
                0.0,
                0.0,
                0.0,
                0.0
            ],
            0.0
        ],
        "percent_unreachable_bc_short_jumper": 0.17798,
        "percent_multiroute_reached_nodes": [
            0.6153846153846154,
            0.5714285714285714,
            0.6428571428571429,
            [
                0.4,
                0.4375,
                0.5333333333333333,
                0.6923076923076923,
                0.7142857142857143,
                0.7160714285714285
            ],
            0.5976449996082349
        ],
        "path_length_max": [
            941.3224016578213,
            911.90049393271,
            941.3224016578213
        ],
        "path_length_avg": [
            416.24213336011917,
            414.08281779112514,
            418.60794448305586,
            [
                158.6165518798896,
                198.19488428255335,
                292.2228664120544,
                529.2222433381379,
                627.6645777763928,
                678.8653838661822
            ],
            414.36926669569516
        ],
        "path_node_count_max": [
            7.0,
            7.0,
            7.0
        ],
        "path_node_count_avg": [
            2.0,
            2.0,
            2.0,
            [
                1.0,
                1.0,
                2.0,
                3.0,
                5.0,
                5.0
            ],
            2.6171156893819334
        ],
        "path_jumper_count_max": [
            2.0,
            2.0,
            2.0
        ],
        "path_jumper_count_avg": [
            0.0,
            0.0,
            0.0,
            [
                0.0,
                0.0,
                0.0,
                0.0,
                1.0,
                1.0
            ],
            0.18025112763623063
        ],
        "path_sensor_jumper_length_max": [
            79.99800926697903,
            79.98049683167369,
            79.99800926697903
        ],
        "path_sensor_jumper_length_avg": [
            24.28040574644701,
            23.961307475156318,
            24.612889985074897,
            [
                2.0309886448091974,
                4.184309274726807,
                10.812849685296765,
                44.33515491850804,
                63.710689002497055,
                71.47735894079982
            ],
            29.187734977419947
        ],
        "path_router_node_branches_max": [
            3.0,
            2.0,
            3.0
        ],
        "path_router_node_branches_avg": [
            2.0,
            2.0,
            3.0,
            [
                2.0,
                2.0,
                2.0,
                2.0,
                3.0,
                3.0
            ],
            2.2222222222222223
        ],
        "graph_max_wire_length": [
            661.4731588416707,
            640.0344878340904,
            691.4069483633372,
            [
                511.65388890445263,
                527.748687804516,
                581.1357495102097,
                731.4598721472455,
                760.3096109653973,
                785.4541660348763
            ],
            657.4300077104374
        ],
        "graph_avg_wire_length": [
            386.83205489001233,
            371.87763461814524,
            399.4527647385335,
            [
                313.6771904843891,
                325.9240113132115,
                347.3552315234705,
                436.32422330061775,
                510.76011235495196,
                540.2141697721689
            ],
            400.70411175381344
        ],
        "graph_max_node_count": [
            6.0,
            6.0,
            6.0,
            [
                5.0,
                5.0,
                5.0,
                7.0,
                7.0,
                7.0
            ],
            6.0
        ],
        "graph_avg_node_count": [
            3.3722943722943723,
            3.2857142857142856,
            3.5,
            [
                2.9502164502164505,
                3.040909090909091,
                3.1818181818181817,
                3.652173913043478,
                3.772727272727273,
                4.0
            ],
            3.404147374364765
        ],