{
    "total_wire_length": 77834.77967554018,
    "total_jumper_length": 1995.5302054981023,
    "total_jumper_count": 201,
    "center_node_count": 1947,
    "edge_node_count": 302,
    "total_node_count": 2249,
    "reachable_node_count": [
        2249.0,
        2249.0,
        2249.0,
        [
            2249.0,
            2249.0,
            2249.0,
            2249.0,
            2249.0,
            2249.0
        ],
        2249.0
    ],
    "unreachable_node_count": [
        0.0,
        0.0,
        0.0,
        [
            0.0,
            0.0,
            0.0,
            0.0,
            0.0,
            0.0
        ],
        0.0
    ],
    "reachable_wire_length": [
        77834.7796755402,
        77834.7796755402,
        77834.7796755402,
        [
            77834.7796755402,
            77834.7796755402,
            77834.7796755402,
            77834.7796755402,
            77834.7796755402,
            77834.7796755402
        ],
        77834.7796755402
    ],
    "unreachable_wire_length": [
        0.0,
        0.0,
        0.0,
        [
            0.0,
            0.0,
            0.0,
            0.0,
            0.0,
            0.0
        ],
        0.0
    ],
    "reachable_jumper_length": [
        1995.5302054981034,
        1995.5302054981034,
        1995.5302054981034,
        [
            1995.5302054981034,
            1995.5302054981034,
            1995.5302054981034,
            1995.5302054981034,
            1995.5302054981034,
            1995.5302054981034
        ],
        1995.5302054981034
    ],
    "unreachable_jumper_length": [
        0.0,
        0.0,
        0.0,
        [
            0.0,
            0.0,
            0.0,
            0.0,
            0.0,
            0.0
        ],
        0.0
    ],
    "reachable_jumper_count": [
        201.0,
        201.0,
        201.0,
        [
            201.0,
            201.0,
            201.0,
            201.0,
            201.0,
            201.0
        ],
        201.0
    ],
    "unreachable_jumper_count": [
        0.0,
        0.0,
        0.0,
        [
            0.0,
            0.0,
            0.0,
            0.0,
            0.0,
            0.0
        ],
        0.0
    ],
    "shortest_path": {
        "percent_useful_node_count": [
            0.670964873277012,
            0.6691863050244553,
            0.6727434415295687,
            [
                0.6607158737216541,
                0.6633614939973322,
                0.6672965762561138,
                0.6754112939084037,
                0.6803468208092485,
                0.6835482436638506
            ],
            0.6713028012449976
        ],
        "percent_useful_wire_length": 37.171704065061114,
        "percent_reachable_sensors": 0.99999,
        "percent_useful_jumper_count": [
            0.30845771144278605,
            0.3034825870646766,
            0.31343283582089554,
            [
                0.25845771144278606,
                0.26865671641791045,
                0.2935323383084577,
                0.3283582089552239,
                0.3338308457711443,
                0.3482587064676617
            ],
            0.307910447761194
        ],
        "percent_useful_jumper_length": [
            0.009950248756218905,
            0.009950248756218905,
            0.009950248756218905,
            [
                0.004975124378109453,
                0.004975124378109453,
                0.004975124378109453,
                0.009950248756218905,
                0.009950248756218905,
                0.009950248756218905
            ],
            0.008009950248756217
        ],
        "percent_unreachable_bc_short_jumper": 1e-05,
        "percent_multiroute_reached_nodes": [
            0.5133438079207335,
            0.5103403924849741,
            0.5156323772818181,
            [
                0.4913557665210652,
                0.4955663248644765,
                0.5034262627876627,
                0.5231497983851056,
                0.5287895745336988,
                0.5369863480407876
            ],
            0.5131395667989201
        ],
        "path_length_max": [
            1215.6309580446984,
            1205.2602871434751,
            1215.6309580446984
        ],
        "path_length_avg": [
            492.8367409473065,
            490.5829988609208,
            495.0237053554201,
            [
                150.31575293863978,
                207.86322129017455,
                327.10809028459687,
                670.6691939655251,
                818.981277788671,
                899.0888861123515
            ],
            504.6366530154391
        ],
        "path_node_count_max": [
            75.0,
            73.0,
            75.0
        ],
        "path_node_count_avg": [
            27.0,
            27.0,
            27.0,
            [
                7.0,
                10.0,
                17.0,
                39.0,
                49.0,
                55.0
            ],
            28.463544635446354
        ],
        "path_jumper_count_max": [
            37.0,
            37.0,
            37.0
        ],
        "path_jumper_count_avg": [
            1.0,
            1.0,
            1.0,
            [
                0.0,
                0.0,
                0.0,
                7.0,
                15.0,
                19.0
            ],
            4.706167061670617
        ],
        "path_sensor_jumper_length_max": [
            19.373784790991262,
            18.25504885190759,
            19.373784790991262
        ],
        "path_sensor_jumper_length_avg": [
            3.650182480077436,
            3.62052487081139,
            3.6822248801364554,
            [
                0.2921021683128155,
                0.5955929844165295,
                1.5910441673661144,
                7.330218819631618,
                11.098096171912168,
                12.964315137895865
            ],
            4.828712183305661
        ],
        "path_router_node_branches_max": [
            3.0,
            3.0,
            3.0
        ],
        "path_router_node_branches_avg": [
            2.0,
            2.0,
            2.0,
            [
                2.0,
                2.0,
                2.0,
                2.0,
                2.0,
                2.0
            ],
            2.019255455712452
        ],
        "graph_max_wire_length": [
            971.1302544515723,
            932.5898251827309,
            998.0296557970171,
            [
                766.310389464346,
                806.1409496461366,
                865.7736536528015,
                1054.3090996214444,
                1127.0776413331569,
                1161.2057892884013
            ],
            962.5582408229116
        ],
        "graph_avg_wire_length": [
            478.90115412516036,
            462.8955038243294,
            497.6339083066792,
            [
                371.88461919023393,
                400.7365478701858,
                434.2746110507303,
                530.8909866431699,
                579.4891320211495,
                610.8801604834747
            ],
            484.07712833400416
        ],
        "graph_max_node_count": [
            58.5,
            56.9875,
            61.0,
            [
                45.9,
                48.9,
                53.0,
                66.0,
                70.0,
                72.0
            ],
            59.01
        ],
        "graph_avg_node_count": [
            27.078555355535556,
            26.35021908573081,
            27.996884735202492,
            [
                22.594502544208325,
                23.47566106220535,
                24.98722689696509,
                30.46116803899013,
                33.66646601019284,
                35.82872339266413
            ],
            27.81250864496419
        ],