{
    "total_wire_length": 37992.616538033144,
    "total_jumper_length": 601.8175614785906,
    "total_jumper_count": 24,
    "center_node_count": 237,
    "edge_node_count": 106,
    "total_node_count": 343,
    "reachable_node_count": [
        343.0,
        343.0,
        343.0,
        [
            343.0,
            343.0,
            343.0,
            343.0,
            343.0,
            343.0
        ],
        343.0
    ],
    "unreachable_node_count": [
        0.0,
        0.0,
        0.0,
        [
            0.0,
            0.0,
            0.0,
            0.0,
            0.0,
            0.0
        ],
        0.0
    ],
    "reachable_wire_length": [
        37992.61653803313,
        37992.61653803313,
        37992.61653803313,
        [
            37992.61653803313,
            37992.61653803313,
            37992.61653803313,
            37992.61653803313,
            37992.61653803313,
            37992.61653803313
        ],
        37992.61653803314
    ],
    "unreachable_wire_length": [
        0.0,
        0.0,
        0.0,
        [
            0.0,
            0.0,
            0.0,
            0.0,
            0.0,
            0.0
        ],
        0.0
    ],
    "reachable_jumper_length": [
        601.8175614785906,
        601.8175614785906,
        601.8175614785906,
        [
            601.8175614785906,
            601.8175614785906,
            601.8175614785906,
            601.8175614785906,
            601.8175614785906,
            601.8175614785906
        ],
        601.8175614785907
    ],
    "unreachable_jumper_length": [
        0.0,
        0.0,
        0.0,
        [
            0.0,
            0.0,
            0.0,
            0.0,
            0.0,
            0.0
        ],
        0.0
    ],
    "reachable_jumper_count": [
        24.0,
        24.0,
        24.0,
        [
            24.0,
            24.0,
            24.0,
            24.0,
            24.0,
            24.0
        ],
        24.0
    ],
    "unreachable_jumper_count": [
        0.0,
        0.0,
        0.0,
        [
            0.0,
            0.0,
            0.0,
            0.0,
            0.0,
            0.0
        ],
        0.0
    ],
    "shortest_path": {
        "percent_useful_node_count": [
            0.7346938775510204,
            0.7346938775510204,
            0.7405247813411079,
            [
                0.717201166180758,
                0.7201166180758017,
                0.7288629737609329,
                0.7434402332361516,
                0.749271137026239,
                0.7551020408163265
            ],
            0.7358892128279882
        ],
        "percent_useful_wire_length": 48.67556955035536,
        "percent_reachable_sensors": 0.85974,
        "percent_useful_jumper_count": [
            0.5833333333333334,
            0.5833333333333334,
            0.625,
            [
                0.4979166666666667,
                0.5,
                0.5416666666666666,
                0.6666666666666666,
                0.7083333333333334,
                0.75
            ],
            0.6066666666666667
        ],
        "percent_useful_jumper_length": [
            0.08333333333333333,
            0.041666666666666664,
            0.08333333333333333,
            [
                0.041666666666666664,
                0.041666666666666664,
                0.041666666666666664,
                0.08333333333333333,
                0.08333333333333333,
                0.08333333333333333
            ],
            0.06541666666666666
        ],
        "percent_unreachable_bc_short_jumper": 0.14026,
        "percent_multiroute_reached_nodes": [
            0.5304471343873518,
            0.525691699604743,
            0.5349391260867461,
            [
                0.5039354699803149,
                0.5112857356683131,
                0.5215686274509804,
                0.5479691876750701,
                0.5583620195065978,
                0.5676029265873016
            ],
            0.5335054791174604
        ],
        "path_length_max": [
            2040.5963106799916,
            2007.8697017489576,
            2040.5963106799916
        ],
        "path_length_avg": [
            789.089568125067,
            785.5377570596148,
            792.9827871644638,
            [
                252.39762338911922,
                337.87853003390927,
                517.670180927068,
                1114.7284560513033,
                1381.5366789719858,
                1511.2559173047814
            ],
            827.790775434669
        ],
        "path_node_count_max": [
            33.0,
            32.0,
            33.0
        ],
        "path_node_count_avg": [
            11.0,
            11.0,
            11.0,
            [
                3.0,
                4.0,
                7.0,
                17.0,
                21.0,
                23.0
            ],
            12.056354246632702
        ],
        "path_jumper_count_max": [
            7.0,
            7.0,
            7.0
        ],
        "path_jumper_count_avg": [
            1.0,
            1.0,
            1.0,
            [
                0.0,
                0.0,
                0.0,
                2.0,
                3.0,
                5.0
            ],
            1.20400353595273
        ],
        "path_sensor_jumper_length_max": [
            39.99806598729669,
            39.99791196504009,
            39.99806598729669
        ],
        "path_sensor_jumper_length_avg": [
            12.114191054915683,
            12.01769243448008,
            12.210301474819012,
            [
                1.020876039004001,
                2.069550661172932,
                5.444806591713618,
                21.8038656093068,
                31.623279432217927,
                35.491428316263026
            ],
            14.477454512630866
        ],
        "path_router_node_branches_max": [
            3.0,
            3.0,
            3.0
        ],
        "path_router_node_branches_avg": [
            2.0,
            2.0,
            2.0,
            [
                2.0,
                2.0,
                2.0,
                2.0,
                2.299999999999997,
                3.0
            ],
            2.101449275362319
        ],
        "graph_max_wire_length": [
            1618.8041536177059,
            1574.4914000903716,
            1653.2687585917643,
            [
                1208.8652635536369,
                1251.2528630133813,
                1442.4236344255612,
                1773.7742410787769,
                1886.0049724828984,
                1979.5158143973806
            ],
            1599.591432497035
        ],
        "graph_avg_wire_length": [
            806.724544296114,
            775.9579562788181,
            842.1188907338607,
            [
                622.7502485557604,
                661.3264510481026,
                715.702837134012,
                876.8262163864961,
                964.5762424215401,
                1002.5192354007031
            ],
            808.558561866574
        ],
        "graph_max_node_count": [
            26.0,
            25.0,
            27.0,
            [
                21.0,
                22.0,
                24.0,
                28.25,
                31.0,
                32.05
            ],
            26.18
        ],
        "graph_avg_node_count": [
            12.28012048192771,
            11.975111899984565,
            12.559822980875612,
            [
                10.185603223705634,
                10.578642558572483,
                11.452137283484822,
                13.428022875816993,
                14.805555555555559,
                15.549020550414614
            ],
            12.518367646127913
        ],