{
    "total_wire_length": 53324.67651464196,
    "total_jumper_length": 675.4964387056608,
    "total_jumper_count": 120,
    "center_node_count": 1331,
    "edge_node_count": 332,
    "total_node_count": 1663,
    "reachable_node_count": [
        1663.0,
        1663.0,
        1663.0,
        [
            1663.0,
            1663.0,
            1663.0,
            1663.0,
            1663.0,
            1663.0
        ],
        1663.0
    ],
    "unreachable_node_count": [
        0.0,
        0.0,
        0.0,
        [
            0.0,
            0.0,
            0.0,
            0.0,
            0.0,
            0.0
        ],
        0.0
    ],
    "reachable_wire_length": [
        53324.676514641964,
        53324.676514641964,
        53324.676514641964,
        [
            53324.676514641964,
            53324.676514641964,
            53324.676514641964,
            53324.676514641964,
            53324.676514641964,
            53324.676514641964
        ],
        53324.67651464198
    ],
    "unreachable_wire_length": [
        0.0,
        0.0,
        0.0,
        [
            0.0,
            0.0,
            0.0,
            0.0,
            0.0,
            0.0
        ],
        0.0
    ],
    "reachable_jumper_length": [
        675.4964387056605,
        675.4964387056605,
        675.4964387056605,
        [
            675.4964387056605,
            675.4964387056605,
            675.4964387056605,
            675.4964387056605,
            675.4964387056605,
            675.4964387056605
        ],
        675.4964387056604
    ],
    "unreachable_jumper_length": [
        0.0,
        0.0,
        0.0,
        [
            0.0,
            0.0,
            0.0,
            0.0,
            0.0,
            0.0
        ],
        0.0
    ],
    "reachable_jumper_count": [
        120.0,
        120.0,
        120.0,
        [
            120.0,
            120.0,
            120.0,
            120.0,
            120.0,
            120.0
        ],
        120.0
    ],
    "unreachable_jumper_count": [
        0.0,
        0.0,
        0.0,
        [
            0.0,
            0.0,
            0.0,
            0.0,
            0.0,
            0.0
        ],
        0.0
    ],
    "shortest_path": {
        "percent_useful_node_count": [
            0.6566446181599519,
            0.6530366806975346,
            0.6590499098015634,
            [
                0.6391761876127481,
                0.6415514131088395,
                0.6492784125075165,
                0.664161154539988,
                0.6705351773902586,
                0.6747143716175587
            ],
            0.6563920625375826
        ],
        "percent_useful_wire_length": 38.482137096610906,
        "percent_reachable_sensors": 0.86248,
        "percent_useful_jumper_count": [
            0.3333333333333333,
            0.31666666666666665,
            0.3416666666666667,
            [
                0.21625,
                0.23333333333333334,
                0.3,
                0.35833333333333334,
                0.375,
                0.3754166666666666
            ],
            0.3224166666666666
        ],
        "percent_useful_jumper_length": [
            0.041666666666666664,
            0.03333333333333333,
            0.041666666666666664,
            [
                0.025,
                0.025,
                0.03333333333333333,
                0.041666666666666664,
                0.05,
                0.05
            ],
            0.03808333333333333
        ],
        "percent_unreachable_bc_short_jumper": 0.13752,
        "percent_multiroute_reached_nodes": [
            0.5169315611735912,
            0.5141242937853108,
            0.5213054964285414,
            [
                0.4966291989664082,
                0.502613780399182,
                0.5096597113596789,
                0.5280302951416007,
                0.5378914980456232,
                0.5419512279066813
            ],
            0.5188983429538144
        ],
        "path_length_max": [
            864.7184896887651,
            845.2211166326106,
            864.7184896887651
        ],
        "path_length_avg": [
            401.5495029829555,
            399.77384074615253,
            403.08430931821056,
            [
                128.2271495211621,
                178.51690585464937,
                277.0256104386673,
                510.9363896249762,
                602.585662222382,
                657.3622241208395
            ],
            396.06725954149715
        ],
        "path_node_count_max": [
            47.0,
            47.0,
            47.0
        ],
        "path_node_count_avg": [
            21.0,
            21.0,
            21.0,
            [
                6.0,
                9.0,
                15.0,
                27.0,
                32.0,
                35.0
            ],
            20.974863185233282
        ],
        "path_jumper_count_max": [
            5.0,
            4.0,
            5.0
        ],
        "path_jumper_count_avg": [
            1.0,
            1.0,
            1.0,
            [
                0.0,
                0.0,
                0.0,
                1.0,
                2.0,
                2.0
            ],
            0.8111608385121973
        ],
        "path_sensor_jumper_length_max": [
            9.999314102356513,
            9.998223834554786,
            9.999314102356513
        ],
        "path_sensor_jumper_length_avg": [
            3.0219389491765956,
            2.996635248826929,
            3.045576853467902,
            [
                0.24678295147016668,
                0.5084701613311245,
                1.343456391915025,
                5.493666652297422,
                7.953802351825871,
                8.913959306994139
            ],
            3.6270512514293594
        ],
        "path_router_node_branches_max": [
            3.0,
            3.0,
            3.0
        ],
        "path_router_node_branches_avg": [
            2.0,
            2.0,
            2.0,
            [
                2.0,
                2.0,
                2.0,
                2.0,
                2.0,
                2.0
            ],
            2.0268817204301075
        ],
        "graph_max_wire_length": [
            718.0538980127507,
            681.3374255944151,
            751.0024875546029,
            [
                595.7537658764101,
                608.2274793953208,
                639.8492965748017,
                786.0730308371803,
                829.6660739558267,
                838.5772363650577
            ],
            718.0518264900622
        ],
        "graph_avg_wire_length": [
            388.17953386425353,
            370.74414041102534,
            404.5613265716931,
            [
                343.11415941159333,
                344.95090402010993,
                353.7828358594061,
                436.7966131937825,
                468.77189272796863,
                473.95354527825634
            ],
            396.4812621939664
        ],
        "graph_max_node_count": [
            40.0,
            38.0,
            41.0,
            [
                32.95,
                34.0,
                36.0,
                44.0,
                46.0,
                47.0
            ],
            39.9
        ],
        "graph_avg_node_count": [
            21.220135932048482,
            20.086590499098016,
            22.054151624548737,
            [
                18.81511686721618,
                18.8780358570915,
                19.193768922640224,
                24.16031361052076,
                25.443693874869084,
                26.372824669945413
            ],
            21.713654346117305
        ],