{
    "total_wire_length": 15991.92357814353,
    "total_jumper_length": 2502.252779699911,
    "total_jumper_count": 51,
    "center_node_count": 101,
    "edge_node_count": 90,
    "total_node_count": 191,
    "reachable_node_count": [
        191.0,
        191.0,
        191.0,
        [
            191.0,
            191.0,
            191.0,
            191.0,
            191.0,
            191.0
        ],
        191.0
    ],
    "unreachable_node_count": [
        0.0,
        0.0,
        0.0,
        [
            0.0,
            0.0,
            0.0,
            0.0,
            0.0,
            0.0
        ],
        0.0
    ],
    "reachable_wire_length": [
        15991.923578143533,
        15991.923578143533,
        15991.923578143533,
        [
            15991.923578143533,
            15991.923578143533,
            15991.923578143533,
            15991.923578143533,
            15991.923578143533,
            15991.923578143533
        ],
        15991.923578143533
    ],
    "unreachable_wire_length": [
        0.0,
        0.0,
        0.0,
        [
            0.0,
            0.0,
            0.0,
            0.0,
            0.0,
            0.0
        ],
        0.0
    ],
    "reachable_jumper_length": [
        2502.2527796999107,
        2502.2527796999107,
        2502.2527796999107,
        [
            2502.2527796999107,
            2502.2527796999107,
            2502.2527796999107,
            2502.2527796999107,
            2502.2527796999107,
            2502.2527796999107
        ],
        2502.2527796999107
    ],
    "unreachable_jumper_length": [
        0.0,
        0.0,
        0.0,
        [
            0.0,
            0.0,
            0.0,
            0.0,
            0.0,
            0.0
        ],
        0.0
    ],
    "reachable_jumper_count": [
        51.0,
        51.0,
        51.0,
        [
            51.0,
            51.0,
            51.0,
            51.0,
            51.0,
            51.0
        ],
        51.0
    ],
    "unreachable_jumper_count": [
        0.0,
        0.0,
        0.0,
        [
            0.0,
            0.0,
            0.0,
            0.0,
            0.0,
            0.0
        ],
        0.0
    ],
    "shortest_path": {
        "percent_useful_node_count": [
            0.7329842931937173,
            0.7329842931937173,
            0.7382198952879581,
            [
                0.6960732984293194,
                0.7120418848167539,
                0.7225130890052356,
                0.7486910994764397,
                0.7539267015706806,
                0.7591623036649214
            ],
            0.7335602094240837
        ],
        "percent_useful_wire_length": 55.85674811172517,
        "percent_reachable_sensors": 0.9992,
        "percent_useful_jumper_count": [
            0.47058823529411764,
            0.45098039215686275,
            0.49019607843137253,
            [
                0.3911764705882353,
                0.4117647058823529,
                0.45098039215686275,
                0.49019607843137253,
                0.5098039215686274,
                0.5303921568627451
            ],
            0.46666666666666673
        ],
        "percent_useful_jumper_length": [
            0.0784313725490196,
            0.0784313725490196,
            0.09803921568627451,
            [
                0.058823529411764705,
                0.058823529411764705,
                0.0784313725490196,
                0.09803921568627451,
                0.11764705882352941,
                0.11764705882352941
            ],
            0.0852941176470588
        ],
        "percent_unreachable_bc_short_jumper": 0.0008,
        "percent_multiroute_reached_nodes": [
            0.5559467918622849,
            0.5480291822879725,
            0.5607180033897396,
            [
                0.5103221778221778,
                0.5247213779128672,
                0.5384615384615384,
                0.5664335664335665,
                0.5821539783098895,
                0.5945414297932283
            ],
            0.5537404800145583
        ],
        "path_length_max": [
            1136.6582738091763,
            1119.16385684472,
            1136.6582738091763
        ],
        "path_length_avg": [
            531.1648140700021,
            529.4067459632827,
            532.9143614736204,
            [
                189.36573810749582,
                256.47957278162136,
                381.8360049505018,
                660.7171549808093,
                770.0627917129405,
                831.5163568493533
            ],
            521.5461103829713
        ],
        "path_node_count_max": [
            16.0,
            16.0,
            16.0
        ],
        "path_node_count_avg": [
            8.0,
            7.0,
            8.0,
            [
                2.0,
                3.0,
                5.0,
                9.0,
                11.0,
                12.0
            ],
            7.354903923138511
        ],
        "path_jumper_count_max": [
            5.0,
            4.0,
            5.0
        ],
        "path_jumper_count_avg": [
            1.0,
            1.0,
            1.0,
            [
                0.0,
                0.0,
                0.0,
                1.0,
                2.0,
                2.0
            ],
            0.8487790232185749
        ],
        "path_sensor_jumper_length_max": [
            79.80728075750223,
            79.54039530754221,
            79.80728075750223
        ],
        "path_sensor_jumper_length_avg": [
            14.531789120616267,
            14.397126472747008,
            14.653070603693616,
            [
                1.143698350693218,
                2.344549140349457,
                6.26217600918187,
                29.54526481134633,
                44.95632108228006,
                52.94485146433778
            ],
            19.472431184393496
        ],
        "path_router_node_branches_max": [
            3.0,
            3.0,
            3.0
        ],
        "path_router_node_branches_avg": [
            2.0,
            2.0,
            2.0,
            [
                2.0,
                2.0,
                2.0,
                2.0,
                3.0,
                3.0
            ],
            2.1375
        ],
        "graph_max_wire_length": [
            890.1187153132946,
            855.4881330148745,
            920.3661568135717,
            [
                777.7546177301934,
                797.189101361349,
                824.2354210714436,
                957.8951246488002,
                1008.9608569286755,
                1027.6141830722966
            ],
            893.1791527042532
        ],
        "graph_avg_wire_length": [
            511.2463603423978,
            488.8103152094878,
            530.1414417159324,
            [
                434.53400894623394,
                445.5069042028327,
                465.84091099690454,
                549.2851736256645,
                609.3183777864148,
                637.8291465019032
            ],
            516.3453083404252
        ],
        "graph_max_node_count": [
            15.0,
            14.0,
            15.0,
            [
                12.0,
                12.0,
                13.0,
                16.0,
                16.0,
                16.049999999999997
            ],
            14.39
        ],
        "graph_avg_node_count": [
            8.048737295965505,
            7.820987654320987,
            8.303439908229896,
            [
                6.998952879581152,
                7.126315789473685,
                7.355725384225638,
                8.850785340314136,
                9.347643979057592,
                10.21649214659686
            ],
            8.177562341301899
        ],