{
    "total_wire_length": 19853.311560668313,
    "total_jumper_length": 841.830729857856,
    "total_jumper_count": 23,
    "center_node_count": 63,
    "edge_node_count": 70,
    "total_node_count": 133,
    "reachable_node_count": [
        133.0,
        133.0,
        133.0,
        [
            133.0,
            133.0,
            133.0,
            133.0,
            133.0,
            133.0
        ],
        133.0
    ],
    "unreachable_node_count": [
        0.0,
        0.0,
        0.0,
        [
            0.0,
            0.0,
            0.0,
            0.0,
            0.0,
            0.0
        ],
        0.0
    ],
    "reachable_wire_length": [
        19853.311560668317,
        19853.311560668317,
        19853.311560668317,
        [
            19853.311560668317,
            19853.311560668317,
            19853.311560668317,
            19853.311560668317,
            19853.311560668317,
            19853.311560668317
        ],
        19853.311560668313
    ],
    "unreachable_wire_length": [
        0.0,
        0.0,
        0.0,
        [
            0.0,
            0.0,
            0.0,
            0.0,
            0.0,
            0.0
        ],
        0.0
    ],
    "reachable_jumper_length": [
        841.830729857856,
        841.830729857856,
        841.830729857856,
        [
            841.830729857856,
            841.830729857856,
            841.830729857856,
            841.830729857856,
            841.830729857856,
            841.830729857856
        ],
        841.8307298578561
    ],
    "unreachable_jumper_length": [
        0.0,
        0.0,
        0.0,
        [
            0.0,
            0.0,
            0.0,
            0.0,
            0.0,
            0.0
        ],
        0.0
    ],
    "reachable_jumper_count": [
        23.0,
        23.0,
        23.0,
        [
            23.0,
            23.0,
            23.0,
            23.0,
            23.0,
            23.0
        ],
        23.0
    ],
    "unreachable_jumper_count": [
        0.0,
        0.0,
        0.0,
        [
            0.0,
            0.0,
            0.0,
            0.0,
            0.0,
            0.0
        ],
        0.0
    ],
    "shortest_path": {
        "percent_useful_node_count": [
            0.7142857142857143,
            0.706766917293233,
            0.7142857142857143,
            [
                0.6842105263157895,
                0.6842105263157895,
                0.6992481203007519,
                0.7218045112781954,
                0.7368421052631579,
                0.7443609022556391
            ],
            0.7110526315789474
        ],
        "percent_useful_wire_length": 53.30985774698061,
        "percent_reachable_sensors": 0.85202,
        "percent_useful_jumper_count": [
            0.782608695652174,
            0.7391304347826086,
            0.782608695652174,
            [
                0.6521739130434783,
                0.6521739130434783,
                0.7391304347826086,
                0.8260869565217391,
                0.8695652173913043,
                0.8695652173913043
            ],
            0.7695652173913046
        ],
        "percent_useful_jumper_length": [
            0.17391304347826086,
            0.17391304347826086,
            0.17391304347826086,
            [
                0.13043478260869565,
                0.13043478260869565,
                0.17391304347826086,
                0.21739130434782608,
                0.21739130434782608,
                0.2608695652173913
            ],
            0.1782608695652174
        ],
        "percent_unreachable_bc_short_jumper": 0.14798,
        "percent_multiroute_reached_nodes": [
            0.5265987549518958,
            0.5208333333333334,
            0.5322617946345976,
            [
                0.4684703947368421,
                0.4897524967433782,
                0.5055292726197517,
                0.5434782608695652,
                0.5627717391304348,
                0.571580547112462
            ],
            0.5247335976276688
        ],
        "path_length_max": [
            2095.77773489258,
            2071.319043781905,
            2095.77773489258
        ],
        "path_length_avg": [
            830.6014466310899,
            827.7811860036483,
            833.1784119527492,
            [
                288.1895843986705,
                396.24567170017264,
                595.4482765476333,
                1033.1086704890943,
                1211.8764517986242,
                1329.840459168864
            ],
            819.5267808612953
        ],
        "path_node_count_max": [
            18.0,
            18.0,
            18.0
        ],
        "path_node_count_avg": [
            6.0,
            6.0,
            6.0,
            [
                2.0,
                2.0,
                4.0,
                8.0,
                10.0,
                11.0
            ],
            6.31667097016502
        ],
        "path_jumper_count_max": [
            5.0,
            4.0,
            5.0
        ],
        "path_jumper_count_avg": [
            1.0,
            1.0,
            1.0,
            [
                0.0,
                0.0,
                0.0,
                1.0,
                2.0,
                3.0
            ],
            0.8996619797657331
        ],
        "path_sensor_jumper_length_max": [
            79.9992277550905,
            79.99008182365326,
            79.9992277550905
        ],
        "path_sensor_jumper_length_avg": [
            23.497708070772095,
            23.310733685797523,
            23.696982544488133,
            [
                1.9875173586103618,
                3.993295163021376,
                10.533005008717389,
                42.77035109034486,
                62.82809400257208,
                70.82216542229996
            ],
            28.470030806609454
        ],
        "path_router_node_branches_max": [
            3.0,
            3.0,
            3.0
        ],
        "path_router_node_branches_avg": [
            2.0,
            2.0,
            2.0,
            [
                2.0,
                2.0,
                2.0,
                2.0,
                3.0,
                3.0
            ],
            2.188679245283019
        ],
        "graph_max_wire_length": [
            1535.1374570333041,
            1481.321277272402,
            1582.4204754274772,
            [
                1242.7186969316967,
                1302.2111206994518,
                1397.8282276271268,
                1710.6494461209465,
                1835.036878082232,
                1887.790586993654
            ],
            1555.7814657351503
        ],
        "graph_avg_wire_length": [
            793.1981840882482,
            777.4507237727018,
            820.3142015782455,
            [
                716.4457577292771,
                731.4419332482944,
                754.1373878814775,
                859.9092235179235,
                952.8047201938741,
                1007.8599672360965
            ],
            819.5200102415475
        ],
        "graph_max_node_count": [
            13.0,
            13.0,
            14.0,
            [
                11.0,
                12.0,
                12.0,
                15.25,
                17.0,
                18.0
            ],
            13.86
        ],
        "graph_avg_node_count": [
            7.0152781954887224,
            6.838709677419355,
            7.330827067669173,
            [
                6.3106060606060606,
                6.353383458646617,
                6.570574162679426,
                7.837209302325581,
                8.52088827203331,
                8.8046875
            ],
            7.265091500887865
        ],