{
    "total_wire_length": 71108.60260639753,
    "total_jumper_length": 3295.423815148188,
    "total_jumper_count": 330,
    "center_node_count": 1774,
    "edge_node_count": 412,
    "total_node_count": 2186,
    "reachable_node_count": [
        2186.0,
        2186.0,
        2186.0,
        [
            2186.0,
            2186.0,
            2186.0,
            2186.0,
            2186.0,
            2186.0
        ],
        2186.0
    ],
    "unreachable_node_count": [
        0.0,
        0.0,
        0.0,
        [
            0.0,
            0.0,
            0.0,
            0.0,
            0.0,
            0.0
        ],
        0.0
    ],
    "reachable_wire_length": [
        71108.60260639752,
        71108.60260639752,
        71108.60260639752,
        [
            71108.60260639752,
            71108.60260639752,
            71108.60260639752,
            71108.60260639752,
            71108.60260639752,
            71108.60260639752
        ],
        71108.60260639749
    ],
    "unreachable_wire_length": [
        0.0,
        0.0,
        0.0,
        [
            0.0,
            0.0,
            0.0,
            0.0,
            0.0,
            0.0
        ],
        0.0
    ],
    "reachable_jumper_length": [
        3295.423815148188,
        3295.423815148188,
        3295.423815148188,
        [
            3295.423815148188,
            3295.423815148188,
            3295.423815148188,
            3295.423815148188,
            3295.423815148188,
            3295.423815148188
        ],
        3295.4238151481886
    ],
    "unreachable_jumper_length": [
        0.0,
        0.0,
        0.0,
        [
            0.0,
            0.0,
            0.0,
            0.0,
            0.0,
            0.0
        ],
        0.0
    ],
    "reachable_jumper_count": [
        330.0,
        330.0,
        330.0,
        [
            330.0,
            330.0,
            330.0,
            330.0,
            330.0,
            330.0
        ],
        330.0
    ],
    "unreachable_jumper_count": [
        0.0,
        0.0,
        0.0,
        [
            0.0,
            0.0,
            0.0,
            0.0,
            0.0,
            0.0
        ],
        0.0
    ],
    "shortest_path": {
        "percent_useful_node_count": [
            0.664455626715462,
            0.6635349954254346,
            0.6660567246111619,
            [
                0.651395242451967,
                0.6532021957913998,
                0.6596523330283623,
                0.6708600182982616,
                0.6761665141811528,
                0.6779505946935042
            ],
            0.6650137236962489
        ],
        "percent_useful_wire_length": 38.21943811687631,
        "percent_reachable_sensors": 0.99982,
        "percent_useful_jumper_count": [
            0.2409090909090909,
            0.23636363636363636,
            0.24848484848484848,
            [
                0.19696969696969696,
                0.21484848484848484,
                0.23333333333333334,
                0.26666666666666666,
                0.2818181818181818,
                0.296969696969697
            ],
            0.2465757575757575
        ],
        "percent_useful_jumper_length": [
            0.012121212121212121,
            0.012121212121212121,
            0.015151515151515152,
            [
                0.00909090909090909,
                0.00909090909090909,
                0.00909090909090909,
                0.015151515151515152,
                0.01818181818181818,
                0.01818181818181818
            ],
            0.012909090909090908
        ],
        "percent_unreachable_bc_short_jumper": 0.00018,
        "percent_multiroute_reached_nodes": [
            0.5264280960782493,
            0.5249144456403212,
            0.5298558682223747,
            [
                0.5058223581783833,
                0.5132482738397742,
                0.5203548566577567,
                0.5371638171165114,
                0.542841516771998,
                0.5471835805530181
            ],
            0.5279366597867001
        ],
        "path_length_max": [
            1510.1787012459095,
            1486.1805182827877,
            1510.1787012459095
        ],
        "path_length_avg": [
            498.44641450617826,
            496.5752129594175,
            500.21958062178345,
            [
                147.1349635542797,
                205.84300852838658,
                339.5315961367239,
                677.3424914178926,
                855.5999038889418,
                964.18429958835
            ],
            520.0030274422381
        ],
        "path_node_count_max": [
            84.0,
            83.0,
            84.0
        ],
        "path_node_count_avg": [
            26.0,
            26.0,
            27.0,
            [
                7.0,
                11.0,
                18.0,
                36.0,
                46.0,
                52.0
            ],
            27.736212518253286
        ],
        "path_jumper_count_max": [
            15.0,
            14.0,
            15.0
        ],
        "path_jumper_count_avg": [
            1.0,
            1.0,
            1.0,
            [
                0.0,
                0.0,
                1.0,
                2.0,
                4.0,
                6.0
            ],
            1.6655497989638135
        ],
        "path_sensor_jumper_length_max": [
            19.93570477783206,
            19.681648638389206,
            19.93570477783206
        ],
        "path_sensor_jumper_length_avg": [
            3.6992427168530906,
            3.6675477786398103,
            3.731296609768134,
            [
                0.29910574063974965,
                0.6066666110884544,
                1.6054471052773955,
                7.421966529130203,
                11.119520168545556,
                12.98649090998736
            ],
            4.866463775815624
        ],
        "path_router_node_branches_max": [
            4.0,
            3.0,
            4.0
        ],
        "path_router_node_branches_avg": [
            2.0,
            2.0,
            2.0,
            [
                2.0,
                2.0,
                2.0,
                2.0,
                2.0,
                2.0
            ],
            2.033244680851064
        ],
        "graph_max_wire_length": [
            1077.8062545688556,
            1047.500019401188,
            1142.0768809671756,
            [
                874.2162785242069,
                913.2759871340695,
                970.0746886233255,
                1233.9029583070615,
                1349.415381280581,
                1403.039982644325
            ],
            1109.8356614451977
        ],
        "graph_avg_wire_length": [
            488.08808072149645,
            468.8104035482328,
            518.5460782309202,
            [
                405.2020359411123,
                409.3524442096697,
                440.7083339639355,
                569.4899395710764,
                657.8056559411425,
                703.5921700712753
            ],
            516.3120297798621
        ],
        "graph_max_node_count": [
            60.0,
            58.0,
            63.0,
            [
                48.95,
                50.0,
                54.0,
                68.0,
                74.10000000000001,
                77.14999999999999
            ],
            61.57
        ],
        "graph_avg_node_count": [
            26.982654107931864,
            25.78553173953381,
            28.374937122507227,
            [
                22.334381912833795,
                22.62315070841964,
                24.095257202881154,
                31.092575443363845,
                36.16301651122835,
                37.92065142749302
            ],
            28.28824448262607
        ],