{
    "total_wire_length": 9423.528145598664,
    "total_jumper_length": 120.12259881320409,
    "total_jumper_count": 12,
    "center_node_count": 62,
    "edge_node_count": 62,
    "total_node_count": 124,
    "reachable_node_count": [
        111.0,
        111.0,
        111.0,
        [
            13.0,
            111.0,
            111.0,
            111.0,
            111.0,
            111.0
        ],
        105.12
    ],
    "unreachable_node_count": [
        13.0,
        13.0,
        13.0,
        [
            13.0,
            13.0,
            13.0,
            13.0,
            13.0,
            111.0
        ],
        18.88
    ],
    "reachable_wire_length": [
        8673.995852950555,
        8673.995852950555,
        8673.995852950555,
        [
            749.5322926481115,
            8673.995852950555,
            8673.995852950555,
            8673.995852950555,
            8673.995852950555,
            8673.995852950555
        ],
        8198.52803933241
    ],
    "unreachable_wire_length": [
        749.5322926481115,
        749.5322926481115,
        749.5322926481115,
        [
            749.5322926481115,
            749.5322926481115,
            749.5322926481115,
            749.5322926481115,
            749.5322926481115,
            8673.995852950555
        ],
        1225.0001062662582
    ],
    "reachable_jumper_length": [
        120.1225988132041,
        120.1225988132041,
        120.1225988132041,
        [
            0.0,
            120.1225988132041,
            120.1225988132041,
            120.1225988132041,
            120.1225988132041,
            120.1225988132041
        ],
        112.9152428844119
    ],
    "unreachable_jumper_length": [
        0.0,
        0.0,
        0.0,
        [
            0.0,
            0.0,
            0.0,
            0.0,
            0.0,
            120.1225988132041
        ],
        7.207355928792246
    ],
    "reachable_jumper_count": [
        12.0,
        12.0,
        12.0,
        [
            0.0,
            12.0,
            12.0,
            12.0,
            12.0,
            12.0
        ],
        11.28
    ],
    "unreachable_jumper_count": [
        0.0,
        0.0,
        0.0,
        [
            0.0,
            0.0,
            0.0,
            0.0,
            0.0,
            12.0
        ],
        0.72
    ],
    "shortest_path": {
        "percent_useful_node_count": [
            0.6048387096774194,
            0.5967741935483871,
            0.6129032258064516,
            [
                0.05604838709677419,
                0.5645161290322581,
                0.5887096774193549,
                0.6149193548387097,
                0.6209677419354839,
                0.6290322580645161
            ],
            0.5700806451612903
        ],
        "percent_useful_wire_length": 45.68440866230347,
        "percent_reachable_sensors": 0.53851,
        "percent_useful_jumper_count": [
            0.8333333333333334,
            0.8333333333333334,
            0.875,
            [
                0.0,
                0.6666666666666666,
                0.75,
                0.9166666666666666,
                0.9166666666666666,
                1.0
            ],
            0.7933333333333331
        ],
        "percent_useful_jumper_length": [
            0.25,
            0.25,
            0.25,
            [
                0.0,
                0.16666666666666666,
                0.16666666666666666,
                0.25,
                0.3333333333333333,
                0.3333333333333333
            ],
            0.2316666666666667
        ],
        "percent_unreachable_bc_short_jumper": 0.38024,
        "percent_multiroute_reached_nodes": [
            0.5714285714285714,
            0.5628731998595012,
            0.5789473684210527,
            [
                0.5269914651493598,
                0.5332467532467532,
                0.5501282051282051,
                0.5974025974025974,
                0.625,
                0.7202380952380949
            ],
            0.5926094292941678
        ],
        "path_length_max": [
            817.4956976825466,
            809.8083860034095,
            817.4956976825466
        ],
        "path_length_avg": [
            402.82665409958395,
            401.21859566261674,
            404.4997312206183,
            [
                130.2964478704925,
                185.50848841433728,
                286.3050574785293,
                493.90907084480847,
                564.3676330508191,
                605.8893359890303
            ],
            388.4063283373607
        ],
        "path_node_count_max": [
            14.0,
            14.0,
            14.0
        ],
        "path_node_count_avg": [
            6.0,
            6.0,
            6.0,
            [
                1.0,
                2.0,
                4.0,
                8.0,
                9.0,
                10.0
            ],
            5.9900094705762195
        ],
        "path_jumper_count_max": [
            4.0,
            4.0,
            4.0
        ],
        "path_jumper_count_avg": [
            1.0,
            1.0,
            1.0,
            [
                0.0,
                0.0,
                0.0,
                1.0,
                1.0,
                2.0
            ],
            0.6972572468477837
        ],
        "path_sensor_jumper_length_max": [
            19.997658455685638,
            19.996579961663027,
            19.997658455685638
        ],
        "path_sensor_jumper_length_avg": [
            8.043430392977232,
            7.956813348853879,
            8.122147427677302,
            [
                0.6982302401247948,
                1.417366865129381,
                3.7703577129538934,
                13.20355709310382,
                16.94411938347377,
                18.382702180994592
            ],
            8.646599295090185
        ],
        "path_router_node_branches_max": [
            3.0,
            3.0,
            3.0
        ],
        "path_router_node_branches_avg": [
            2.0,
            2.0,
            2.0,
            [
                2.0,
                2.0,
                2.0,
                2.0,
                2.0,
                3.0
            ],
            2.090909090909091
        ],
        "graph_max_wire_length": [
            643.1756122305911,
            632.1705799215162,
            653.5244351000698,
            [
                327.6927993810757,
                573.16562649344,
                607.7438047314167,
                683.0328094144472,
                745.9695465437985,
                756.5361908524269
            ],
            630.7066389835697
        ],
        "graph_avg_wire_length": [
            383.17028325087307,
            367.636015404976,
            392.9077654052852,
            [
                234.2454724622672,
                334.68097106371266,
                354.56202835671746,
                411.98227868913733,
                444.4661765525298,
                460.9443722213311
            ],
            376.32252136310535
        ],
        "graph_max_node_count": [
            12.0,
            12.0,
            13.0,
            [
                4.0,
                11.0,
                11.0,
                13.0,
                14.100000000000009,
                15.0
            ],
            11.87
        ],
        "graph_avg_node_count": [
            6.5569437361890195,
            6.434269041769042,
            6.709090909090909,
            [
                2.769230769230769,
                6.069090909090908,
                6.205405405405406,
                7.109090909090909,
                7.8703212646608876,
                8.047727272727272
            ],
            6.569492212356014
        ],