{
    "total_wire_length": 71951.30961378047,
    "total_jumper_length": 915.660028949426,
    "total_jumper_count": 183,
    "center_node_count": 1801,
    "edge_node_count": 410,
    "total_node_count": 2211,
    "reachable_node_count": [
        2211.0,
        2211.0,
        2211.0,
        [
            2211.0,
            2211.0,
            2211.0,
            2211.0,
            2211.0,
            2211.0
        ],
        2211.0
    ],
    "unreachable_node_count": [
        0.0,
        0.0,
        0.0,
        [
            0.0,
            0.0,
            0.0,
            0.0,
            0.0,
            0.0
        ],
        0.0
    ],
    "reachable_wire_length": [
        71951.30961378053,
        71951.30961378053,
        71951.30961378053,
        [
            71951.30961378053,
            71951.30961378053,
            71951.30961378053,
            71951.30961378053,
            71951.30961378053,
            71951.30961378053
        ],
        71951.30961378053
    ],
    "unreachable_wire_length": [
        0.0,
        0.0,
        0.0,
        [
            0.0,
            0.0,
            0.0,
            0.0,
            0.0,
            0.0
        ],
        0.0
    ],
    "reachable_jumper_length": [
        915.6600289494259,
        915.6600289494259,
        915.6600289494259,
        [
            915.6600289494259,
            915.6600289494259,
            915.6600289494259,
            915.6600289494259,
            915.6600289494259,
            915.6600289494259
        ],
        915.6600289494255
    ],
    "unreachable_jumper_length": [
        0.0,
        0.0,
        0.0,
        [
            0.0,
            0.0,
            0.0,
            0.0,
            0.0,
            0.0
        ],
        0.0
    ],
    "reachable_jumper_count": [
        183.0,
        183.0,
        183.0,
        [
            183.0,
            183.0,
            183.0,
            183.0,
            183.0,
            183.0
        ],
        183.0
    ],
    "unreachable_jumper_count": [
        0.0,
        0.0,
        0.0,
        [
            0.0,
            0.0,
            0.0,
            0.0,
            0.0,
            0.0
        ],
        0.0
    ],
    "shortest_path": {
        "percent_useful_node_count": [
            0.6313885119855269,
            0.629127091813659,
            0.6327453640886477,
            [
                0.6146540027137042,
                0.6200814111261872,
                0.6250565355042967,
                0.6372682044323835,
                0.6431931252826775,
                0.6458842152872003
            ],
            0.6312935323383084
        ],
        "percent_useful_wire_length": 36.389030613819216,
        "percent_reachable_sensors": 0.86602,
        "percent_useful_jumper_count": [
            0.3005464480874317,
            0.2896174863387978,
            0.3114754098360656,
            [
                0.24043715846994534,
                0.26721311475409837,
                0.28415300546448086,
                0.32786885245901637,
                0.3442622950819672,
                0.35
            ],
            0.30245901639344264
        ],
        "percent_useful_jumper_length": [
            0.02185792349726776,
            0.02185792349726776,
            0.0273224043715847,
            [
                0.01639344262295082,
                0.01639344262295082,
                0.01639344262295082,
                0.0273224043715847,
                0.02786885245901644,
                0.03278688524590164
            ],
            0.02300546448087431
        ],
        "percent_unreachable_bc_short_jumper": 0.13398,
        "percent_multiroute_reached_nodes": [
            0.535596128565726,
            0.528936277819796,
            0.5385718017881357,
            [
                0.510707023122923,
                0.514451185185409,
                0.520206287631761,
                0.5466665404709624,
                0.5524835700433407,
                0.5559061770766164
            ],
            0.5336065303826695
        ],
        "path_length_max": [
            1536.2653760799253,
            1531.8549481112946,
            1536.2653760799253
        ],
        "path_length_avg": [
            466.01750617707626,
            464.08303128488654,
            467.86023616629143,
            [
                144.51945551610996,
                198.07853948205795,
                316.81014390549564,
                628.4353779089212,
                806.9284552386002,
                920.9629285889838
            ],
            488.0018236555086
        ],
        "path_node_count_max": [
            84.0,
            83.0,
            84.0
        ],
        "path_node_count_avg": [
            25.0,
            25.0,
            25.0,
            [
                7.0,
                10.0,
                17.0,
                34.0,
                44.0,
                50.0
            ],
            26.187547631694418
        ],
        "path_jumper_count_max": [
            10.0,
            10.0,
            10.0
        ],
        "path_jumper_count_avg": [
            1.0,
            1.0,
            1.0,
            [
                0.0,
                0.0,
                0.0,
                2.0,
                3.0,
                4.0
            ],
            1.2310570194683725
        ],
        "path_sensor_jumper_length_max": [
            9.999932531016707,
            9.99899633319238,
            9.999932531016707
        ],
        "path_sensor_jumper_length_avg": [
            3.011726221263141,
            2.985689390864885,
            3.037224411148798,
            [
                0.24991476683832717,
                0.5205181007322854,
                1.3468190948977972,
                5.460321357615477,
                7.9282919242220675,
                8.900924232583407
            ],
            3.61909572446866
        ],
        "path_router_node_branches_max": [
            3.0,
            3.0,
            3.0
        ],
        "path_router_node_branches_avg": [
            2.0,
            2.0,
            2.0,
            [
                2.0,
                2.0,
                2.0,
                2.0,
                2.0,
                2.0
            ],
            2.0238393977415305
        ],
        "graph_max_wire_length": [
            1055.1441265580659,
            1036.1217831858908,
            1095.6787936439048,
            [
                867.1993062119005,
                903.6415043048266,
                987.191571724713,
                1155.8806019464641,
                1350.093428338115,
                1390.5728709525233
            ],
            1089.9707020374406
        ],
        "graph_avg_wire_length": [
            458.1699908987424,
            441.5402566233556,
            481.8154191720701,
            [
                405.9266629055844,
                407.26013442231846,
                421.7439567859324,
                524.2384039349454,
                618.8266111188308,
                650.5612377614264
            ],
            484.77863990824744
        ],
        "graph_max_node_count": [
            59.0,
            57.5,
            62.5,
            [
                49.95,
                51.0,
                55.0,
                66.0,
                74.10000000000001,
                78.05
            ],
            61.33
        ],
        "graph_avg_node_count": [
            25.521594922200237,
            24.389822807814628,
            26.463916906552747,
            [
                22.41335558267241,
                22.54386325068102,
                23.167612346799817,
                28.798708454937493,
                33.33503952302151,
                35.92041960719951
            ],
            26.696290878331673
        ],