{
    "total_wire_length": 49930.78328121144,
    "total_jumper_length": 1774.9047768759133,
    "total_jumper_count": 82,
    "center_node_count": 311,
    "edge_node_count": 208,
    "total_node_count": 519,
    "reachable_node_count": [
        519.0,
        519.0,
        519.0,
        [
            519.0,
            519.0,
            519.0,
            519.0,
            519.0,
            519.0
        ],
        519.0
    ],
    "unreachable_node_count": [
        0.0,
        0.0,
        0.0,
        [
            0.0,
            0.0,
            0.0,
            0.0,
            0.0,
            0.0
        ],
        0.0
    ],
    "reachable_wire_length": [
        49930.783281211436,
        49930.783281211436,
        49930.783281211436,
        [
            49930.783281211436,
            49930.783281211436,
            49930.783281211436,
            49930.783281211436,
            49930.783281211436,
            49930.783281211436
        ],
        49930.78328121145
    ],
    "unreachable_wire_length": [
        0.0,
        0.0,
        0.0,
        [
            0.0,
            0.0,
            0.0,
            0.0,
            0.0,
            0.0
        ],
        0.0
    ],
    "reachable_jumper_length": [
        1774.904776875913,
        1774.904776875913,
        1774.904776875913,
        [
            1774.904776875913,
            1774.904776875913,
            1774.904776875913,
            1774.904776875913,
            1774.904776875913,
            1774.904776875913
        ],
        1774.9047768759133
    ],
    "unreachable_jumper_length": [
        0.0,
        0.0,
        0.0,
        [
            0.0,
            0.0,
            0.0,
            0.0,
            0.0,
            0.0
        ],
        0.0
    ],
    "reachable_jumper_count": [
        82.0,
        82.0,
        82.0,
        [
            82.0,
            82.0,
            82.0,
            82.0,
            82.0,
            82.0
        ],
        82.0
    ],
    "unreachable_jumper_count": [
        0.0,
        0.0,
        0.0,
        [
            0.0,
            0.0,
            0.0,
            0.0,
            0.0,
            0.0
        ],
        0.0
    ],
    "shortest_path": {
        "percent_useful_node_count": [
            0.7032755298651252,
            0.7003853564547207,
            0.7061657032755299,
            [
                0.6839113680154143,
                0.6840077071290944,
                0.697495183044316,
                0.7109826589595376,
                0.7169556840077072,
                0.7264932562620423
            ],
            0.7033333333333333
        ],
        "percent_useful_wire_length": 48.24046813252468,
        "percent_reachable_sensors": 0.85943,
        "percent_useful_jumper_count": [
            0.4878048780487805,
            0.4878048780487805,
            0.5,
            [
                0.4146341463414634,
                0.43902439024390244,
                0.47560975609756095,
                0.5121951219512195,
                0.5500000000000002,
                0.5615853658536586
            ],
            0.4930487804878049
        ],
        "percent_useful_jumper_length": [
            0.0975609756097561,
            0.08536585365853659,
            0.0975609756097561,
            [
                0.07317073170731707,
                0.07317073170731707,
                0.07317073170731707,
                0.0975609756097561,
                0.10975609756097561,
                0.12256097560975607
            ],
            0.09219512195121951
        ],
        "percent_unreachable_bc_short_jumper": 0.14057,
        "percent_multiroute_reached_nodes": [
            0.5439573710110799,
            0.5405405405405406,
            0.5469613259668509,
            [
                0.5189086410007288,
                0.5242079681861698,
                0.5351790842432105,
                0.5571431753385602,
                0.5653623188405796,
                0.5726829379979851
            ],
            0.5448678054418908
        ],
        "path_length_max": [
            2403.29520458047,
            2353.568334925863,
            2403.29520458047
        ],
        "path_length_avg": [
            886.4464678243223,
            883.0038447662309,
            889.7966163962438,
            [
                286.8473542361134,
                391.6834191008606,
                621.4194761300948,
                1165.3404976866514,
                1425.041247886761,
                1568.4905770767848
            ],
            902.4069149986246
        ],
        "path_node_count_max": [
            36.0,
            35.0,
            36.0
        ],
        "path_node_count_avg": [
            13.0,
            13.0,
            14.0,
            [
                4.0,
                5.0,
                9.0,
                18.0,
                22.0,
                24.0
            ],
            13.584841115623146
        ],
        "path_jumper_count_max": [
            7.0,
            6.0,
            7.0
        ],
        "path_jumper_count_avg": [
            1.0,
            1.0,
            1.0,
            [
                0.0,
                0.0,
                1.0,
                2.0,
                3.0,
                3.0
            ],
            1.4686129178641658
        ],
        "path_sensor_jumper_length_max": [
            39.99981172124503,
            39.99632626504843,
            39.99981172124503
        ],
        "path_sensor_jumper_length_avg": [
            12.030385091617088,
            11.941299685906008,
            12.136785754163682,
            [
                1.0231223314973361,
                2.065302765757219,
                5.381256990604379,
                21.884336895880637,
                31.62196310852337,
                35.55552789666867
            ],
            14.461580500421974
        ],
        "path_router_node_branches_max": [
            3.0,
            3.0,
            3.0
        ],
        "path_router_node_branches_avg": [
            2.0,
            2.0,
            2.0,
            [
                2.0,
                2.0,
                2.0,
                2.0,
                3.0,
                3.0
            ],
            2.107142857142857
        ],
        "graph_max_wire_length": [
            1676.9000225809993,
            1620.7339906112777,
            1756.7138086027062,
            [
                1373.2121938982466,
                1449.123027978343,
                1534.5219768732577,
                1861.572370441497,
                2133.759821396811,
                2302.21238260211
            ],
            1726.1516627612127
        ],
        "graph_avg_wire_length": [
            852.4473231782908,
            814.000900818157,
            904.3150925687813,
            [
                706.410628698223,
                725.9819083523778,
                771.0764907384555,
                990.7524002891382,
                1129.2833210218603,
                1295.8666274172317
            ],
            902.8883316487555
        ],
        "graph_max_node_count": [
            27.0,
            26.0,
            28.0,
            [
                22.0,
                22.9,
                24.0,
                30.0,
                34.0,
                36.0
            ],
            27.53
        ],
        "graph_avg_node_count": [
            13.948871571211997,
            13.355544026539034,
            14.568047337278106,
            [
                11.509892216435185,
                11.560913416228377,
                12.461521298174443,
                15.713837628731246,
                17.834465601965604,
                19.872093023255815
            ],
            14.44052861661915
        ],