{
    "total_wire_length": 6832.6361759032,
    "total_jumper_length": 12.926910421009085,
    "total_jumper_count": 1,
    "center_node_count": 55,
    "edge_node_count": 37,
    "total_node_count": 92,
    "reachable_node_count": [
        40.0,
        34.0,
        46.0,
        [
            12.0,
            12.0,
            34.0,
            46.0,
            46.0,
            46.0
        ],
        37.58
    ],
    "unreachable_node_count": [
        52.0,
        46.0,
        58.0,
        [
            46.0,
            46.0,
            46.0,
            58.0,
            80.0,
            80.0
        ],
        54.42
    ],
    "reachable_wire_length": [
        3092.8333669400126,
        2847.274880392431,
        3338.3918534875947,
        [
            646.9694420231737,
            646.9694420231737,
            2847.274880392431,
            3338.3918534875947,
            3338.3918534875947,
            3338.3918534875947
        ],
        2850.7997687193943
    ],
    "unreachable_wire_length": [
        3739.802808963186,
        3494.244322415604,
        3985.361295510768,
        [
            3494.244322415604,
            3494.244322415604,
            3494.244322415604,
            3985.361295510768,
            6185.666733880025,
            6185.666733880025
        ],
        3981.8364071838046
    ],
    "reachable_jumper_length": [
        6.463455210504542,
        0.0,
        12.926910421009085,
        [
            0.0,
            0.0,
            0.0,
            12.926910421009085,
            12.926910421009085,
            12.926910421009085
        ],
        6.463455210504543
    ],
    "unreachable_jumper_length": [
        6.463455210504542,
        0.0,
        12.926910421009085,
        [
            0.0,
            0.0,
            0.0,
            12.926910421009085,
            12.926910421009085,
            12.926910421009085
        ],
        6.463455210504543
    ],
    "reachable_jumper_count": [
        0.5,
        0.0,
        1.0,
        [
            0.0,
            0.0,
            0.0,
            1.0,
            1.0,
            1.0
        ],
        0.5
    ],
    "unreachable_jumper_count": [
        0.5,
        0.0,
        1.0,
        [
            0.0,
            0.0,
            0.0,
            1.0,
            1.0,
            1.0
        ],
        0.5
    ],
    "shortest_path": {
        "percent_useful_node_count": [
            0.2717391304347826,
            0.25,
            0.29891304347826086,
            [
                0.06467391304347826,
                0.07608695652173914,
                0.25,
                0.30434782608695654,
                0.31521739130434784,
                0.31521739130434784
            ],
            0.2561956521739131
        ],
        "percent_useful_wire_length": 26.931003873699332,
        "percent_reachable_sensors": 0.13348,
        "percent_useful_jumper_count": [
            0.5,
            0.0,
            1.0,
            [
                0.0,
                0.0,
                0.0,
                1.0,
                1.0,
                1.0
            ],
            0.5
        ],
        "percent_useful_jumper_length": [
            0.5,
            0.0,
            1.0,
            [
                0.0,
                0.0,
                0.0,
                1.0,
                1.0,
                1.0
            ],
            0.5
        ],
        "percent_unreachable_bc_short_jumper": 0.67819,
        "percent_multiroute_reached_nodes": [
            0.5517241379310345,
            0.5172413793103449,
            0.5555555555555556,
            [
                0.4338768115942029,
                0.43478260869565216,
                0.47077922077922074,
                0.5714285714285714,
                0.6071428571428571,
                0.6666666666666666
            ],
            0.533157051594083
        ],
        "path_length_max": [
            1248.2079574208578,
            1187.3139132706565,
            1248.2079574208578
        ],
        "path_length_avg": [
            437.7808227661707,
            432.50096585573283,
            442.14898697752653,
            [
                118.55702532260005,
                162.53860084749067,
                267.9288609196226,
                604.3185191237908,
                794.5384665184037,
                907.1072875717557
            ],
            456.4697995957366
        ],
        "path_node_count_max": [
            16.0,
            16.0,
            16.0
        ],
        "path_node_count_avg": [
            5.0,
            5.0,
            5.0,
            [
                1.0,
                1.0,
                3.0,
                7.0,
                10.0,
                12.0
            ],
            5.390020976925382
        ],
        "path_jumper_count_max": [
            1.0,
            1.0,
            1.0
        ],
        "path_jumper_count_avg": [
            0.0,
            0.0,
            0.0,
            [
                0.0,
                0.0,
                0.0,
                0.0,
                1.0,
                1.0
            ],
            0.23299370692238539
        ],
        "path_sensor_jumper_length_max": [
            19.999508715242467,
            19.992575271196863,
            19.999508715242467
        ],
        "path_sensor_jumper_length_avg": [
            8.632458615449053,
            8.451105342450626,
            8.792335856761047,
            [
                0.7999152627782591,
                1.5713886212292578,
                4.1010105063878495,
                13.748407896985528,
                17.326436580643687,
                18.570194300847273
            ],
            9.054770595076068
        ],
        "path_router_node_branches_max": [
            2.0,
            2.0,
            2.0
        ],
        "path_router_node_branches_avg": [
            2.0,
            2.0,
            2.0,
            [
                2.0,
                2.0,
                2.0,
                2.0,
                2.0,
                2.0
            ],
            2.0
        ],
        "graph_max_wire_length": [
            791.8041274614031,
            774.8254239548021,
            849.8591290298472,
            [
                282.3011332664744,
                488.2335182974034,
                656.2320228749045,
                996.6066666985375,
                1100.9392299342712,
                1138.0356184845998
            ],
            792.0719752058094
        ],
        "graph_avg_wire_length": [
            439.3337909063346,
            416.3807957025091,
            470.69952041150185,
            [
                183.90229357383808,
                301.22401559234123,
                370.13597919802254,
                565.2001947438283,
                634.0667838834112,
                677.1355815710573
            ],
            449.46653982257635
        ],
        "graph_max_node_count": [
            11.0,
            10.0,
            11.5,
            [
                4.0,
                6.0,
                9.0,
                14.0,
                16.0,
                16.0
            ],
            10.82
        ],
        "graph_avg_node_count": [
            5.762787723785166,
            5.460358056265985,
            6.021739130434782,
            [
                2.5,
                3.5,
                4.794117647058823,
                7.239130434782608,
                9.017391304347829,
                9.394565217391305
            ],
            5.987408354646207
        ],
        "graph_max_jumper_count": [
            0.5,
            0.0,
            1.0,
            [
                0.0,
                0.0,
                0.0,
                1.0,
                1.0,
                1.0
            ],
            0.5
        ],