{
    "total_wire_length": 4336.814734258375,
    "total_jumper_length": 0.0,
    "total_jumper_count": 0,
    "center_node_count": 19,
    "edge_node_count": 19,
    "total_node_count": 38,
    "reachable_node_count": [
        12.0,
        12.0,
        12.0,
        [
            6.0,
            8.0,
            12.0,
            12.0,
            12.0,
            12.0
        ],
        11.28
    ],
    "unreachable_node_count": [
        26.0,
        26.0,
        26.0,
        [
            26.0,
            26.0,
            26.0,
            26.0,
            30.0,
            32.0
        ],
        26.72
    ],
    "reachable_wire_length": [
        1555.8857821629117,
        1555.8857821629117,
        1555.8857821629117,
        [
            468.7792838014768,
            749.2231425721835,
            1555.8857821629117,
            1562.9265257218026,
            1562.9265257218026,
            1562.9265257218026
        ],
        1420.453607508083
    ],
    "unreachable_wire_length": [
        2780.928952095463,
        2780.928952095463,
        2780.928952095463,
        [
            2773.8882085365717,
            2773.8882085365717,
            2773.8882085365717,
            2780.928952095463,
            3587.5915916861914,
            3868.035450456898
        ],
        2916.3611267502915
    ],
    "reachable_jumper_length": [
        0.0,
        0.0,
        0.0,
        [
            0.0,
            0.0,
            0.0,
            0.0,
            0.0,
            0.0
        ],
        0.0
    ],
    "unreachable_jumper_length": [
        0.0,
        0.0,
        0.0,
        [
            0.0,
            0.0,
            0.0,
            0.0,
            0.0,
            0.0
        ],
        0.0
    ],
    "reachable_jumper_count": [
        0.0,
        0.0,
        0.0,
        [
            0.0,
            0.0,
            0.0,
            0.0,
            0.0,
            0.0
        ],
        0.0
    ],
    "unreachable_jumper_count": [
        0.0,
        0.0,
        0.0,
        [
            0.0,
            0.0,
            0.0,
            0.0,
            0.0,
            0.0
        ],
        0.0
    ],
    "shortest_path": {
        "percent_useful_node_count": [
            0.18421052631578946,
            0.18421052631578946,
            0.18421052631578946,
            [
                0.07894736842105263,
                0.10526315789473684,
                0.15789473684210525,
                0.21052631578947367,
                0.23684210526315788,
                0.2631578947368421
            ],
            0.18052631578947367
        ],
        "percent_useful_wire_length": 24.03711370649967,
        "percent_reachable_sensors": 0.18573,
        "percent_useful_jumper_count": [
            -1.0,
            -1.0,
            -1.0,
            [
                -1.0,
                -1.0,
                -1.0,
                -1.0,
                -1.0,
                -1.0
            ],
            -1.0
        ],
        "percent_useful_jumper_length": [
            -1.0,
            -1.0,
            -1.0,
            [
                -1.0,
                -1.0,
                -1.0,
                -1.0,
                -1.0,
                -1.0
            ],
            -1.0
        ],
        "percent_unreachable_bc_short_jumper": 0.44157,
        "percent_multiroute_reached_nodes": [
            0.5714285714285714,
            0.5,
            0.5714285714285714,
            [
                0.3,
                0.3333333333333333,
                0.375,
                0.6666666666666666,
                0.6666666666666666,
                0.7541666666666664
            ],
            0.5274318181818182
        ],
        "path_length_max": [
            1148.219825529043,
            1121.0766995389447,
            1148.219825529043
        ],
        "path_length_avg": [
            419.08186845486273,
            414.47530443565716,
            423.35913525654325,
            [
                156.51356179600452,
                195.51424904290604,
                282.4090121465173,
                582.8754945407062,
                725.3047685213475,
                811.3921487517922
            ],
            442.97109062263957
        ],
        "path_node_count_max": [
            6.0,
            6.0,
            6.0
        ],
        "path_node_count_avg": [
            2.0,
            2.0,
            2.0,
            [
                1.0,
                1.0,
                1.0,
                3.0,
                4.0,
                4.0
            ],
            2.109729176761966
        ],
        "path_jumper_count_max": [
            0.0,
            0.0,
            0.0
        ],
        "path_jumper_count_avg": [
            0.0,
            0.0,
            0.0,
            [
                0.0,
                0.0,
                0.0,
                0.0,
                0.0,
                0.0
            ],
            0.0
        ],
        "path_sensor_jumper_length_max": [
            79.99106886666914,
            79.97897715637652,
            79.99106886666914
        ],
        "path_sensor_jumper_length_avg": [
            31.429740468829635,
            30.78300911198011,
            31.958543371587666,
            [
                2.5152378040299666,
                5.274182192629332,
                14.058182062588049,
                54.10018831199906,
                69.28174514625472,
                74.36427482440318
            ],
            34.535920439158346
        ],
        "path_router_node_branches_max": [
            2.0,
            2.0,
            2.0
        ],
        "path_router_node_branches_avg": [
            2.0,
            2.0,
            2.0,
            [
                2.0,
                2.0,
                2.0,
                2.0,
                2.0,
                2.0
            ],
            2.0
        ],
        "graph_max_wire_length": [
            703.9103801360208,
            680.6572273578316,
            741.269982172092,
            [
                294.78022891029855,
                344.13763136498835,
                600.459493404192,
                824.9994872624525,
                947.1396997990632,
                992.4983632780103
            ],
            686.3635979786513
        ],
        "graph_avg_wire_length": [
            417.3780845314104,
            397.2330862453849,
            461.5585967080026,
            [
                197.93272931044183,
                245.71428469684284,
                352.42587468927456,
                509.66482243515577,
                589.0688413093832,
                628.2299719266185
            ],
            424.4806380662292
        ],
        "graph_max_node_count": [
            5.0,
            5.0,
            5.0,
            [
                3.0,
                3.0,
                4.0,
                5.0,
                6.0,
                6.0
            ],
            4.72
        ],
        "graph_avg_node_count": [
            2.9166666666666665,
            2.8333333333333335,
            3.1666666666666665,
            [
                2.0,
                2.125,
                2.5833333333333335,
                3.1666666666666665,
                3.5,
                3.5
            ],
            2.8920833333333325
        ],
        "graph_max_jumper_count": [
            0.0,
            0.0,
            0.0,
            [
                0.0,
                0.0,
                0.0,
                0.0,
                0.0,
                0.0
            ],
            0.0
        ],
        "graph_avg_jumper_count": [
            0.0,
            0.0,
            0.0,
            [
                0.0,
                0.0,
                0.0,
                0.0,
                0.0,
                0.0
            ],
            0.0
        ]
    },