{
    "total_wire_length": 8290.956018686022,
    "total_jumper_length": 296.8465638386564,
    "total_jumper_count": 7,
    "center_node_count": 67,
    "edge_node_count": 45,
    "total_node_count": 112,
    "reachable_node_count": [
        98.0,
        98.0,
        98.0,
        [
            14.0,
            98.0,
            98.0,
            98.0,
            98.0,
            98.0
        ],
        91.28
    ],
    "unreachable_node_count": [
        14.0,
        14.0,
        14.0,
        [
            14.0,
            14.0,
            14.0,
            14.0,
            14.0,
            98.0
        ],
        20.72
    ],
    "reachable_wire_length": [
        7394.9034764284725,
        7394.9034764284725,
        7394.9034764284725,
        [
            896.0525422575481,
            7394.9034764284725,
            7394.9034764284725,
            7394.9034764284725,
            7394.9034764284725,
            7394.9034764284725
        ],
        6874.995401694798
    ],
    "unreachable_wire_length": [
        896.0525422575481,
        896.0525422575481,
        896.0525422575481,
        [
            896.0525422575481,
            896.0525422575481,
            896.0525422575481,
            896.0525422575481,
            896.0525422575481,
            7394.9034764284725
        ],
        1415.9606169912224
    ],
    "reachable_jumper_length": [
        248.2170761331668,
        248.2170761331668,
        248.2170761331668,
        [
            48.629487705489574,
            248.2170761331668,
            248.2170761331668,
            248.2170761331668,
            248.2170761331668,
            248.2170761331668
        ],
        232.2500690589526
    ],
    "unreachable_jumper_length": [
        48.629487705489574,
        48.629487705489574,
        48.629487705489574,
        [
            48.629487705489574,
            48.629487705489574,
            48.629487705489574,
            48.629487705489574,
            48.629487705489574,
            248.2170761331668
        ],
        64.59649477970378
    ],
    "reachable_jumper_count": [
        5.0,
        5.0,
        5.0,
        [
            2.0,
            5.0,
            5.0,
            5.0,
            5.0,
            5.0
        ],
        4.76
    ],
    "unreachable_jumper_count": [
        2.0,
        2.0,
        2.0,
        [
            2.0,
            2.0,
            2.0,
            2.0,
            2.0,
            5.0
        ],
        2.24
    ],
    "shortest_path": {
        "percent_useful_node_count": [
            0.6428571428571429,
            0.6428571428571429,
            0.6428571428571429,
            [
                0.09776785714285714,
                0.6151785714285715,
                0.6339285714285714,
                0.6517857142857143,
                0.6607142857142857,
                0.6696428571428571
            ],
            0.6008035714285715
        ],
        "percent_useful_wire_length": 58.3435920112669,
        "percent_reachable_sensors": 0.62239,
        "percent_useful_jumper_count": [
            0.7142857142857143,
            0.7142857142857143,
            0.7142857142857143,
            [
                0.2857142857142857,
                0.5571428571428572,
                0.5714285714285714,
                0.7142857142857143,
                0.7142857142857143,
                0.7142857142857143
            ],
            0.6428571428571429
        ],
        "percent_useful_jumper_length": [
            0.2857142857142857,
            0.2857142857142857,
            0.42857142857142855,
            [
                0.0,
                0.2857142857142857,
                0.2857142857142857,
                0.42857142857142855,
                0.5714285714285714,
                0.5714285714285714
            ],
            0.3399999999999999
        ],
        "percent_unreachable_bc_short_jumper": 0.2503,
        "percent_multiroute_reached_nodes": [
            0.43661971830985913,
            0.43243243243243246,
            0.4414285714285714,
            [
                0.40513513513513516,
                0.40540540540540543,
                0.4261643835616439,
                0.4583333333333333,
                0.4707516339869281,
                0.479215291750503
            ],
            0.44054273765244983
        ],
        "path_length_max": [
            1633.0444134330862,
            1601.2572882335007,
            1633.0444134330862
        ],
        "path_length_avg": [
            705.4692403600312,
            702.6147431754771,
            708.9381922356051,
            [
                203.41989450999063,
                291.7464139332733,
                488.46889026952084,
                903.3892694674787,
                1076.7017196985598,
                1174.7645294690597
            ],
            698.4731295661351
        ],
        "path_node_count_max": [
            20.0,
            19.0,
            20.0
        ],
        "path_node_count_avg": [
            9.0,
            9.0,
            9.0,
            [
                2.0,
                3.0,
                6.0,
                12.0,
                14.0,
                15.0
            ],
            8.751168881248091
        ],
        "path_jumper_count_max": [
            3.0,
            3.0,
            3.0
        ],
        "path_jumper_count_avg": [
            1.0,
            1.0,
            1.0,
            [
                0.0,
                0.0,
                0.0,
                1.0,
                2.0,
                2.0
            ],
            0.7224891145423288
        ],
        "path_sensor_jumper_length_max": [
            79.99857859469688,
            79.99216564064447,
            79.99857859469688
        ],
        "path_sensor_jumper_length_avg": [
            29.062653515911204,
            28.724865709699596,
            29.369001080468667,
            [
                2.2154611962571535,
                4.470226532928115,
                12.029967106308103,
                51.72343317847034,
                68.01217331325176,
                73.81106859501067
            ],
            32.75174344420814
        ],
        "path_router_node_branches_max": [
            2.0,
            2.0,
            2.0
        ],
        "path_router_node_branches_avg": [
            2.0,
            2.0,
            2.0,
            [
                2.0,
                2.0,
                2.0,
                2.0,
                2.0,
                2.0
            ],
            2.0
        ],
        "graph_max_wire_length": [
            1144.9904781894152,
            1117.7574905176934,
            1174.552951699489,
            [
                403.8787961883431,
                945.0288711858417,
                1046.32839450962,
                1281.150462452067,
                1437.530343964843,
                1504.3726839539502
            ],
            1127.2181678558684
        ],
        "graph_avg_wire_length": [
            651.7751961567717,
            616.9081206254458,
            682.6090204471916,
            [
                247.29884724304574,
                512.4644240812443,
                582.7084026618134,
                739.1340003171997,
                851.6287629529218,
                904.9882419762628
            ],
            644.9103285665918
        ],
        "graph_max_node_count": [
            16.0,
            16.0,
            17.0,
            [
                6.0,
                13.0,
                15.0,
                18.0,
                19.0,
                20.0
            ],
            15.74
        ],