{
    "total_wire_length": 9327.548934330598,
    "total_jumper_length": 731.1105237706257,
    "total_jumper_count": 17,
    "center_node_count": 79,
    "edge_node_count": 49,
    "total_node_count": 128,
    "reachable_node_count": [
        128.0,
        128.0,
        128.0,
        [
            128.0,
            128.0,
            128.0,
            128.0,
            128.0,
            128.0
        ],
        128.0
    ],
    "unreachable_node_count": [
        0.0,
        0.0,
        0.0,
        [
            0.0,
            0.0,
            0.0,
            0.0,
            0.0,
            0.0
        ],
        0.0
    ],
    "reachable_wire_length": [
        9327.548934330596,
        9327.548934330596,
        9327.548934330596,
        [
            9327.548934330596,
            9327.548934330596,
            9327.548934330596,
            9327.548934330596,
            9327.548934330596,
            9327.548934330596
        ],
        9327.548934330596
    ],
    "unreachable_wire_length": [
        0.0,
        0.0,
        0.0,
        [
            0.0,
            0.0,
            0.0,
            0.0,
            0.0,
            0.0
        ],
        0.0
    ],
    "reachable_jumper_length": [
        731.1105237706256,
        731.1105237706256,
        731.1105237706256,
        [
            731.1105237706256,
            731.1105237706256,
            731.1105237706256,
            731.1105237706256,
            731.1105237706256,
            731.1105237706256
        ],
        731.1105237706253
    ],
    "unreachable_jumper_length": [
        0.0,
        0.0,
        0.0,
        [
            0.0,
            0.0,
            0.0,
            0.0,
            0.0,
            0.0
        ],
        0.0
    ],
    "reachable_jumper_count": [
        17.0,
        17.0,
        17.0,
        [
            17.0,
            17.0,
            17.0,
            17.0,
            17.0,
            17.0
        ],
        17.0
    ],
    "unreachable_jumper_count": [
        0.0,
        0.0,
        0.0,
        [
            0.0,
            0.0,
            0.0,
            0.0,
            0.0,
            0.0
        ],
        0.0
    ],
    "shortest_path": {
        "percent_useful_node_count": [
            0.8046875,
            0.796875,
            0.80859375,
            [
                0.78125,
                0.78125,
                0.7890625,
                0.8203125,
                0.828125,
                0.8359375
            ],
            0.804375
        ],
        "percent_useful_wire_length": 73.26810251354912,
        "percent_reachable_sensors": 0.77251,
        "percent_useful_jumper_count": [
            0.8235294117647058,
            0.8235294117647058,
            0.8235294117647058,
            [
                0.7058823529411765,
                0.7647058823529411,
                0.7647058823529411,
                0.8823529411764706,
                0.9411764705882353,
                1.0
            ],
            0.835294117647059
        ],
        "percent_useful_jumper_length": [
            0.17647058823529413,
            0.17647058823529413,
            0.20588235294117646,
            [
                0.17647058823529413,
                0.17647058823529413,
                0.17647058823529413,
                0.23529411764705882,
                0.29411764705882354,
                0.2970588235294116
            ],
            0.21176470588235294
        ],
        "percent_unreachable_bc_short_jumper": 0.22749,
        "percent_multiroute_reached_nodes": [
            0.39234011361553967,
            0.3867924528301887,
            0.39603960396039606,
            [
                0.3619047619047619,
                0.3677657388380347,
                0.3780399884648659,
                0.4019607843137255,
                0.40799029126213593,
                0.4117647058823529
            ],
            0.3894035358207184
        ],
        "path_length_max": [
            1938.4773835388871,
            1916.8252201807304,
            1938.4773835388871
        ],
        "path_length_avg": [
            850.1902387595331,
            846.9593335451447,
            853.6821224490471,
            [
                226.73814352211366,
                330.2502986760581,
                561.8821944272595,
                1112.5645590434563,
                1361.035770650247,
                1503.8954576969052
            ],
            849.0448900914588
        ],
        "path_node_count_max": [
            28.0,
            28.0,
            28.0
        ],
        "path_node_count_avg": [
            12.0,
            12.0,
            12.0,
            [
                2.0,
                4.0,
                7.0,
                15.0,
                19.0,
                21.0
            ],
            11.468990692677117
        ],
        "path_jumper_count_max": [
            5.0,
            5.0,
            5.0
        ],
        "path_jumper_count_avg": [
            1.0,
            1.0,
            1.0,
            [
                0.0,
                0.0,
                1.0,
                2.0,
                3.0,
                4.0
            ],
            1.3065591383930306
        ],
        "path_sensor_jumper_length_max": [
            79.99247572179496,
            79.98421367320472,
            79.99247572179496
        ],
        "path_sensor_jumper_length_avg": [
            28.371029101921316,
            28.117688949197042,
            28.651483114528524,
            [
                2.1024780711005118,
                4.300254060536398,
                11.805279824271288,
                50.76107223459141,
                67.02209313066459,
                73.29827847152484
            ],
            32.19525924197045
        ],
        "path_router_node_branches_max": [
            2.0,
            2.0,
            2.0
        ],
        "path_router_node_branches_avg": [
            2.0,
            2.0,
            2.0,
            [
                2.0,
                2.0,
                2.0,
                2.0,
                2.0,
                2.0
            ],
            2.0
        ],
        "graph_max_wire_length": [
            1507.987418750726,
            1455.3911178418698,
            1554.9129480937906,
            [
                1137.2585631333545,
                1216.0792031463013,
                1344.4246231055138,
                1673.2992925115655,
                1780.0140540107489,
                1806.8108846186676
            ],
            1500.8599063774298
        ],
        "graph_avg_wire_length": [
            770.1586582684113,
            737.4806219395898,
            854.8289286202215,
            [
                645.1630534490952,
                659.2945315505006,
                701.5698653937508,
                937.6074660560519,
                1134.4562546703082,
                1173.1149393271721
            ],
            829.4793726944415
        ],
        "graph_max_node_count": [
            23.0,
            22.0,
            24.0,
            [
                18.0,
                19.0,
                20.0,
                26.0,
                28.0,
                29.0
            ],
            23.14
        ],
        "graph_avg_node_count": [
            11.30859375,
            10.6171875,
            12.26962890625,
            [
                9.617392113095237,
                9.700239911417324,
                10.31640625,
                14.169921875,
                15.79890463917526,
                16.922265624999998
            ],
            12.25747328549946
        ],
        "graph_max_jumper_count": [
            4.0,
            4.0,
            4.0,
            [
                3.0,
                3.0,
                3.0,
                4.0,
                5.0,
                5.0
            ],
            3.89
        ],