{
    "total_wire_length": 8562.671388819897,
    "total_jumper_length": 732.3619558700846,
    "total_jumper_count": 20,
    "center_node_count": 140,
    "edge_node_count": 56,
    "total_node_count": 196,
    "reachable_node_count": [
        196.0,
        196.0,
        196.0,
        [
            196.0,
            196.0,
            196.0,
            196.0,
            196.0,
            196.0
        ],
        196.0
    ],
    "unreachable_node_count": [
        0.0,
        0.0,
        0.0,
        [
            0.0,
            0.0,
            0.0,
            0.0,
            0.0,
            0.0
        ],
        0.0
    ],
    "reachable_wire_length": [
        8562.671388819897,
        8562.671388819897,
        8562.671388819897,
        [
            8562.671388819897,
            8562.671388819897,
            8562.671388819897,
            8562.671388819897,
            8562.671388819897,
            8562.671388819897
        ],
        8562.671388819901
    ],
    "unreachable_wire_length": [
        0.0,
        0.0,
        0.0,
        [
            0.0,
            0.0,
            0.0,
            0.0,
            0.0,
            0.0
        ],
        0.0
    ],
    "reachable_jumper_length": [
        732.3619558700846,
        732.3619558700846,
        732.3619558700846,
        [
            732.3619558700846,
            732.3619558700846,
            732.3619558700846,
            732.3619558700846,
            732.3619558700846,
            732.3619558700846
        ],
        732.3619558700848
    ],
    "unreachable_jumper_length": [
        0.0,
        0.0,
        0.0,
        [
            0.0,
            0.0,
            0.0,
            0.0,
            0.0,
            0.0
        ],
        0.0
    ],
    "reachable_jumper_count": [
        20.0,
        20.0,
        20.0,
        [
            20.0,
            20.0,
            20.0,
            20.0,
            20.0,
            20.0
        ],
        20.0
    ],
    "unreachable_jumper_count": [
        0.0,
        0.0,
        0.0,
        [
            0.0,
            0.0,
            0.0,
            0.0,
            0.0,
            0.0
        ],
        0.0
    ],
    "shortest_path": {
        "percent_useful_node_count": [
            0.8469387755102041,
            0.8469387755102041,
            0.8470025510204081,
            [
                0.8163265306122449,
                0.8214285714285714,
                0.8367346938775511,
                0.8571428571428571,
                0.8627551020408164,
                0.8673469387755102
            ],
            0.8457142857142859
        ],
        "percent_useful_wire_length": 70.96939182966221,
        "percent_reachable_sensors": 0.99967,
        "percent_useful_jumper_count": [
            0.75,
            0.7,
            0.75,
            [
                0.6,
                0.65,
                0.7,
                0.75,
                0.8,
                0.85
            ],
            0.727
        ],
        "percent_useful_jumper_length": [
            0.2,
            0.2,
            0.2,
            [
                0.15,
                0.15,
                0.2,
                0.25,
                0.25,
                0.3
            ],
            0.21350000000000002
        ],
        "percent_unreachable_bc_short_jumper": 0.00033,
        "percent_multiroute_reached_nodes": [
            0.33532934131736525,
            0.3333333333333333,
            0.33735032153152483,
            [
                0.3166892527762093,
                0.31950167534041496,
                0.3273538961038961,
                0.34545454545454546,
                0.3529764001408947,
                0.3614457831325301
            ],
            0.33647924136377566
        ],
        "path_length_max": [
            1005.930110314422,
            991.5117162828666,
            1005.930110314422
        ],
        "path_length_avg": [
            437.48626050731144,
            436.35911961111367,
            438.897875811558,
            [
                152.74378871722115,
                210.530753426831,
                315.7092315022651,
                547.9105095276012,
                642.8253730709382,
                701.9984086353758
            ],
            432.5746391339816
        ],
        "path_node_count_max": [
            26.0,
            26.0,
            26.0
        ],
        "path_node_count_avg": [
            11.0,
            11.0,
            11.0,
            [
                3.0,
                5.0,
                7.0,
                14.0,
                16.0,
                18.0
            ],
            10.63019796532856
        ],
        "path_jumper_count_max": [
            5.0,
            5.0,
            5.0
        ],
        "path_jumper_count_avg": [
            1.0,
            1.0,
            1.0,
            [
                0.0,
                0.0,
                0.0,
                1.0,
                2.0,
                2.0
            ],
            0.8480198465493612
        ],
        "path_sensor_jumper_length_max": [
            79.89776519343236,
            79.73747773366,
            79.89776519343236
        ],
        "path_sensor_jumper_length_avg": [
            20.076703984486922,
            19.87686739674294,
            20.236576940439175,
            [
                1.391703120802681,
                2.843479345112465,
                7.849861663608558,
                36.683772155041886,
                51.29309126746793,
                58.71018316230828
            ],
            23.770621715789563
        ],
        "path_router_node_branches_max": [
            2.0,
            2.0,
            2.0
        ],
        "path_router_node_branches_avg": [
            2.0,
            2.0,
            2.0,
            [
                2.0,
                2.0,
                2.0,
                2.0,
                2.0,
                2.0
            ],
            2.0
        ],
        "graph_max_wire_length": [
            737.3394714426529,
            716.2902489074507,
            768.3177456613656,
            [
                621.1019654490187,
                627.6582418777109,
                688.2940957808254,
                792.117181804987,
                842.2853748530162,
                857.3580711784273
            ],
            740.5333298406917
        ],
        "graph_avg_wire_length": [
            403.59987691123763,
            388.2189032208155,
            420.65772409999386,
            [
                349.1729418962525,
                355.31739988106574,
                370.50757032656367,
                450.6112463052876,
                472.3982973716532,
                502.4679147009969
            ],
            414.04246967524836
        ],
        "graph_max_node_count": [
            20.0,
            20.0,
            21.0,
            [
                17.0,
                18.0,
                19.0,
                22.0,
                23.10000000000001,
                24.049999999999997
            ],
            20.55
        ],
        "graph_avg_node_count": [
            11.056122448979592,
            10.622448979591837,
            11.483398540763456,
            [
                9.89234693877551,
                9.973979591836736,
                10.142857142857142,
                12.061538461538461,
                13.057142857142859,
                13.885565578375678
            ],
            11.312256251880221
        ],
        "graph_max_jumper_count": [
            3.0,
            3.0,
            3.0,
            [
                2.0,
                2.9000000000000004,
                3.0,
                4.0,
                5.0,
                5.049999999999997
            ],
            3.42
        ],