{
    "total_wire_length": 12630.871733877158,
    "total_jumper_length": 116.41359540186005,
    "total_jumper_count": 12,
    "center_node_count": 212,
    "edge_node_count": 70,
    "total_node_count": 282,
    "reachable_node_count": [
        248.0,
        248.0,
        248.0,
        [
            34.0,
            248.0,
            248.0,
            248.0,
            248.0,
            248.0
        ],
        233.02
    ],
    "unreachable_node_count": [
        34.0,
        34.0,
        34.0,
        [
            34.0,
            34.0,
            34.0,
            34.0,
            34.0,
            248.0
        ],
        48.98
    ],
    "reachable_wire_length": [
        11404.537853500551,
        11404.537853500551,
        11404.537853500551,
        [
            1226.3338803766076,
            11404.537853500551,
            11404.537853500551,
            11404.537853500551,
            11404.537853500551,
            11404.537853500551
        ],
        10692.063575381873
    ],
    "unreachable_wire_length": [
        1226.3338803766076,
        1226.3338803766076,
        1226.3338803766076,
        [
            1226.3338803766076,
            1226.3338803766076,
            1226.3338803766076,
            1226.3338803766076,
            1226.3338803766076,
            11404.537853500551
        ],
        1938.8081584952834
    ],
    "reachable_jumper_length": [
        116.41359540186005,
        116.41359540186005,
        116.41359540186005,
        [
            0.0,
            116.41359540186005,
            116.41359540186005,
            116.41359540186005,
            116.41359540186005,
            116.41359540186005
        ],
        108.26464372372982
    ],
    "unreachable_jumper_length": [
        0.0,
        0.0,
        0.0,
        [
            0.0,
            0.0,
            0.0,
            0.0,
            0.0,
            116.41359540186005
        ],
        8.148951678130203
    ],
    "reachable_jumper_count": [
        12.0,
        12.0,
        12.0,
        [
            0.0,
            12.0,
            12.0,
            12.0,
            12.0,
            12.0
        ],
        11.16
    ],
    "unreachable_jumper_count": [
        0.0,
        0.0,
        0.0,
        [
            0.0,
            0.0,
            0.0,
            0.0,
            0.0,
            12.0
        ],
        0.84
    ],
    "shortest_path": {
        "percent_useful_node_count": [
            0.6879432624113475,
            0.6843971631205674,
            0.6914893617021277,
            [
                0.07429078014184397,
                0.6627659574468086,
                0.6773049645390071,
                0.6985815602836879,
                0.7092198581560284,
                0.7127659574468085
            ],
            0.6456382978723404
        ],
        "percent_useful_wire_length": 54.049310032446066,
        "percent_reachable_sensors": 0.41956,
        "percent_useful_jumper_count": [
            0.75,
            0.75,
            0.8333333333333334,
            [
                0.0,
                0.5833333333333334,
                0.6666666666666666,
                0.8333333333333334,
                0.9166666666666666,
                0.9166666666666666
            ],
            0.73
        ],
        "percent_useful_jumper_length": [
            0.25,
            0.25,
            0.25,
            [
                0.0,
                0.16666666666666666,
                0.16666666666666666,
                0.25,
                0.3333333333333333,
                0.3333333333333333
            ],
            0.22833333333333333
        ],
        "percent_unreachable_bc_short_jumper": 0.50336,
        "percent_multiroute_reached_nodes": [
            0.34005076142131985,
            0.3350250634517767,
            0.3465686038826395,
            [
                0.30096938775510207,
                0.3127884615384615,
                0.3248730964467005,
                0.35760839923643306,
                0.3714565159925985,
                0.45130952380952377
            ],
            0.3494886797433842
        ],
        "path_length_max": [
            1063.676837473576,
            1029.8301579573324,
            1063.676837473576
        ],
        "path_length_avg": [
            513.8322554674844,
            511.0160681216577,
            516.8529859006082,
            [
                155.96537386226183,
                220.33585183956632,
                349.96496008079095,
                657.4410635965717,
                768.0087263349311,
                825.6079594534556
            ],
            503.1091813509213
        ],
        "path_node_count_max": [
            29.0,
            29.0,
            29.0
        ],
        "path_node_count_avg": [
            13.0,
            13.0,
            13.0,
            [
                3.0,
                5.0,
                9.0,
                17.0,
                20.0,
                22.0
            ],
            12.832681857183717
        ],
        "path_jumper_count_max": [
            5.0,
            5.0,
            5.0
        ],
        "path_jumper_count_avg": [
            1.0,
            1.0,
            1.0,
            [
                0.0,
                0.0,
                0.0,
                1.0,
                2.0,
                2.0
            ],
            0.7181332824864144
        ],
        "path_sensor_jumper_length_max": [
            19.99937563458869,
            19.998510244076815,
            19.99937563458869
        ],
        "path_sensor_jumper_length_avg": [
            7.941704903656952,
            7.861246607091764,
            8.028031245331233,
            [
                0.6830123596652196,
                1.3728960589516115,
                3.609930602338217,
                13.423085614245938,
                17.230155640189807,
                18.596695962736803
            ],
            8.65627913828039
        ],
        "path_router_node_branches_max": [
            2.0,
            2.0,
            2.0
        ],
        "path_router_node_branches_avg": [
            2.0,
            2.0,
            2.0,
            [
                2.0,
                2.0,
                2.0,
                2.0,
                2.0,
                2.0
            ],
            2.0
        ],
        "graph_max_wire_length": [
            905.2539595320458,
            879.0315330369858,
            918.604802197988,
            [
                370.40340215608626,
                777.4961862774996,
                837.450412557102,
                949.9190706864249,
                999.9397582341211,
                1012.8000707778014
            ],
            866.5062823006272
        ],
        "graph_avg_wire_length": [
            497.46619441874657,
            485.7659964802682,
            508.4902599734268,
            [
                202.68143502990105,
                437.85649840357615,
                461.1553885069047,
                540.741301669766,
                571.0080886634294,
                581.8308144578353
            ],
            484.97596141559444
        ],
        "graph_max_node_count": [
            25.0,
            24.0,
            25.0,
            [
                10.0,
                22.0,
                23.0,
                26.0,
                27.10000000000001,
                29.0
            ],
            24.01
        ],
        "graph_avg_node_count": [
            13.44758064516129,
            13.04233870967742,
            13.850806451612904,
            [
                5.35,
                11.96774193548387,
                12.470766129032258,
                14.70766129032258,
                15.709677419354838,
                15.78024193548387
            ],
            13.131896100277636
        ],