{
    "total_wire_length": 20917.125688549277,
    "total_jumper_length": 153.3829997494981,
    "total_jumper_count": 14,
    "center_node_count": 349,
    "edge_node_count": 97,
    "total_node_count": 446,
    "reachable_node_count": [
        446.0,
        446.0,
        446.0,
        [
            446.0,
            446.0,
            446.0,
            446.0,
            446.0,
            446.0
        ],
        446.0
    ],
    "unreachable_node_count": [
        0.0,
        0.0,
        0.0,
        [
            0.0,
            0.0,
            0.0,
            0.0,
            0.0,
            0.0
        ],
        0.0
    ],
    "reachable_wire_length": [
        20917.125688549277,
        20917.125688549277,
        20917.125688549277,
        [
            20917.125688549277,
            20917.125688549277,
            20917.125688549277,
            20917.125688549277,
            20917.125688549277,
            20917.125688549277
        ],
        20917.12568854928
    ],
    "unreachable_wire_length": [
        0.0,
        0.0,
        0.0,
        [
            0.0,
            0.0,
            0.0,
            0.0,
            0.0,
            0.0
        ],
        0.0
    ],
    "reachable_jumper_length": [
        153.3829997494981,
        153.3829997494981,
        153.3829997494981,
        [
            153.3829997494981,
            153.3829997494981,
            153.3829997494981,
            153.3829997494981,
            153.3829997494981,
            153.3829997494981
        ],
        153.3829997494981
    ],
    "unreachable_jumper_length": [
        0.0,
        0.0,
        0.0,
        [
            0.0,
            0.0,
            0.0,
            0.0,
            0.0,
            0.0
        ],
        0.0
    ],
    "reachable_jumper_count": [
        14.0,
        14.0,
        14.0,
        [
            14.0,
            14.0,
            14.0,
            14.0,
            14.0,
            14.0
        ],
        14.0
    ],
    "unreachable_jumper_count": [
        0.0,
        0.0,
        0.0,
        [
            0.0,
            0.0,
            0.0,
            0.0,
            0.0,
            0.0
        ],
        0.0
    ],
    "shortest_path": {
        "percent_useful_node_count": [
            0.7488789237668162,
            0.7466367713004485,
            0.7533632286995515,
            [
                0.7285874439461884,
                0.7329596412556054,
                0.7376681614349776,
                0.757847533632287,
                0.7692825112107623,
                0.7757847533632287
            ],
            0.7497982062780271
        ],
        "percent_useful_wire_length": 60.20580092933712,
        "percent_reachable_sensors": 0.51228,
        "percent_useful_jumper_count": [
            0.7857142857142857,
            0.7857142857142857,
            0.8571428571428571,
            [
                0.6428571428571429,
                0.7142857142857143,
                0.7142857142857143,
                0.9285714285714286,
                1.0,
                1.0
            ],
            0.8235714285714286
        ],
        "percent_useful_jumper_length": [
            0.2857142857142857,
            0.2857142857142857,
            0.2857142857142857,
            [
                0.21428571428571427,
                0.21428571428571427,
                0.21428571428571427,
                0.35714285714285715,
                0.35714285714285715,
                0.35714285714285715
            ],
            0.28928571428571426
        ],
        "percent_unreachable_bc_short_jumper": 0.48772,
        "percent_multiroute_reached_nodes": [
            0.3433285380327279,
            0.3392857142857143,
            0.34513406026127263,
            [
                0.31625051036610263,
                0.32102675383178597,
                0.3320935502002389,
                0.35033784394956313,
                0.3569746737888331,
                0.3589982575235053
            ],
            0.3410530438498177
        ],
        "path_length_max": [
            1416.5659207881738,
            1393.4543635658506,
            1416.5659207881738
        ],
        "path_length_avg": [
            658.883600017398,
            656.0496702117936,
            661.7060637445046,
            [
                205.41439064871489,
                285.9000235445168,
                457.34259078266996,
                831.7978942073064,
                980.0984543696601,
                1063.4751180567318
            ],
            645.5178243286483
        ],
        "path_node_count_max": [
            40.0,
            39.0,
            40.0
        ],
        "path_node_count_avg": [
            17.0,
            17.0,
            17.0,
            [
                5.0,
                7.0,
                12.0,
                22.0,
                26.0,
                28.0
            ],
            16.784219567424064
        ],
        "path_jumper_count_max": [
            4.0,
            3.0,
            4.0
        ],
        "path_jumper_count_avg": [
            1.0,
            1.0,
            1.0,
            [
                0.0,
                0.0,
                0.0,
                1.0,
                2.0,
                2.0
            ],
            0.7748301710002342
        ],
        "path_sensor_jumper_length_max": [
            19.998744414033197,
            19.997547262255694,
            19.998744414033197
        ],
        "path_sensor_jumper_length_avg": [
            7.859626560680982,
            7.770580446474611,
            7.9357186341196195,
            [
                0.677009871855433,
                1.368792152723176,
                3.6029167571531797,
                13.383482659173396,
                17.196285380278866,
                18.584773758615352
            ],
            8.625093724234889
        ],
        "path_router_node_branches_max": [
            2.0,
            2.0,
            2.0
        ],
        "path_router_node_branches_avg": [
            2.0,
            2.0,
            2.0,
            [
                2.0,
                2.0,
                2.0,
                2.0,
                2.0,
                2.0
            ],
            2.0
        ],
        "graph_max_wire_length": [
            1161.8969365106727,
            1123.8269464479265,
            1200.5118402922003,
            [
                942.2150242484246,
                973.7515785472489,
                1093.6642961912612,
                1258.622135448568,
                1303.1656168050902,
                1375.7464108502375
            ],
            1161.8463896920623
        ],
        "graph_avg_wire_length": [
            646.5794890868767,
            624.275393343657,
            674.5266772380457,
            [
                542.4053149846359,
                548.5059598561947,
                580.7083944237941,
                707.4316394730713,
                751.1172472228615,
                779.157306467959
            ],
            652.5238543132531
        ],
        "graph_max_node_count": [
            32.0,
            31.0,
            33.0,
            [
                26.95,
                27.0,
                30.0,
                35.0,
                36.10000000000001,
                39.0
            ],
            32.25
        ],
        "graph_avg_node_count": [
            17.865470852017935,
            16.954441913439634,
            18.648479191607656,
            [
                14.783544694934472,
                15.04237668161435,
                16.034713119017894,
                19.02667222016537,
                20.27885508827213,
                21.157062780269058
            ],
            17.75757286305991
        ],