{
    "total_wire_length": 11063.379157595456,
    "total_jumper_length": 3.7062350345181794,
    "total_jumper_count": 1,
    "center_node_count": 94,
    "edge_node_count": 48,
    "total_node_count": 142,
    "reachable_node_count": [
        108.0,
        108.0,
        108.0,
        [
            14.0,
            14.0,
            108.0,
            108.0,
            108.0,
            108.0
        ],
        87.74
    ],
    "unreachable_node_count": [
        34.0,
        34.0,
        34.0,
        [
            34.0,
            34.0,
            34.0,
            34.0,
            128.0,
            128.0
        ],
        54.26
    ],
    "reachable_wire_length": [
        8866.310019373306,
        8866.310019373306,
        8866.310019373306,
        [
            959.3314765796821,
            959.3314765796821,
            8866.310019373306,
            8866.310019373306,
            8866.310019373306,
            8866.310019373306
        ],
        7146.263172913104
    ],
    "unreachable_wire_length": [
        2197.069138222148,
        2197.069138222148,
        2197.069138222148,
        [
            2197.069138222148,
            2197.069138222148,
            2197.069138222148,
            2197.069138222148,
            10104.04768101577,
            10104.04768101577
        ],
        3917.11598468235
    ],
    "reachable_jumper_length": [
        3.7062350345181794,
        3.7062350345181794,
        3.7062350345181794,
        [
            0.0,
            0.0,
            3.7062350345181794,
            3.7062350345181794,
            3.7062350345181794,
            3.7062350345181794
        ],
        2.890863326924179
    ],
    "unreachable_jumper_length": [
        0.0,
        0.0,
        0.0,
        [
            0.0,
            0.0,
            0.0,
            0.0,
            3.7062350345181794,
            3.7062350345181794
        ],
        0.8153717075939992
    ],
    "reachable_jumper_count": [
        1.0,
        1.0,
        1.0,
        [
            0.0,
            0.0,
            1.0,
            1.0,
            1.0,
            1.0
        ],
        0.78
    ],
    "unreachable_jumper_count": [
        0.0,
        0.0,
        0.0,
        [
            0.0,
            0.0,
            0.0,
            0.0,
            1.0,
            1.0
        ],
        0.22
    ],
    "shortest_path": {
        "percent_useful_node_count": [
            0.4788732394366197,
            0.4647887323943662,
            0.4788732394366197,
            [
                0.04929577464788732,
                0.04929577464788732,
                0.448943661971831,
                0.4859154929577465,
                0.5,
                0.5070422535211268
            ],
            0.3863380281690141
        ],
        "percent_useful_wire_length": 38.62197822848316,
        "percent_reachable_sensors": 0.09975,
        "percent_useful_jumper_count": [
            1.0,
            1.0,
            1.0,
            [
                0.0,
                0.0,
                1.0,
                1.0,
                1.0,
                1.0
            ],
            0.78
        ],
        "percent_useful_jumper_length": [
            1.0,
            1.0,
            1.0,
            [
                0.0,
                0.0,
                1.0,
                1.0,
                1.0,
                1.0
            ],
            0.78
        ],
        "percent_unreachable_bc_short_jumper": 0.84454,
        "percent_multiroute_reached_nodes": [
            0.40712390283731376,
            0.4,
            0.4172885572139303,
            [
                0.3748214285714286,
                0.38235294117647056,
                0.391304347826087,
                0.4290674603174603,
                0.5714285714285714,
                0.60125
            ],
            0.4355935654181318
        ],
        "path_length_max": [
            2211.618347776062,
            2174.729399725113,
            2211.618347776062
        ],
        "path_length_avg": [
            802.5962288457376,
            783.3690371739318,
            817.7135285966447,
            [
                174.5697261349669,
                263.52676142058596,
                469.9839459320448,
                1316.0568969367205,
                1601.8956529329585,
                1729.6222972950766
            ],
            887.7421050157591
        ],
        "path_node_count_max": [
            28.0,
            28.0,
            28.0
        ],
        "path_node_count_avg": [
            10.0,
            10.0,
            10.0,
            [
                2.0,
                3.0,
                5.0,
                18.0,
                22.0,
                23.0
            ],
            11.475488721804512
        ],
        "path_jumper_count_max": [
            1.0,
            1.0,
            1.0
        ],
        "path_jumper_count_avg": [
            0.0,
            0.0,
            0.0,
            [
                0.0,
                0.0,
                0.0,
                1.0,
                1.0,
                1.0
            ],
            0.482406015037594
        ],
        "path_sensor_jumper_length_max": [
            9.9993073292908,
            9.989697196957762,
            9.9993073292908
        ],
        "path_sensor_jumper_length_avg": [
            4.738401245537111,
            4.631835176483887,
            4.8263087149521,
            [
                0.4322586756610262,
                0.9082177527338458,
                2.3002253824740593,
                7.246374873521099,
                8.904411983791274,
                9.46445808215445
            ],
            4.814221796725449
        ],
        "path_router_node_branches_max": [
            2.0,
            2.0,
            2.0
        ],
        "path_router_node_branches_avg": [
            2.0,
            2.0,
            2.0,
            [
                2.0,
                2.0,
                2.0,
                2.0,
                2.0,
                2.0
            ],
            2.0
        ],
        "graph_max_wire_length": [
            1720.7312734386041,
            1608.097702329804,
            1811.2793147768718,
            [
                383.04280017777967,
                431.10726029609555,
                1282.9770606689215,
                1905.1892342205817,
                2008.839774456417,
                2122.097980830645
            ],
            1477.5167141831926
        ],
        "graph_avg_wire_length": [
            873.3334965755221,
            820.1042614160905,
            935.0792154178579,
            [
                217.65597260634294,
                257.86292851371456,
                718.9551123500875,
                996.93746933106,
                1065.0768499664173,
                1146.9322926422283
            ],
            785.9162196516294
        ],
        "graph_max_node_count": [
            24.0,
            22.0,
            25.0,
            [
                5.0,
                6.0,
                17.75,
                26.0,
                28.0,
                29.0
            ],
            20.41
        ],
        "graph_avg_node_count": [
            12.26388888888889,
            11.351851851851851,
            12.898148148148149,
            [
                3.0,
                3.712857142857143,
                9.86111111111111,
                13.462962962962964,
                14.55,
                15.324074074074074
            ],
            10.726550264550264
        ],
        "graph_max_jumper_count": [
            1.0,
            1.0,
            1.0,
            [
                0.0,
                0.0,
                1.0,
                1.0,
                1.0,
                1.0
            ],
            0.78
        ],