{
    "total_wire_length": 16390.09214000862,
    "total_jumper_length": 1953.0340443330633,
    "total_jumper_count": 30,
    "center_node_count": 140,
    "edge_node_count": 62,
    "total_node_count": 202,
    "reachable_node_count": [
        202.0,
        202.0,
        202.0,
        [
            202.0,
            202.0,
            202.0,
            202.0,
            202.0,
            202.0
        ],
        202.0
    ],
    "unreachable_node_count": [
        0.0,
        0.0,
        0.0,
        [
            0.0,
            0.0,
            0.0,
            0.0,
            0.0,
            0.0
        ],
        0.0
    ],
    "reachable_wire_length": [
        16390.09214000862,
        16390.09214000862,
        16390.09214000862,
        [
            16390.09214000862,
            16390.09214000862,
            16390.09214000862,
            16390.09214000862,
            16390.09214000862,
            16390.09214000862
        ],
        16390.09214000862
    ],
    "unreachable_wire_length": [
        0.0,
        0.0,
        0.0,
        [
            0.0,
            0.0,
            0.0,
            0.0,
            0.0,
            0.0
        ],
        0.0
    ],
    "reachable_jumper_length": [
        1953.034044333064,
        1953.034044333064,
        1953.034044333064,
        [
            1953.034044333064,
            1953.034044333064,
            1953.034044333064,
            1953.034044333064,
            1953.034044333064,
            1953.034044333064
        ],
        1953.034044333064
    ],
    "unreachable_jumper_length": [
        0.0,
        0.0,
        0.0,
        [
            0.0,
            0.0,
            0.0,
            0.0,
            0.0,
            0.0
        ],
        0.0
    ],
    "reachable_jumper_count": [
        30.0,
        30.0,
        30.0,
        [
            30.0,
            30.0,
            30.0,
            30.0,
            30.0,
            30.0
        ],
        30.0
    ],
    "unreachable_jumper_count": [
        0.0,
        0.0,
        0.0,
        [
            0.0,
            0.0,
            0.0,
            0.0,
            0.0,
            0.0
        ],
        0.0
    ],
    "shortest_path": {
        "percent_useful_node_count": [
            0.8316831683168316,
            0.8316831683168316,
            0.8366336633663366,
            [
                0.8116336633663367,
                0.8163366336633663,
                0.8217821782178217,
                0.8415841584158416,
                0.8514851485148515,
                0.8517326732673267
            ],
            0.8326732673267325
        ],
        "percent_useful_wire_length": 72.72571516851963,
        "percent_reachable_sensors": 0.99087,
        "percent_useful_jumper_count": [
            0.5333333333333333,
            0.5333333333333333,
            0.5333333333333333,
            [
                0.4666666666666667,
                0.5,
                0.5,
                0.5666666666666667,
                0.5666666666666667,
                0.5683333333333332
            ],
            0.5303333333333333
        ],
        "percent_useful_jumper_length": [
            0.13333333333333333,
            0.13333333333333333,
            0.13333333333333333,
            [
                0.1,
                0.1,
                0.1,
                0.16666666666666666,
                0.16666666666666666,
                0.2
            ],
            0.13799999999999998
        ],
        "percent_unreachable_bc_short_jumper": 0.00913,
        "percent_multiroute_reached_nodes": [
            0.35502958579881655,
            0.3508771929824561,
            0.3588235294117647,
            [
                0.3333333333333333,
                0.33727810650887574,
                0.3433734939759036,
                0.36470588235294116,
                0.3713410388525275,
                0.3751524390243902
            ],
            0.3545514977248883
        ],
        "path_length_max": [
            2176.454676066148,
            2121.2635333833014,
            2176.454676066148
        ],
        "path_length_avg": [
            916.2406684465063,
            913.9314436135598,
            919.1740843716656,
            [
                306.88724873130263,
                428.69243264858363,
                657.534024528784,
                1153.112935300398,
                1369.5712258600536,
                1487.3090484179177
            ],
            907.7908368830458
        ],
        "path_node_count_max": [
            26.0,
            26.0,
            26.0
        ],
        "path_node_count_avg": [
            11.0,
            11.0,
            12.0,
            [
                3.0,
                4.0,
                8.0,
                15.0,
                18.0,
                20.0
            ],
            11.293792323917366
        ],
        "path_jumper_count_max": [
            4.0,
            4.0,
            4.0
        ],
        "path_jumper_count_avg": [
            1.0,
            1.0,
            1.0,
            [
                0.0,
                0.0,
                0.0,
                1.0,
                2.0,
                2.0
            ],
            0.796956210199118
        ],
        "path_sensor_jumper_length_max": [
            159.99172069608233,
            159.8441835928701,
            159.99172069608233
        ],
        "path_sensor_jumper_length_avg": [
            41.460406623704756,
            41.099324928464796,
            41.8087066639273,
            [
                2.8644448112742436,
                5.8365861804624,
                16.44760011200115,
                75.33924029122883,
                105.96110953183214,
                121.11336530292897
            ],
            49.05769803082175
        ],
        "path_router_node_branches_max": [
            3.0,
            2.0,
            3.0
        ],
        "path_router_node_branches_avg": [
            2.0,
            2.0,
            2.0,
            [
                2.0,
                2.0,
                2.0,
                2.0,
                2.0,
                2.1999999999999957
            ],
            2.0526315789473686
        ],
        "graph_max_wire_length": [
            1540.0618419122156,
            1505.3131600875963,
            1593.0657192168082,
            [
                1282.4271394471282,
                1325.6289429590895,
                1426.9620795294766,
                1693.6191198253225,
                1792.7840327093775,
                1868.2579300580067
            ],
            1561.1929003428802
        ],
        "graph_avg_wire_length": [
            857.4200971346556,
            812.2574460454072,
            891.9031939079528,
            [
                724.4406480716838,
                736.3520918409408,
                778.2464095630445,
                947.768864627357,
                1061.8796743239748,
                1120.4280480504078
            ],
            878.2413588060859
        ],
        "graph_max_node_count": [
            22.0,
            21.0,
            22.0,
            [
                18.0,
                19.0,
                20.0,
                24.0,
                25.0,
                26.0
            ],
            21.95
        ],
        "graph_avg_node_count": [
            11.508607393402656,
            11.262376237623762,
            12.148576732673266,
            [
                10.455061327028226,
                10.522772277227723,
                10.702970297029703,
                13.017326732673268,
                14.709583271760012,
                15.57920792079208
            ],
            12.125912895651213
        ],