{
    "total_wire_length": 9497.38497284748,
    "total_jumper_length": 844.7829405845016,
    "total_jumper_count": 13,
    "center_node_count": 38,
    "edge_node_count": 30,
    "total_node_count": 68,
    "reachable_node_count": [
        68.0,
        68.0,
        68.0,
        [
            68.0,
            68.0,
            68.0,
            68.0,
            68.0,
            68.0
        ],
        68.0
    ],
    "unreachable_node_count": [
        0.0,
        0.0,
        0.0,
        [
            0.0,
            0.0,
            0.0,
            0.0,
            0.0,
            0.0
        ],
        0.0
    ],
    "reachable_wire_length": [
        9497.384972847478,
        9497.384972847478,
        9497.384972847478,
        [
            9497.384972847478,
            9497.384972847478,
            9497.384972847478,
            9497.384972847478,
            9497.384972847478,
            9497.384972847478
        ],
        9497.384972847478
    ],
    "unreachable_wire_length": [
        0.0,
        0.0,
        0.0,
        [
            0.0,
            0.0,
            0.0,
            0.0,
            0.0,
            0.0
        ],
        0.0
    ],
    "reachable_jumper_length": [
        844.7829405845017,
        844.7829405845017,
        844.7829405845017,
        [
            844.7829405845017,
            844.7829405845017,
            844.7829405845017,
            844.7829405845017,
            844.7829405845017,
            844.7829405845017
        ],
        844.7829405845015
    ],
    "unreachable_jumper_length": [
        0.0,
        0.0,
        0.0,
        [
            0.0,
            0.0,
            0.0,
            0.0,
            0.0,
            0.0
        ],
        0.0
    ],
    "reachable_jumper_count": [
        13.0,
        13.0,
        13.0,
        [
            13.0,
            13.0,
            13.0,
            13.0,
            13.0,
            13.0
        ],
        13.0
    ],
    "unreachable_jumper_count": [
        0.0,
        0.0,
        0.0,
        [
            0.0,
            0.0,
            0.0,
            0.0,
            0.0,
            0.0
        ],
        0.0
    ],
    "shortest_path": {
        "percent_useful_node_count": [
            0.8382352941176471,
            0.8235294117647058,
            0.8382352941176471,
            [
                0.7941176470588235,
                0.8088235294117647,
                0.8235294117647058,
                0.8529411764705882,
                0.8676470588235294,
                0.8676470588235294
            ],
            0.8357352941176474
        ],
        "percent_useful_wire_length": 76.25348679681083,
        "percent_reachable_sensors": 0.70444,
        "percent_useful_jumper_count": [
            0.7692307692307693,
            0.7692307692307693,
            0.7692307692307693,
            [
                0.6153846153846154,
                0.6923076923076923,
                0.6923076923076923,
                0.7692307692307693,
                0.8461538461538461,
                0.8461538461538461
            ],
            0.7553846153846154
        ],
        "percent_useful_jumper_length": [
            0.3076923076923077,
            0.23076923076923078,
            0.3076923076923077,
            [
                0.23076923076923078,
                0.23076923076923078,
                0.23076923076923078,
                0.3076923076923077,
                0.38461538461538464,
                0.38461538461538464
            ],
            0.28846153846153844
        ],
        "percent_unreachable_bc_short_jumper": 0.29556,
        "percent_multiroute_reached_nodes": [
            0.39285714285714285,
            0.38596491228070173,
            0.39827586206896554,
            [
                0.3505747126436781,
                0.3620689655172414,
                0.375,
                0.4107142857142857,
                0.42105263157894735,
                0.42869458128078813
            ],
            0.39260145165474014
        ],
        "path_length_max": [
            2893.662395041614,
            2819.7470163175044,
            2893.662395041614
        ],
        "path_length_avg": [
            1097.2015461027072,
            1093.0681828879456,
            1101.4948923997588,
            [
                366.5956679280816,
                487.63072207275803,
                773.1879154504433,
                1415.1456521798962,
                1743.5276706231334,
                1944.425625204617
            ],
            1113.468279440719
        ],
        "path_node_count_max": [
            22.0,
            21.0,
            22.0
        ],
        "path_node_count_avg": [
            7.0,
            7.0,
            7.0,
            [
                1.0,
                2.0,
                4.0,
                10.0,
                13.0,
                14.0
            ],
            7.473042416671398
        ],
        "path_jumper_count_max": [
            4.0,
            4.0,
            4.0
        ],
        "path_jumper_count_avg": [
            1.0,
            1.0,
            1.0,
            [
                0.0,
                0.0,
                0.0,
                2.0,
                2.0,
                3.0
            ],
            1.1042814150247005
        ],
        "path_sensor_jumper_length_max": [
            159.99460359121687,
            159.9853382246337,
            159.99460359121687
        ],
        "path_sensor_jumper_length_avg": [
            59.58864029943571,
            58.966218625627924,
            60.14890949511459,
            [
                4.44444746320617,
                9.069337786697703,
                24.775870983092062,
                104.44480464867576,
                136.0261362930521,
                147.73449151934295
            ],
            66.295596480113
        ],
        "path_router_node_branches_max": [
            2.0,
            2.0,
            2.0
        ],
        "path_router_node_branches_avg": [
            2.0,
            2.0,
            2.0,
            [
                2.0,
                2.0,
                2.0,
                2.0,
                2.0,
                2.0
            ],
            2.0
        ],
        "graph_max_wire_length": [
            1952.3523045578943,
            1865.6359412886516,
            2003.5200828698094,
            [
                1504.9445716323785,
                1605.9235537505297,
                1771.0329871278282,
                2200.348380778535,
                2460.3810517609395,
                2556.6555980418143
            ],
            1984.716551675924
        ],
        "graph_avg_wire_length": [
            1026.3962387985007,
            999.7970208601593,
            1060.8088685824794,
            [
                807.1235971362535,
                832.1529459133978,
                939.3145381831284,
                1171.763481194515,
                1312.2041552880494,
                1405.5800228893784
            ],
            1056.7418542275443
        ],
        "graph_max_node_count": [
            15.0,
            15.0,
            16.0,
            [
                12.0,
                12.0,
                14.0,
                18.0,
                20.0,
                20.0
            ],
            15.89
        ],
        "graph_avg_node_count": [
            7.772058823529411,
            7.6911764705882355,
            8.147058823529411,
            [
                6.497058823529412,
                6.670588235294118,
                6.966747146619842,
                8.970588235294118,
                9.58823529411765,
                11.102941176470589
            ],
            8.107152893459219
        ],