{
    "total_wire_length": 10769.640336608736,
    "total_jumper_length": 426.14004622699383,
    "total_jumper_count": 26,
    "center_node_count": 182,
    "edge_node_count": 74,
    "total_node_count": 256,
    "reachable_node_count": [
        256.0,
        256.0,
        256.0,
        [
            256.0,
            256.0,
            256.0,
            256.0,
            256.0,
            256.0
        ],
        256.0
    ],
    "unreachable_node_count": [
        0.0,
        0.0,
        0.0,
        [
            0.0,
            0.0,
            0.0,
            0.0,
            0.0,
            0.0
        ],
        0.0
    ],
    "reachable_wire_length": [
        10769.640336608734,
        10769.640336608734,
        10769.640336608734,
        [
            10769.640336608734,
            10769.640336608734,
            10769.640336608734,
            10769.640336608734,
            10769.640336608734,
            10769.640336608734
        ],
        10769.640336608732
    ],
    "unreachable_wire_length": [
        0.0,
        0.0,
        0.0,
        [
            0.0,
            0.0,
            0.0,
            0.0,
            0.0,
            0.0
        ],
        0.0
    ],
    "reachable_jumper_length": [
        426.14004622699383,
        426.14004622699383,
        426.14004622699383,
        [
            426.14004622699383,
            426.14004622699383,
            426.14004622699383,
            426.14004622699383,
            426.14004622699383,
            426.14004622699383
        ],
        426.14004622699395
    ],
    "unreachable_jumper_length": [
        0.0,
        0.0,
        0.0,
        [
            0.0,
            0.0,
            0.0,
            0.0,
            0.0,
            0.0
        ],
        0.0
    ],
    "reachable_jumper_count": [
        26.0,
        26.0,
        26.0,
        [
            26.0,
            26.0,
            26.0,
            26.0,
            26.0,
            26.0
        ],
        26.0
    ],
    "unreachable_jumper_count": [
        0.0,
        0.0,
        0.0,
        [
            0.0,
            0.0,
            0.0,
            0.0,
            0.0,
            0.0
        ],
        0.0
    ],
    "shortest_path": {
        "percent_useful_node_count": [
            0.8125,
            0.8125,
            0.81640625,
            [
                0.78515625,
                0.79296875,
                0.8076171875,
                0.8203125,
                0.8285156250000001,
                0.83984375
            ],
            0.813046875
        ],
        "percent_useful_wire_length": 67.74671301738935,
        "percent_reachable_sensors": 0.79629,
        "percent_useful_jumper_count": [
            0.6923076923076923,
            0.6923076923076923,
            0.6923076923076923,
            [
                0.5769230769230769,
                0.6153846153846154,
                0.6538461538461539,
                0.7307692307692307,
                0.7692307692307693,
                0.7711538461538461
            ],
            0.6896153846153846
        ],
        "percent_useful_jumper_length": [
            0.15384615384615385,
            0.15384615384615385,
            0.15384615384615385,
            [
                0.11538461538461539,
                0.11538461538461539,
                0.11538461538461539,
                0.19230769230769232,
                0.23076923076923078,
                0.23076923076923078
            ],
            0.16346153846153846
        ],
        "percent_unreachable_bc_short_jumper": 0.20371,
        "percent_multiroute_reached_nodes": [
            0.3395348837209302,
            0.33653846153846156,
            0.34434572159786364,
            [
                0.3106045682660288,
                0.316012909632572,
                0.33013192734705255,
                0.35336876936074346,
                0.3632293080054274,
                0.36969444950783814
            ],
            0.3406559623726699
        ],
        "path_length_max": [
            1429.9115219667524,
            1414.39260248568,
            1429.9115219667524
        ],
        "path_length_avg": [
            501.3031570441152,
            499.04112659173586,
            503.17090132526914,
            [
                156.2973243612682,
                219.9691724549615,
                349.1280807568879,
                674.3037950201749,
                846.5668157269853,
                949.654018373032
            ],
            521.5190871005241
        ],
        "path_node_count_max": [
            40.0,
            40.0,
            40.0
        ],
        "path_node_count_avg": [
            14.0,
            14.0,
            14.0,
            [
                3.0,
                5.0,
                9.0,
                19.0,
                23.0,
                26.0
            ],
            14.037825415363749
        ],
        "path_jumper_count_max": [
            5.0,
            5.0,
            5.0
        ],
        "path_jumper_count_avg": [
            1.0,
            1.0,
            1.0,
            [
                0.0,
                0.0,
                1.0,
                2.0,
                2.0,
                3.0
            ],
            1.0909844403420865
        ],
        "path_sensor_jumper_length_max": [
            39.99990695187218,
            39.997730058247114,
            39.99990695187218
        ],
        "path_sensor_jumper_length_avg": [
            14.124542971570726,
            13.994979657882611,
            14.272836892972085,
            [
                1.055620892032638,
                2.1508352956443217,
                5.8437355539538585,
                25.24426091392624,
                33.48975742520089,
                36.56292826738388
            ],
            16.03276907671367
        ],
        "path_router_node_branches_max": [
            2.0,
            2.0,
            2.0
        ],
        "path_router_node_branches_avg": [
            2.0,
            2.0,
            2.0,
            [
                2.0,
                2.0,
                2.0,
                2.0,
                2.0,
                2.0
            ],
            2.0
        ],
        "graph_max_wire_length": [
            1007.8996796466511,
            964.6107468615947,
            1054.7837916258757,
            [
                828.9001018355711,
                842.2333961687291,
                906.5407119947557,
                1121.3876283708112,
                1303.1649501687846,
                1372.1737526928514
            ],
            1036.1718401348867
        ],
        "graph_avg_wire_length": [
            487.3666774255113,
            470.27215213367424,
            513.364367649037,
            [
                403.341130235806,
                415.70622869231767,
                444.7327775571156,
                564.4416790842398,
                676.5676274829156,
                722.8071751237295
            ],
            516.7932040482999
        ],
        "graph_max_node_count": [
            30.0,
            27.5,
            31.0,
            [
                23.0,
                25.0,
                26.0,
                33.0,
                37.10000000000001,
                39.099999999999994
            ],
            30.17
        ],
        "graph_avg_node_count": [
            14.523828125,
            13.3515625,
            15.12109375,
            [
                11.6158203125,
                11.93515625,
                12.660167738970587,
                16.295023816762946,
                19.54686728013834,
                21.0908203125
            ],
            14.890274736008756
        ],