{
    "total_wire_length": 13123.344535975437,
    "total_jumper_length": 1.991472709491022,
    "total_jumper_count": 1,
    "center_node_count": 109,
    "edge_node_count": 49,
    "total_node_count": 158,
    "reachable_node_count": [
        48.0,
        48.0,
        63.0,
        [
            32.0,
            32.0,
            32.0,
            78.0,
            78.0,
            78.0
        ],
        55.52
    ],
    "unreachable_node_count": [
        110.0,
        110.0,
        110.0,
        [
            80.0,
            80.0,
            80.0,
            126.0,
            126.0,
            126.0
        ],
        102.48
    ],
    "reachable_wire_length": [
        3892.9118646877487,
        3892.9118646877487,
        5315.374827894944,
        [
            2492.5948801855475,
            2492.5948801855475,
            2492.5948801855475,
            6737.837791102141,
            6737.837791102141,
            6737.837791102141
        ],
        4638.793479592889
    ],
    "unreachable_wire_length": [
        9230.432671287688,
        7807.969708080493,
        9230.432671287688,
        [
            6385.506744873297,
            6385.506744873297,
            6385.506744873297,
            10630.74965578989,
            10630.74965578989,
            10630.74965578989
        ],
        8484.551056382548
    ],
    "reachable_jumper_length": [
        0.0,
        0.0,
        0.995736354745511,
        [
            0.0,
            0.0,
            0.0,
            1.991472709491022,
            1.991472709491022,
            1.991472709491022
        ],
        0.7965890837964088
    ],
    "unreachable_jumper_length": [
        1.991472709491022,
        0.995736354745511,
        1.991472709491022,
        [
            0.0,
            0.0,
            0.0,
            1.991472709491022,
            1.991472709491022,
            1.991472709491022
        ],
        1.1948836256946131
    ],
    "reachable_jumper_count": [
        0.0,
        0.0,
        0.5124999999999886,
        [
            0.0,
            0.0,
            0.0,
            1.0,
            1.0,
            1.0
        ],
        0.4
    ],
    "unreachable_jumper_count": [
        1.0,
        0.5,
        1.0,
        [
            0.0,
            0.0,
            0.0,
            1.0,
            1.0,
            1.0
        ],
        0.6
    ],
    "shortest_path": {
        "percent_useful_node_count": [
            0.2088607594936709,
            0.20253164556962025,
            0.21518987341772153,
            [
                0.12658227848101267,
                0.12658227848101267,
                0.13924050632911392,
                0.35443037974683544,
                0.36075949367088606,
                0.3670886075949367
            ],
            0.24468354430379746
        ],
        "percent_useful_wire_length": 23.044320852706026,
        "percent_reachable_sensors": 0.16952,
        "percent_useful_jumper_count": [
            0.0,
            0.0,
            0.0,
            [
                0.0,
                0.0,
                0.0,
                1.0,
                1.0,
                1.0
            ],
            0.4
        ],
        "percent_useful_jumper_length": [
            0.0,
            0.0,
            0.5,
            [
                0.0,
                0.0,
                0.0,
                1.0,
                1.0,
                1.0
            ],
            0.4
        ],
        "percent_unreachable_bc_short_jumper": 0.51912,
        "percent_multiroute_reached_nodes": [
            0.4090909090909091,
            0.3929793233082707,
            0.43100446428571426,
            [
                0.3506060606060606,
                0.35714285714285715,
                0.3684210526315789,
                0.45454545454545453,
                0.5,
                0.5
            ],
            0.41775308983460246
        ],
        "path_length_max": [
            1786.746675094619,
            1750.4898433137491,
            1786.746675094619
        ],
        "path_length_avg": [
            547.5783527983123,
            542.1447867771651,
            552.7007746868884,
            [
                149.02931337288365,
                206.56382405355347,
                354.0978874867924,
                798.594549134487,
                1109.1170768320048,
                1265.997249961184
            ],
            605.909632815659
        ],
        "path_node_count_max": [
            23.0,
            23.0,
            23.0
        ],
        "path_node_count_avg": [
            6.0,
            6.0,
            6.0,
            [
                1.0,
                2.0,
                4.0,
                10.0,
                15.0,
                17.0
            ],
            7.4156441717791415
        ],
        "path_jumper_count_max": [
            1.0,
            1.0,
            1.0
        ],
        "path_jumper_count_avg": [
            0.0,
            0.0,
            0.0,
            [
                0.0,
                0.0,
                0.0,
                1.0,
                1.0,
                1.0
            ],
            0.26704813591316656
        ],
        "path_sensor_jumper_length_max": [
            39.99335949937834,
            39.98859176393689,
            39.99335949937834
        ],
        "path_sensor_jumper_length_avg": [
            15.52064579731299,
            15.253094526729985,
            15.774439072533184,
            [
                1.3032799272806312,
                2.6494152425357793,
                7.057817172171072,
                26.575331955480188,
                34.58377085798988,
                37.36391679728043
            ],
            17.152515233869266
        ],
        "path_router_node_branches_max": [
            2.0,
            2.0,
            2.0
        ],
        "path_router_node_branches_avg": [
            2.0,
            2.0,
            2.0,
            [
                2.0,
                2.0,
                2.0,
                2.0,
                2.0,
                2.0
            ],
            2.0
        ],
        "graph_max_wire_length": [
            941.0683054579937,
            895.3581681535671,
            996.5135416590567,
            [
                631.5654347009034,
                670.740123727243,
                806.1581157483722,
                1264.596758578888,
                1482.2189726315114,
                1606.9031551210371
            ],
            1031.280174673896
        ],
        "graph_avg_wire_length": [
            547.2534666500943,
            503.27659843129555,
            583.3740464748071,
            [
                367.5710034310727,
                394.7848422260292,
                461.2472067844401,
                669.9800330473524,
                763.2469280929073,
                824.2566700716992
            ],
            571.88709029882
        ],
        "graph_max_node_count": [
            12.0,
            11.0,
            13.0,
            [
                8.0,
                8.9,
                10.0,
                18.25,
                21.0,
                22.0
            ],
            13.94
        ],
        "graph_avg_node_count": [
            6.822916666666666,
            6.354166666666667,
            7.884615384615385,
            [
                4.7765625,
                5.203125,
                6.171875,
                9.5,
                10.756410256410257,
                11.65705128205128
            ],
            7.62579326923077
        ],
        "graph_max_jumper_count": [
            0.0,
            0.0,
            0.5,
            [
                0.0,
                0.0,
                0.0,
                1.0,
                1.0,
                1.0
            ],
            0.4
        ],