{
    "total_wire_length": 40849.87033097757,
    "total_jumper_length": 3114.0827653110973,
    "total_jumper_count": 144,
    "center_node_count": 1363,
    "edge_node_count": 195,
    "total_node_count": 1558,
    "reachable_node_count": [
        1558.0,
        1558.0,
        1558.0,
        [
            1558.0,
            1558.0,
            1558.0,
            1558.0,
            1558.0,
            1558.0
        ],
        1558.0
    ],
    "unreachable_node_count": [
        0.0,
        0.0,
        0.0,
        [
            0.0,
            0.0,
            0.0,
            0.0,
            0.0,
            0.0
        ],
        0.0
    ],
    "reachable_wire_length": [
        40849.87033097757,
        40849.87033097757,
        40849.87033097757,
        [
            40849.87033097757,
            40849.87033097757,
            40849.87033097757,
            40849.87033097757,
            40849.87033097757,
            40849.87033097757
        ],
        40849.87033097757
    ],
    "unreachable_wire_length": [
        0.0,
        0.0,
        0.0,
        [
            0.0,
            0.0,
            0.0,
            0.0,
            0.0,
            0.0
        ],
        0.0
    ],
    "reachable_jumper_length": [
        3114.082765311097,
        3114.082765311097,
        3114.082765311097,
        [
            3114.082765311097,
            3114.082765311097,
            3114.082765311097,
            3114.082765311097,
            3114.082765311097,
            3114.082765311097
        ],
        3114.082765311098
    ],
    "unreachable_jumper_length": [
        0.0,
        0.0,
        0.0,
        [
            0.0,
            0.0,
            0.0,
            0.0,
            0.0,
            0.0
        ],
        0.0
    ],
    "reachable_jumper_count": [
        144.0,
        144.0,
        144.0,
        [
            144.0,
            144.0,
            144.0,
            144.0,
            144.0,
            144.0
        ],
        144.0
    ],
    "unreachable_jumper_count": [
        0.0,
        0.0,
        0.0,
        [
            0.0,
            0.0,
            0.0,
            0.0,
            0.0,
            0.0
        ],
        0.0
    ],
    "shortest_path": {
        "percent_useful_node_count": [
            0.7631578947368421,
            0.7612323491655969,
            0.7650834403080873,
            [
                0.7507702182284981,
                0.7534017971758664,
                0.7585044929396663,
                0.7686136071887035,
                0.7760590500641849,
                0.7786585365853658
            ],
            0.7634338896020542
        ],
        "percent_useful_wire_length": 56.53817888543231,
        "percent_reachable_sensors": 0.99976,
        "percent_useful_jumper_count": [
            0.3263888888888889,
            0.3194444444444444,
            0.3333333333333333,
            [
                0.2708333333333333,
                0.2777777777777778,
                0.3055555555555556,
                0.3472222222222222,
                0.3680555555555556,
                0.375
            ],
            0.32388888888888884
        ],
        "percent_useful_jumper_length": [
            0.034722222222222224,
            0.027777777777777776,
            0.034722222222222224,
            [
                0.020833333333333332,
                0.027777777777777776,
                0.027777777777777776,
                0.034722222222222224,
                0.041666666666666664,
                0.041666666666666664
            ],
            0.03284722222222222
        ],
        "percent_unreachable_bc_short_jumper": 0.00024,
        "percent_multiroute_reached_nodes": [
            0.3036853753261553,
            0.3024030664897538,
            0.30456707750285733,
            [
                0.2887799233961059,
                0.28967864067040744,
                0.29522215419203857,
                0.3090837048592543,
                0.3147200744021554,
                0.31631711409395974
            ],
            0.3026201925504925
        ],
        "path_length_max": [
            1256.5979603389753,
            1231.306727483739,
            1256.5979603389753
        ],
        "path_length_avg": [
            574.094683780589,
            572.1061886801216,
            576.1069220353768,
            [
                186.2694358681161,
                255.0114390885873,
                395.27430439803464,
                728.8707120956258,
                853.2600708827196,
                923.6348740198862
            ],
            564.0132333857356
        ],
        "path_node_count_max": [
            66.0,
            64.0,
            66.0
        ],
        "path_node_count_avg": [
            29.0,
            28.0,
            29.0,
            [
                8.0,
                12.0,
                19.0,
                36.0,
                43.0,
                47.0
            ],
            28.015093622469394
        ],
        "path_jumper_count_max": [
            11.0,
            10.0,
            11.0
        ],
        "path_jumper_count_avg": [
            1.0,
            1.0,
            1.0,
            [
                0.0,
                0.0,
                0.0,
                1.0,
                2.0,
                3.0
            ],
            1.1034748339601503
        ],
        "path_sensor_jumper_length_max": [
            39.772059177674564,
            39.5504771776297,
            39.772059177674564
        ],
        "path_sensor_jumper_length_avg": [
            9.876566621943933,
            9.794686946210744,
            9.954550763437057,
            [
                0.6861718882146024,
                1.4188544079799497,
                3.9450652384930875,
                17.87799735905182,
                25.215811219073718,
                28.837087595445794
            ],
            11.687901635705561
        ],
        "path_router_node_branches_max": [
            4.0,
            3.0,
            4.0
        ],
        "path_router_node_branches_avg": [
            2.0,
            2.0,
            2.0,
            [
                2.0,
                2.0,
                2.0,
                2.0,
                2.0,
                2.0
            ],
            2.0254237288135593
        ],
        "graph_max_wire_length": [
            1020.3804887504474,
            1002.9599511740176,
            1049.641598490122,
            [
                854.9592841899424,
                893.3787873678283,
                940.3412273522684,
                1094.697259954973,
                1171.716954733801,
                1201.6667028024556
            ],
            1024.4413384062607
        ],
        "graph_avg_wire_length": [
            539.0277564698304,
            524.3699134804339,
            562.6362440520043,
            [
                485.8530623452923,
                491.9243943724305,
                506.0545497728427,
                603.2296105583823,
                655.7834443217648,
                669.7253236626225
            ],
            556.8054318600642
        ],
        "graph_max_node_count": [
            53.0,
            52.0,
            55.0,
            [
                44.0,
                46.0,
                49.0,
                57.25,
                61.0,
                64.0
            ],
            53.56
        ],
        "graph_avg_node_count": [
            27.631747757240277,
            26.851490955470418,
            29.07753930346596,
            [
                25.159724005134787,
                25.267201540436456,
                25.988767650834404,
                31.017193279185175,
                34.00917546389643,
                34.85662197688274
            ],
            28.737820796757905
        ],