{
    "total_wire_length": 28375.029901642123,
    "total_jumper_length": 6542.838145553463,
    "total_jumper_count": 90,
    "center_node_count": 473,
    "edge_node_count": 105,
    "total_node_count": 578,
    "reachable_node_count": [
        578.0,
        578.0,
        578.0,
        [
            578.0,
            578.0,
            578.0,
            578.0,
            578.0,
            578.0
        ],
        578.0
    ],
    "unreachable_node_count": [
        0.0,
        0.0,
        0.0,
        [
            0.0,
            0.0,
            0.0,
            0.0,
            0.0,
            0.0
        ],
        0.0
    ],
    "reachable_wire_length": [
        28375.029901642123,
        28375.029901642123,
        28375.029901642123,
        [
            28375.029901642123,
            28375.029901642123,
            28375.029901642123,
            28375.029901642123,
            28375.029901642123,
            28375.029901642123
        ],
        28375.029901642134
    ],
    "unreachable_wire_length": [
        0.0,
        0.0,
        0.0,
        [
            0.0,
            0.0,
            0.0,
            0.0,
            0.0,
            0.0
        ],
        0.0
    ],
    "reachable_jumper_length": [
        6542.8381455534645,
        6542.8381455534645,
        6542.8381455534645,
        [
            6542.8381455534645,
            6542.8381455534645,
            6542.8381455534645,
            6542.8381455534645,
            6542.8381455534645,
            6542.8381455534645
        ],
        6542.838145553465
    ],
    "unreachable_jumper_length": [
        0.0,
        0.0,
        0.0,
        [
            0.0,
            0.0,
            0.0,
            0.0,
            0.0,
            0.0
        ],
        0.0
    ],
    "reachable_jumper_count": [
        90.0,
        90.0,
        90.0,
        [
            90.0,
            90.0,
            90.0,
            90.0,
            90.0,
            90.0
        ],
        90.0
    ],
    "unreachable_jumper_count": [
        0.0,
        0.0,
        0.0,
        [
            0.0,
            0.0,
            0.0,
            0.0,
            0.0,
            0.0
        ],
        0.0
    ],
    "shortest_path": {
        "percent_useful_node_count": [
            0.8434256055363322,
            0.8408304498269896,
            0.8460207612456747,
            [
                0.8285467128027683,
                0.8304498269896193,
                0.8373702422145328,
                0.8512110726643599,
                0.8565743944636679,
                0.8651384083044983
            ],
            0.8441695501730102
        ],
        "percent_useful_wire_length": 67.69034398916405,
        "percent_reachable_sensors": 1.0,
        "percent_useful_jumper_count": [
            0.35555555555555557,
            0.35555555555555557,
            0.36666666666666664,
            [
                0.29944444444444446,
                0.32222222222222224,
                0.34444444444444444,
                0.37777777777777777,
                0.4,
                0.40055555555555555
            ],
            0.35711111111111116
        ],
        "percent_useful_jumper_length": [
            0.05555555555555555,
            0.044444444444444446,
            0.05555555555555555,
            [
                0.03333333333333333,
                0.03333333333333333,
                0.044444444444444446,
                0.05555555555555555,
                0.06666666666666667,
                0.06666666666666667
            ],
            0.05166666666666666
        ],
        "percent_unreachable_bc_short_jumper": 0.0,
        "percent_multiroute_reached_nodes": [
            0.3161687341965483,
            0.31442455599328684,
            0.3184584178498986,
            [
                0.29572691145423685,
                0.3009891847447979,
                0.30900696685620616,
                0.3223477820880418,
                0.32919254658385094,
                0.33277850234371975
            ],
            0.3155266712988631
        ],
        "path_length_max": [
            1588.0673841200123,
            1510.9200474222819,
            1588.0673841200123
        ],
        "path_length_avg": [
            725.744133986331,
            723.2366703729062,
            728.2208563184166,
            [
                254.48262405083702,
                339.6509550386314,
                515.1991870047941,
                913.489338778938,
                1061.9732930868945,
                1147.0561226012994
            ],
            714.0234527800721
        ],
        "path_node_count_max": [
            41.0,
            39.0,
            41.0
        ],
        "path_node_count_avg": [
            18.0,
            17.0,
            18.0,
            [
                5.0,
                8.0,
                12.0,
                22.0,
                26.0,
                29.0
            ],
            17.2552
        ],
        "path_jumper_count_max": [
            9.0,
            9.0,
            9.0
        ],
        "path_jumper_count_avg": [
            1.0,
            1.0,
            1.0,
            [
                0.0,
                0.0,
                0.0,
                1.0,
                2.0,
                3.0
            ],
            1.00786
        ],
        "path_sensor_jumper_length_max": [
            87.64781635183982,
            83.04373616068,
            87.64781635183982
        ],
        "path_sensor_jumper_length_avg": [
            19.98915176509891,
            19.82843069559252,
            20.179593054626515,
            [
                1.3595196523243533,
                2.822593072957649,
                7.9077083593286535,
                36.310934615961386,
                50.69408093190106,
                58.17062303748812
            ],
            23.626219690983056
        ],
        "path_router_node_branches_max": [
            4.0,
            4.0,
            4.0
        ],
        "path_router_node_branches_avg": [
            2.0,
            2.0,
            2.0,
            [
                2.0,
                2.0,
                2.0,
                2.0,
                2.0,
                2.0
            ],
            2.0718954248366015
        ],
        "graph_max_wire_length": [
            1253.7397353150507,
            1199.0920759859985,
            1283.2252954325968,
            [
                1066.003941360805,
                1091.8259657721414,
                1154.8416724374842,
                1358.1401645825283,
                1421.8432718436377,
                1436.9247429497618
            ],
            1255.1967154925205
        ],
        "graph_avg_wire_length": [
            693.1475121273371,
            644.4238415509262,
            705.476644250532,
            [
                595.0735329501423,
                606.5158866376037,
                620.8254669234408,
                755.5238169571143,
                795.4909372995348,
                848.2051295447156
            ],
            692.8018486269724
        ],
        "graph_max_node_count": [
            33.0,
            32.0,
            33.5,
            [
                28.0,
                29.0,
                30.75,
                35.0,
                38.0,
                39.0
            ],
            33.02
        ],
        "graph_avg_node_count": [
            17.18822175417482,
            16.548922658063123,
            18.03651833777733,
            [
                15.552727986902784,
                15.827020954781785,
                16.10116546360093,
                19.068783753193415,
                20.618356159326666,
                21.573145244617454
            ],
            17.757858058578144
        ],