{
    "total_wire_length": 15021.568287143305,
    "total_jumper_length": 386.4096917156268,
    "total_jumper_count": 14,
    "center_node_count": 126,
    "edge_node_count": 54,
    "total_node_count": 180,
    "reachable_node_count": [
        180.0,
        180.0,
        180.0,
        [
            180.0,
            180.0,
            180.0,
            180.0,
            180.0,
            180.0
        ],
        180.0
    ],
    "unreachable_node_count": [
        0.0,
        0.0,
        0.0,
        [
            0.0,
            0.0,
            0.0,
            0.0,
            0.0,
            0.0
        ],
        0.0
    ],
    "reachable_wire_length": [
        15021.56828714331,
        15021.56828714331,
        15021.56828714331,
        [
            15021.56828714331,
            15021.56828714331,
            15021.56828714331,
            15021.56828714331,
            15021.56828714331,
            15021.56828714331
        ],
        15021.568287143307
    ],
    "unreachable_wire_length": [
        0.0,
        0.0,
        0.0,
        [
            0.0,
            0.0,
            0.0,
            0.0,
            0.0,
            0.0
        ],
        0.0
    ],
    "reachable_jumper_length": [
        386.4096917156268,
        386.4096917156268,
        386.4096917156268,
        [
            386.4096917156268,
            386.4096917156268,
            386.4096917156268,
            386.4096917156268,
            386.4096917156268,
            386.4096917156268
        ],
        386.40969171562676
    ],
    "unreachable_jumper_length": [
        0.0,
        0.0,
        0.0,
        [
            0.0,
            0.0,
            0.0,
            0.0,
            0.0,
            0.0
        ],
        0.0
    ],
    "reachable_jumper_count": [
        14.0,
        14.0,
        14.0,
        [
            14.0,
            14.0,
            14.0,
            14.0,
            14.0,
            14.0
        ],
        14.0
    ],
    "unreachable_jumper_count": [
        0.0,
        0.0,
        0.0,
        [
            0.0,
            0.0,
            0.0,
            0.0,
            0.0,
            0.0
        ],
        0.0
    ],
    "shortest_path": {
        "percent_useful_node_count": [
            0.7944444444444444,
            0.7944444444444444,
            0.8,
            [
                0.7775,
                0.7833333333333333,
                0.7888888888888889,
                0.8055555555555556,
                0.8111111111111111,
                0.8113888888888888
            ],
            0.7961666666666666
        ],
        "percent_useful_wire_length": 68.23459625423094,
        "percent_reachable_sensors": 0.80645,
        "percent_useful_jumper_count": [
            0.7142857142857143,
            0.7142857142857143,
            0.7142857142857143,
            [
                0.6392857142857143,
                0.6428571428571429,
                0.7142857142857143,
                0.7857142857142857,
                0.7857142857142857,
                0.8571428571428571
            ],
            0.725
        ],
        "percent_useful_jumper_length": [
            0.2857142857142857,
            0.2857142857142857,
            0.2857142857142857,
            [
                0.21428571428571427,
                0.21428571428571427,
                0.2857142857142857,
                0.35714285714285715,
                0.35714285714285715,
                0.35714285714285715
            ],
            0.29
        ],
        "percent_unreachable_bc_short_jumper": 0.19355,
        "percent_multiroute_reached_nodes": [
            0.36363636363636365,
            0.36012822395145105,
            0.3706293706293706,
            [
                0.3402777777777778,
                0.34283716283716287,
                0.3536531690140845,
                0.375886524822695,
                0.3847745358090186,
                0.39022254830031794
            ],
            0.36496602667764655
        ],
        "path_length_max": [
            1994.1745444721714,
            1894.4433460953212,
            1994.1745444721714
        ],
        "path_length_avg": [
            856.6266892310693,
            853.3801249641983,
            859.7527014566354,
            [
                273.86350859620603,
                386.8215307071567,
                600.832265290974,
                1074.0449636205392,
                1248.916782689734,
                1352.3385246054495
            ],
            837.9249978669933
        ],
        "path_node_count_max": [
            27.0,
            27.0,
            27.0
        ],
        "path_node_count_avg": [
            11.0,
            11.0,
            11.0,
            [
                3.0,
                4.0,
                7.0,
                14.0,
                17.0,
                18.0
            ],
            10.741335482670966
        ],
        "path_jumper_count_max": [
            4.0,
            3.0,
            4.0
        ],
        "path_jumper_count_avg": [
            1.0,
            1.0,
            1.0,
            [
                0.0,
                0.0,
                0.0,
                1.0,
                1.0,
                2.0
            ],
            0.7515283030566061
        ],
        "path_sensor_jumper_length_max": [
            79.99868873271132,
            79.99540999793604,
            79.99868873271132
        ],
        "path_sensor_jumper_length_avg": [
            28.256047374734695,
            27.987895346972653,
            28.537981325379683,
            [
                2.10541187072255,
                4.314532062422196,
                11.69016276673267,
                50.086963892250395,
                66.51131075387445,
                72.96792519010314
            ],
            31.945035310956015
        ],
        "path_router_node_branches_max": [
            2.0,
            2.0,
            2.0
        ],
        "path_router_node_branches_avg": [
            2.0,
            2.0,
            2.0,
            [
                2.0,
                2.0,
                2.0,
                2.0,
                2.0,
                2.0
            ],
            2.0
        ],
        "graph_max_wire_length": [
            1463.2725922993357,
            1411.6473773684534,
            1491.1231063273926,
            [
                1198.5226429350942,
                1232.4354830637194,
                1333.1603854949324,
                1566.0931968821938,
                1649.176575388751,
                1700.1456547286255
            ],
            1453.9438884288816
        ],
        "graph_avg_wire_length": [
            821.4264302565556,
            802.7182735430997,
            837.0608168133263,
            [
                707.352458038689,
                718.1358399560361,
                767.3940435025104,
                893.1858466907323,
                943.2537722291244,
                963.245704157498
            ],
            830.8980321062636
        ],
        "graph_max_node_count": [
            21.0,
            20.0,
            21.0,
            [
                17.0,
                18.0,
                19.0,
                22.25,
                23.10000000000001,
                25.0
            ],
            20.71
        ],
        "graph_avg_node_count": [
            11.16015873015873,
            10.988811297330852,
            11.961111111111112,
            [
                10.083055555555557,
                10.137777777777778,
                10.552777777777777,
                12.655555555555555,
                13.368333333333334,
                13.7225
            ],
            11.645021296352134
        ],