{
    "total_wire_length": 16870.1232878412,
    "total_jumper_length": 886.613477441564,
    "total_jumper_count": 19,
    "center_node_count": 142,
    "edge_node_count": 58,
    "total_node_count": 200,
    "reachable_node_count": [
        200.0,
        200.0,
        200.0,
        [
            200.0,
            200.0,
            200.0,
            200.0,
            200.0,
            200.0
        ],
        200.0
    ],
    "unreachable_node_count": [
        0.0,
        0.0,
        0.0,
        [
            0.0,
            0.0,
            0.0,
            0.0,
            0.0,
            0.0
        ],
        0.0
    ],
    "reachable_wire_length": [
        16870.12328784119,
        16870.12328784119,
        16870.12328784119,
        [
            16870.12328784119,
            16870.12328784119,
            16870.12328784119,
            16870.12328784119,
            16870.12328784119,
            16870.12328784119
        ],
        16870.123287841187
    ],
    "unreachable_wire_length": [
        0.0,
        0.0,
        0.0,
        [
            0.0,
            0.0,
            0.0,
            0.0,
            0.0,
            0.0
        ],
        0.0
    ],
    "reachable_jumper_length": [
        886.613477441564,
        886.613477441564,
        886.613477441564,
        [
            886.613477441564,
            886.613477441564,
            886.613477441564,
            886.613477441564,
            886.613477441564,
            886.613477441564
        ],
        886.6134774415642
    ],
    "unreachable_jumper_length": [
        0.0,
        0.0,
        0.0,
        [
            0.0,
            0.0,
            0.0,
            0.0,
            0.0,
            0.0
        ],
        0.0
    ],
    "reachable_jumper_count": [
        19.0,
        19.0,
        19.0,
        [
            19.0,
            19.0,
            19.0,
            19.0,
            19.0,
            19.0
        ],
        19.0
    ],
    "unreachable_jumper_count": [
        0.0,
        0.0,
        0.0,
        [
            0.0,
            0.0,
            0.0,
            0.0,
            0.0,
            0.0
        ],
        0.0
    ],
    "shortest_path": {
        "percent_useful_node_count": [
            0.815,
            0.81,
            0.82,
            [
                0.7847500000000001,
                0.79,
                0.805,
                0.825,
                0.835,
                0.84
            ],
            0.8139000000000002
        ],
        "percent_useful_wire_length": 69.18003623037144,
        "percent_reachable_sensors": 0.77531,
        "percent_useful_jumper_count": [
            0.6842105263157895,
            0.631578947368421,
            0.7368421052631579,
            [
                0.47368421052631576,
                0.5263157894736842,
                0.5789473684210527,
                0.7894736842105263,
                0.7947368421052636,
                0.8421052631578947
            ],
            0.6742105263157896
        ],
        "percent_useful_jumper_length": [
            0.21052631578947367,
            0.21052631578947367,
            0.21052631578947367,
            [
                0.15789473684210525,
                0.15789473684210525,
                0.21052631578947367,
                0.21052631578947367,
                0.2631578947368421,
                0.2631578947368421
            ],
            0.21368421052631575
        ],
        "percent_unreachable_bc_short_jumper": 0.22469,
        "percent_multiroute_reached_nodes": [
            0.353299856527977,
            0.3473053892215569,
            0.35852644087938207,
            [
                0.320914602965885,
                0.3290795586527294,
                0.3374233128834356,
                0.36504832029452366,
                0.3752245508982036,
                0.38461538461538464
            ],
            0.3521419375201659
        ],
        "path_length_max": [
            1878.2056851655286,
            1852.254438698192,
            1878.2056851655286
        ],
        "path_length_avg": [
            851.1818188505342,
            847.9843863580293,
            854.6741805145479,
            [
                284.51406762055956,
                397.7631008013051,
                599.7450827991279,
                1073.7723133913432,
                1280.1325798485047,
                1403.0921183999794
            ],
            844.0157976217881
        ],
        "path_node_count_max": [
            27.0,
            26.0,
            27.0
        ],
        "path_node_count_avg": [
            11.0,
            11.0,
            11.0,
            [
                3.0,
                4.0,
                7.0,
                14.0,
                17.0,
                19.0
            ],
            10.804439514516774
        ],
        "path_jumper_count_max": [
            4.0,
            4.0,
            4.0
        ],
        "path_jumper_count_avg": [
            1.0,
            1.0,
            1.0,
            [
                0.0,
                0.0,
                0.0,
                1.0,
                2.0,
                2.0
            ],
            0.7959654847738324
        ],
        "path_sensor_jumper_length_max": [
            79.99896770875375,
            79.99285143269864,
            79.99896770875375
        ],
        "path_sensor_jumper_length_avg": [
            28.449933877905963,
            28.1640121560282,
            28.68611624329959,
            [
                2.086625372807453,
                4.343789080567603,
                11.639566483938939,
                50.49879049737634,
                67.08659171987418,
                73.28928500219222
            ],
            32.103208680136945
        ],
        "path_router_node_branches_max": [
            2.0,
            2.0,
            2.0
        ],
        "path_router_node_branches_avg": [
            2.0,
            2.0,
            2.0,
            [
                2.0,
                2.0,
                2.0,
                2.0,
                2.0,
                2.0
            ],
            2.0
        ],
        "graph_max_wire_length": [
            1479.7150155817844,
            1442.6127975413044,
            1507.2274159363303,
            [
                1209.015803419494,
                1242.724232861731,
                1340.7086844874966,
                1597.0582468311843,
                1713.8363984420969,
                1753.2796849022868
            ],
            1479.6875681803012
        ],
        "graph_avg_wire_length": [
            811.4847479965229,
            789.7177247656017,
            827.9018229165989,
            [
                712.5125319606717,
                729.1898842692876,
                761.9819349083369,
                880.6286865904219,
                978.5096044429583,
                1027.760159489035
            ],
            835.9356380395703
        ],
        "graph_max_node_count": [
            22.0,
            21.0,
            23.0,
            [
                18.0,
                19.0,
                20.0,
                25.0,
                26.0,
                27.0
            ],
            22.23
        ],
        "graph_avg_node_count": [
            11.3825,
            11.11,
            11.69504114321608,
            [
                10.244499999999999,
                10.3195,
                10.825,
                12.20625,
                13.453,
                14.35575
            ],
            11.75660023382564
        ],
        "graph_max_jumper_count": [
            3.0,
            3.0,
            3.0,
            [
                3.0,
                3.0,
                3.0,
                3.0,
                3.0,
                3.049999999999997
            ],
            3.01
        ],