{
    "total_wire_length": 4882.280298021823,
    "total_jumper_length": 16.9134653591645,
    "total_jumper_count": 3,
    "center_node_count": 37,
    "edge_node_count": 31,
    "total_node_count": 68,
    "reachable_node_count": [
        44.0,
        44.0,
        44.0,
        [
            10.0,
            10.0,
            14.0,
            44.0,
            44.0,
            44.0
        ],
        33.68
    ],
    "unreachable_node_count": [
        24.0,
        24.0,
        24.0,
        [
            24.0,
            24.0,
            24.0,
            54.0,
            58.0,
            58.0
        ],
        34.32
    ],
    "reachable_wire_length": [
        3300.9214234778474,
        3300.9214234778474,
        3300.9214234778474,
        [
            640.7799035972338,
            640.7799035972338,
            940.5789709467406,
            3300.9214234778474,
            3300.9214234778474,
            3300.9214234778474
        ],
        2491.6480065449823
    ],
    "unreachable_wire_length": [
        1581.3588745439743,
        1581.3588745439743,
        1581.3588745439743,
        [
            1581.3588745439743,
            1581.3588745439743,
            1581.3588745439743,
            3941.7013270750813,
            4241.500394424587,
            4241.500394424587
        ],
        2390.6322914768393
    ],
    "reachable_jumper_length": [
        7.047259279934094,
        7.047259279934094,
        7.047259279934094,
        [
            0.0,
            0.0,
            7.047259279934094,
            7.047259279934094,
            9.866206079230407,
            9.866206079230407
        ],
        6.568053404616657
    ],
    "unreachable_jumper_length": [
        9.866206079230407,
        9.866206079230407,
        9.866206079230407,
        [
            7.047259279934094,
            7.047259279934094,
            9.866206079230407,
            9.866206079230407,
            16.9134653591645,
            16.9134653591645
        ],
        10.345411954547844
    ],
    "reachable_jumper_count": [
        2.0,
        2.0,
        2.0,
        [
            0.0,
            0.0,
            1.0,
            2.0,
            2.0,
            2.0
        ],
        1.54
    ],
    "unreachable_jumper_count": [
        1.0,
        1.0,
        1.0,
        [
            1.0,
            1.0,
            1.0,
            2.0,
            3.0,
            3.0
        ],
        1.46
    ],
    "shortest_path": {
        "percent_useful_node_count": [
            0.39705882352941174,
            0.3897058823529411,
            0.4117647058823529,
            [
                0.07352941176470588,
                0.10294117647058823,
                0.10294117647058823,
                0.4117647058823529,
                0.4264705882352941,
                0.4264705882352941
            ],
            0.30823529411764694
        ],
        "percent_useful_wire_length": 31.583989838950078,
        "percent_reachable_sensors": 0.0795,
        "percent_useful_jumper_count": [
            0.6666666666666666,
            0.3333333333333333,
            0.6666666666666666,
            [
                0.0,
                0.0,
                0.3333333333333333,
                0.6666666666666666,
                0.6666666666666666,
                0.6666666666666666
            ],
            0.46
        ],
        "percent_useful_jumper_length": [
            0.3333333333333333,
            0.3333333333333333,
            0.3333333333333333,
            [
                0.0,
                0.0,
                0.0,
                0.3333333333333333,
                0.3333333333333333,
                0.3333333333333333
            ],
            0.2266666666666666
        ],
        "percent_unreachable_bc_short_jumper": 0.84363,
        "percent_multiroute_reached_nodes": [
            0.5555555555555556,
            0.5357142857142857,
            0.5714285714285714,
            [
                0.42857142857142855,
                0.42857142857142855,
                0.5,
                0.5944444444444444,
                0.7142857142857143,
                0.7142857142857143
            ],
            0.5527424389148528
        ],
        "path_length_max": [
            1419.517715305854,
            1361.52459989103,
            1419.517715305854
        ],
        "path_length_avg": [
            451.2901381893998,
            440.95541840152384,
            463.40167818311926,
            [
                107.11947235484911,
                145.18102986115335,
                251.54624693131342,
                777.1561777033835,
                1015.1642118439403,
                1100.7136814057183
            ],
            522.4287215717573
        ],
        "path_node_count_max": [
            18.0,
            18.0,
            18.0
        ],
        "path_node_count_avg": [
            5.0,
            5.0,
            6.0,
            [
                1.0,
                1.0,
                3.0,
                11.0,
                14.0,
                15.0
            ],
            6.621635220125786
        ],
        "path_jumper_count_max": [
            2.0,
            2.0,
            2.0
        ],
        "path_jumper_count_avg": [
            0.0,
            0.0,
            0.0,
            [
                0.0,
                0.0,
                0.0,
                1.0,
                1.0,
                1.0
            ],
            0.4615094339622641
        ],
        "path_sensor_jumper_length_max": [
            9.998977171462336,
            9.995804485600743,
            9.998977171462336
        ],
        "path_sensor_jumper_length_avg": [
            4.769905091620032,
            4.6548234094921925,
            4.872618784491883,
            [
                0.45418770539831893,
                0.9269387797559316,
                2.3858749488138056,
                7.301904678779589,
                8.922283002633527,
                9.472884486046691
            ],
            4.8615704798084485
        ],
        "path_router_node_branches_max": [
            2.0,
            2.0,
            2.0
        ],
        "path_router_node_branches_avg": [
            2.0,
            2.0,
            2.0,
            [
                2.0,
                2.0,
                2.0,
                2.0,
                2.0,
                2.0
            ],
            2.0
        ],
        "graph_max_wire_length": [
            1049.2169869066424,
            907.4771667838738,
            1101.2671675609863,
            [
                267.53693274871324,
                276.9639165482849,
                408.6381173666276,
                1184.7945008896727,
                1274.0684697240915,
                1289.540280001251
            ],
            869.6892615927759
        ],
        "graph_avg_wire_length": [
            490.7623369641568,
            431.8315946701577,
            547.4460058970648,
            [
                149.00558658181032,
                163.2437282249939,
                241.64812302648198,
                612.1067805062512,
                670.4729385053676,
                726.1447342809995
            ],
            451.10879442174735
        ],
        "graph_max_node_count": [
            15.0,
            13.0,
            15.0,
            [
                4.0,
                4.0,
                6.0,
                16.0,
                17.0,
                18.0
            ],
            12.14
        ],
        "graph_avg_node_count": [
            6.863636363636363,
            6.431818181818182,
            7.5227272727272725,
            [
                2.4,
                2.5,
                3.2642857142857142,
                8.227272727272727,
                9.227272727272727,
                9.873863636363636
            ],
            6.268921356421356
        ],