{
    "total_wire_length": 21560.261137568283,
    "total_jumper_length": 1002.7502056984109,
    "total_jumper_count": 48,
    "center_node_count": 358,
    "edge_node_count": 110,
    "total_node_count": 468,
    "reachable_node_count": [
        468.0,
        468.0,
        468.0,
        [
            468.0,
            468.0,
            468.0,
            468.0,
            468.0,
            468.0
        ],
        468.0
    ],
    "unreachable_node_count": [
        0.0,
        0.0,
        0.0,
        [
            0.0,
            0.0,
            0.0,
            0.0,
            0.0,
            0.0
        ],
        0.0
    ],
    "reachable_wire_length": [
        21560.26113756826,
        21560.26113756826,
        21560.26113756826,
        [
            21560.26113756826,
            21560.26113756826,
            21560.26113756826,
            21560.26113756826,
            21560.26113756826,
            21560.26113756826
        ],
        21560.261137568265
    ],
    "unreachable_wire_length": [
        0.0,
        0.0,
        0.0,
        [
            0.0,
            0.0,
            0.0,
            0.0,
            0.0,
            0.0
        ],
        0.0
    ],
    "reachable_jumper_length": [
        1002.750205698411,
        1002.750205698411,
        1002.750205698411,
        [
            1002.750205698411,
            1002.750205698411,
            1002.750205698411,
            1002.750205698411,
            1002.750205698411,
            1002.750205698411
        ],
        1002.7502056984108
    ],
    "unreachable_jumper_length": [
        0.0,
        0.0,
        0.0,
        [
            0.0,
            0.0,
            0.0,
            0.0,
            0.0,
            0.0
        ],
        0.0
    ],
    "reachable_jumper_count": [
        48.0,
        48.0,
        48.0,
        [
            48.0,
            48.0,
            48.0,
            48.0,
            48.0,
            48.0
        ],
        48.0
    ],
    "unreachable_jumper_count": [
        0.0,
        0.0,
        0.0,
        [
            0.0,
            0.0,
            0.0,
            0.0,
            0.0,
            0.0
        ],
        0.0
    ],
    "shortest_path": {
        "percent_useful_node_count": [
            0.813034188034188,
            0.811965811965812,
            0.8162393162393162,
            [
                0.7947649572649572,
                0.8012820512820513,
                0.8076923076923077,
                0.8226495726495726,
                0.8290598290598291,
                0.833440170940171
            ],
            0.8142094017094017
        ],
        "percent_useful_wire_length": 64.47573725476838,
        "percent_reachable_sensors": 0.78394,
        "percent_useful_jumper_count": [
            0.5625,
            0.5625,
            0.5833333333333334,
            [
                0.4791666666666667,
                0.5,
                0.5416666666666666,
                0.6041666666666666,
                0.6458333333333334,
                0.646875
            ],
            0.57
        ],
        "percent_useful_jumper_length": [
            0.0625,
            0.0625,
            0.08333333333333333,
            [
                0.0625,
                0.0625,
                0.0625,
                0.08333333333333333,
                0.10416666666666667,
                0.10416666666666667
            ],
            0.078125
        ],
        "percent_unreachable_bc_short_jumper": 0.21606,
        "percent_multiroute_reached_nodes": [
            0.325979846248338,
            0.3226638504864311,
            0.3276783583870198,
            [
                0.3108631033542405,
                0.31216931216931215,
                0.31862410205765773,
                0.3333333333333333,
                0.3385053294573644,
                0.3413151025219991
            ],
            0.32574635067033925
        ],
        "path_length_max": [
            2139.0325746365565,
            2124.521917550928,
            2139.0325746365565
        ],
        "path_length_avg": [
            716.2578680788291,
            712.8140024796937,
            719.145849896547,
            [
                220.87365397729792,
                304.6583634746865,
                491.31439457976927,
                973.6380237051567,
                1229.900920313077,
                1381.157122513523
            ],
            749.2650337376795
        ],
        "path_node_count_max": [
            62.0,
            62.0,
            62.0
        ],
        "path_node_count_avg": [
            19.0,
            19.0,
            19.0,
            [
                5.0,
                7.0,
                12.0,
                27.0,
                34.0,
                39.0
            ],
            20.053052529530323
        ],
        "path_jumper_count_max": [
            12.0,
            11.0,
            12.0
        ],
        "path_jumper_count_avg": [
            1.0,
            1.0,
            1.0,
            [
                0.0,
                0.0,
                1.0,
                3.0,
                6.0,
                7.0
            ],
            1.9966706635711917
        ],
        "path_sensor_jumper_length_max": [
            39.999914044985545,
            39.99809880334317,
            39.999914044985545
        ],
        "path_sensor_jumper_length_avg": [
            14.717110904396849,
            14.564311843577064,
            14.850141371379886,
            [
                1.0947912352516855,
                2.2620444258353523,
                6.07583832626304,
                25.69940856643692,
                33.66425748817141,
                36.70736760574124
            ],
            16.36807069208599
        ],
        "path_router_node_branches_max": [
            3.0,
            2.0,
            3.0
        ],
        "path_router_node_branches_avg": [
            2.0,
            2.0,
            2.0,
            [
                2.0,
                2.0,
                2.0,
                2.0,
                2.0,
                2.0
            ],
            2.008130081300813
        ],
        "graph_max_wire_length": [
            1460.0109822680056,
            1383.878901165448,
            1524.1111643695044,
            [
                1226.5400384609522,
                1251.7900645987902,
                1299.9643417375983,
                1702.1276950329627,
                1904.3781113386556,
                1973.3482704896057
            ],
            1517.2953085722224
        ],
        "graph_avg_wire_length": [
            670.1119343050595,
            644.5633419211586,
            701.572041122748,
            [
                576.2407173591117,
                586.3789392927742,
                608.3442348374704,
                807.6013027078645,
                945.8155122133988,
                1034.722224990213
            ],
            721.108825267479
        ],
        "graph_max_node_count": [
            43.0,
            41.0,
            46.0,
            [
                35.0,
                36.0,
                39.0,
                50.25,
                56.10000000000001,
                58.099999999999994
            ],
            44.93
        ],
        "graph_avg_node_count": [
            18.92359550561798,
            17.844070809115703,
            19.578522047832585,
            [
                15.857399103139013,
                16.118847180934146,
                16.966928251121075,
                22.4271659767736,
                26.130063307834344,
                29.408968609865468
            ],
            20.16258137240526
        ],