{
    "total_wire_length": 16974.25875632241,
    "total_jumper_length": 1768.1066726049266,
    "total_jumper_count": 89,
    "center_node_count": 562,
    "edge_node_count": 138,
    "total_node_count": 700,
    "reachable_node_count": [
        700.0,
        700.0,
        700.0,
        [
            700.0,
            700.0,
            700.0,
            700.0,
            700.0,
            700.0
        ],
        700.0
    ],
    "unreachable_node_count": [
        0.0,
        0.0,
        0.0,
        [
            0.0,
            0.0,
            0.0,
            0.0,
            0.0,
            0.0
        ],
        0.0
    ],
    "reachable_wire_length": [
        16974.258756322408,
        16974.258756322408,
        16974.258756322408,
        [
            16974.258756322408,
            16974.258756322408,
            16974.258756322408,
            16974.258756322408,
            16974.258756322408,
            16974.258756322408
        ],
        16974.258756322404
    ],
    "unreachable_wire_length": [
        0.0,
        0.0,
        0.0,
        [
            0.0,
            0.0,
            0.0,
            0.0,
            0.0,
            0.0
        ],
        0.0
    ],
    "reachable_jumper_length": [
        1768.1066726049266,
        1768.1066726049266,
        1768.1066726049266,
        [
            1768.1066726049266,
            1768.1066726049266,
            1768.1066726049266,
            1768.1066726049266,
            1768.1066726049266,
            1768.1066726049266
        ],
        1768.1066726049262
    ],
    "unreachable_jumper_length": [
        0.0,
        0.0,
        0.0,
        [
            0.0,
            0.0,
            0.0,
            0.0,
            0.0,
            0.0
        ],
        0.0
    ],
    "reachable_jumper_count": [
        89.0,
        89.0,
        89.0,
        [
            89.0,
            89.0,
            89.0,
            89.0,
            89.0,
            89.0
        ],
        89.0
    ],
    "unreachable_jumper_count": [
        0.0,
        0.0,
        0.0,
        [
            0.0,
            0.0,
            0.0,
            0.0,
            0.0,
            0.0
        ],
        0.0
    ],
    "shortest_path": {
        "percent_useful_node_count": [
            0.8257142857142857,
            0.8228571428571428,
            0.8278571428571428,
            [
                0.8085714285714286,
                0.8114285714285714,
                0.8171428571428572,
                0.8314285714285714,
                0.8372857142857143,
                0.8400714285714286
            ],
            0.8245285714285713
        ],
        "percent_useful_wire_length": 64.60051625856549,
        "percent_reachable_sensors": 0.99998,
        "percent_useful_jumper_count": [
            0.4157303370786517,
            0.4044943820224719,
            0.42696629213483145,
            [
                0.34831460674157305,
                0.3808988764044944,
                0.3904494382022472,
                0.4410112359550562,
                0.4617977528089889,
                0.4724719101123595
            ],
            0.41595505617977524
        ],
        "percent_useful_jumper_length": [
            0.056179775280898875,
            0.0449438202247191,
            0.056179775280898875,
            [
                0.033707865168539325,
                0.033707865168539325,
                0.042134831460674156,
                0.056179775280898875,
                0.06741573033707865,
                0.06741573033707865
            ],
            0.04977528089887641
        ],
        "percent_unreachable_bc_short_jumper": 2e-05,
        "percent_multiroute_reached_nodes": [
            0.32416158987401666,
            0.31932773109243695,
            0.3264424756420214,
            [
                0.2995812702487927,
                0.30365821307300506,
                0.3136056971514243,
                0.3350629102347315,
                0.3424998175138081,
                0.34399919805528406
            ],
            0.32332649478704717
        ],
        "path_length_max": [
            1325.8675274321818,
            1291.3070617516191,
            1325.8675274321818
        ],
        "path_length_avg": [
            409.727295989358,
            408.48697060189204,
            411.1468863710455,
            [
                132.88482760959653,
                181.1864685554276,
                285.6979429898479,
                548.1224103586278,
                706.1125864604182,
                801.2428310358532
            ],
            429.76969175682063
        ],
        "path_node_count_max": [
            70.0,
            68.0,
            70.0
        ],
        "path_node_count_avg": [
            21.0,
            21.0,
            21.0,
            [
                6.0,
                8.0,
                14.0,
                28.0,
                37.0,
                42.0
            ],
            21.870617412348246
        ],
        "path_jumper_count_max": [
            7.0,
            6.0,
            7.0
        ],
        "path_jumper_count_avg": [
            1.0,
            1.0,
            1.0,
            [
                0.0,
                0.0,
                1.0,
                2.0,
                3.0,
                3.0
            ],
            1.1962539250785016
        ],
        "path_sensor_jumper_length_max": [
            39.74344959141432,
            39.185067250536044,
            39.74344959141432
        ],
        "path_sensor_jumper_length_avg": [
            9.902882138232561,
            9.818083989800758,
            9.98900875055884,
            [
                0.7031857861291706,
                1.4333398012204333,
                3.899061378540647,
                18.084101192180604,
                25.3721137966475,
                29.07328012540981
            ],
            11.75834361582594
        ],
        "path_router_node_branches_max": [
            5.0,
            3.0,
            5.0
        ],
        "path_router_node_branches_avg": [
            2.0,
            2.0,
            2.0,
            [
                2.0,
                2.0,
                2.0,
                2.0,
                2.0,
                2.0
            ],
            2.043010752688172
        ],
        "graph_max_wire_length": [
            854.0340494358667,
            834.2621480466163,
            878.181844422021,
            [
                724.2292257633525,
                752.8424022106401,
                812.2509224128005,
                955.7395620891193,
                1098.8658061510669,
                1212.479893781105
            ],
            894.8294528692302
        ],
        "graph_avg_wire_length": [
            391.518168279684,
            381.4299996071008,
            397.8236995210449,
            [
                344.185793476206,
                351.9053550211504,
                363.9991080462697,
                440.2348700471545,
                533.9841877122085,
                656.0224761990686
            ],
            420.79339123297586
        ],
        "graph_max_node_count": [
            47.0,
            45.0,
            48.0,
            [
                39.0,
                40.0,
                44.0,
                52.25,
                62.10000000000001,
                68.05
            ],
            49.12
        ],
        "graph_avg_node_count": [
            20.874552174314314,
            20.29365601503759,
            21.467142857142857,
            [
                18.2871514679266,
                18.486662089745792,
                19.275580199629314,
                23.870714285714286,
                28.887006532704884,
                34.83954967159277
            ],
            22.516510229601025
        ],