{
    "total_wire_length": 20129.409522119644,
    "total_jumper_length": 2637.2242853585167,
    "total_jumper_count": 73,
    "center_node_count": 336,
    "edge_node_count": 124,
    "total_node_count": 460,
    "reachable_node_count": [
        460.0,
        460.0,
        460.0,
        [
            460.0,
            460.0,
            460.0,
            460.0,
            460.0,
            460.0
        ],
        460.0
    ],
    "unreachable_node_count": [
        0.0,
        0.0,
        0.0,
        [
            0.0,
            0.0,
            0.0,
            0.0,
            0.0,
            0.0
        ],
        0.0
    ],
    "reachable_wire_length": [
        20129.409522119637,
        20129.409522119637,
        20129.409522119637,
        [
            20129.409522119637,
            20129.409522119637,
            20129.409522119637,
            20129.409522119637,
            20129.409522119637,
            20129.409522119637
        ],
        20129.40952211964
    ],
    "unreachable_wire_length": [
        0.0,
        0.0,
        0.0,
        [
            0.0,
            0.0,
            0.0,
            0.0,
            0.0,
            0.0
        ],
        0.0
    ],
    "reachable_jumper_length": [
        2637.224285358517,
        2637.224285358517,
        2637.224285358517,
        [
            2637.224285358517,
            2637.224285358517,
            2637.224285358517,
            2637.224285358517,
            2637.224285358517,
            2637.224285358517
        ],
        2637.2242853585167
    ],
    "unreachable_jumper_length": [
        0.0,
        0.0,
        0.0,
        [
            0.0,
            0.0,
            0.0,
            0.0,
            0.0,
            0.0
        ],
        0.0
    ],
    "reachable_jumper_count": [
        73.0,
        73.0,
        73.0,
        [
            73.0,
            73.0,
            73.0,
            73.0,
            73.0,
            73.0
        ],
        73.0
    ],
    "unreachable_jumper_count": [
        0.0,
        0.0,
        0.0,
        [
            0.0,
            0.0,
            0.0,
            0.0,
            0.0,
            0.0
        ],
        0.0
    ],
    "shortest_path": {
        "percent_useful_node_count": [
            0.8456521739130435,
            0.841304347826087,
            0.8478260869565217,
            [
                0.8281521739130435,
                0.8304347826086956,
                0.8369565217391305,
                0.8543478260869565,
                0.8589130434782609,
                0.8609782608695652
            ],
            0.8453478260869562
        ],
        "percent_useful_wire_length": 69.79810371992316,
        "percent_reachable_sensors": 0.99778,
        "percent_useful_jumper_count": [
            0.547945205479452,
            0.5205479452054794,
            0.547945205479452,
            [
                0.4650684931506849,
                0.4794520547945205,
                0.5068493150684932,
                0.5616438356164384,
                0.589041095890411,
                0.5897260273972602
            ],
            0.5338356164383561
        ],
        "percent_useful_jumper_length": [
            0.1095890410958904,
            0.0958904109589041,
            0.1095890410958904,
            [
                0.0821917808219178,
                0.0821917808219178,
                0.0821917808219178,
                0.136986301369863,
                0.1506849315068493,
                0.1506849315068493
            ],
            0.11164383561643833
        ],
        "percent_unreachable_bc_short_jumper": 0.00222,
        "percent_multiroute_reached_nodes": [
            0.31812398797131625,
            0.31675392670157065,
            0.3212886982469228,
            [
                0.29608927721493167,
                0.3053580062718444,
                0.31277850970666876,
                0.3250650787452818,
                0.33257191201353636,
                0.33505221582541167
            ],
            0.31851844794959744
        ],
        "path_length_max": [
            1816.742217333689,
            1705.1356602229052,
            1816.742217333689
        ],
        "path_length_avg": [
            679.4098194153453,
            676.6765185056887,
            681.9263293062493,
            [
                223.46447199896477,
                305.56184774447564,
                479.1312923309438,
                894.5597983115807,
                1065.7677284635138,
                1173.2872324308614
            ],
            688.4236552262049
        ],
        "path_node_count_max": [
            46.0,
            45.0,
            46.0
        ],
        "path_node_count_avg": [
            18.0,
            17.0,
            18.0,
            [
                5.0,
                7.0,
                12.0,
                23.0,
                28.0,
                31.0
            ],
            17.697849225280123
        ],
        "path_jumper_count_max": [
            7.0,
            7.0,
            7.0
        ],
        "path_jumper_count_avg": [
            1.0,
            1.0,
            1.0,
            [
                0.0,
                0.0,
                1.0,
                2.0,
                3.0,
                3.0
            ],
            1.3321774339032653
        ],
        "path_sensor_jumper_length_max": [
            79.98152426325969,
            79.88852212670643,
            79.98152426325969
        ],
        "path_sensor_jumper_length_avg": [
            20.38001505188448,
            20.216756711937197,
            20.559586966335175,
            [
                1.3963438294246047,
                2.8834272062092663,
                8.018367993510067,
                37.0406916828235,
                51.6264952795533,
                59.27634049951042
            ],
            24.068012157596137
        ],
        "path_router_node_branches_max": [
            3.0,
            2.0,
            3.0
        ],
        "path_router_node_branches_avg": [
            2.0,
            2.0,
            2.0,
            [
                2.0,
                2.0,
                2.0,
                2.0,
                2.0,
                2.0
            ],
            2.0234375
        ],
        "graph_max_wire_length": [
            1305.9061214341575,
            1249.6790603253553,
            1358.429310758409,
            [
                1031.8959482672249,
                1066.4225186647739,
                1198.386967674921,
                1415.1666529480415,
                1499.076885274143,
                1592.0476710497053
            ],
            1299.8717925002375
        ],
        "graph_avg_wire_length": [
            656.0450164442188,
            624.8085144705917,
            676.9648550270416,
            [
                514.7073765221637,
                527.0079492471435,
                567.3282165926948,
                726.6072621264201,
                823.2593095369323,
                858.1428832234119
            ],
            662.7705152105914
        ],
        "graph_max_node_count": [
            36.0,
            35.0,
            36.0,
            [
                27.0,
                28.9,
                31.0,
                40.0,
                41.10000000000001,
                44.05
            ],
            35.37
        ],
        "graph_avg_node_count": [
            17.933695652173913,
            17.289173948564933,
            18.47045951859956,
            [
                14.34855032822757,
                14.68195652173913,
                15.72250419341778,
                19.85856951066859,
                22.079861111111114,
                23.48864624505929
            ],
            18.1631631422996
        ],