{
    "total_wire_length": 35790.37032779073,
    "total_jumper_length": 16349.037588654115,
    "total_jumper_count": 212,
    "center_node_count": 595,
    "edge_node_count": 173,
    "total_node_count": 768,
    "reachable_node_count": [
        768.0,
        768.0,
        768.0,
        [
            768.0,
            768.0,
            768.0,
            768.0,
            768.0,
            768.0
        ],
        768.0
    ],
    "unreachable_node_count": [
        0.0,
        0.0,
        0.0,
        [
            0.0,
            0.0,
            0.0,
            0.0,
            0.0,
            0.0
        ],
        0.0
    ],
    "reachable_wire_length": [
        35790.37032779072,
        35790.37032779072,
        35790.37032779072,
        [
            35790.37032779072,
            35790.37032779072,
            35790.37032779072,
            35790.37032779072,
            35790.37032779072,
            35790.37032779072
        ],
        35790.370327790726
    ],
    "unreachable_wire_length": [
        0.0,
        0.0,
        0.0,
        [
            0.0,
            0.0,
            0.0,
            0.0,
            0.0,
            0.0
        ],
        0.0
    ],
    "reachable_jumper_length": [
        16349.037588654117,
        16349.037588654117,
        16349.037588654117,
        [
            16349.037588654117,
            16349.037588654117,
            16349.037588654117,
            16349.037588654117,
            16349.037588654117,
            16349.037588654117
        ],
        16349.037588654117
    ],
    "unreachable_jumper_length": [
        0.0,
        0.0,
        0.0,
        [
            0.0,
            0.0,
            0.0,
            0.0,
            0.0,
            0.0
        ],
        0.0
    ],
    "reachable_jumper_count": [
        212.0,
        212.0,
        212.0,
        [
            212.0,
            212.0,
            212.0,
            212.0,
            212.0,
            212.0
        ],
        212.0
    ],
    "unreachable_jumper_count": [
        0.0,
        0.0,
        0.0,
        [
            0.0,
            0.0,
            0.0,
            0.0,
            0.0,
            0.0
        ],
        0.0
    ],
    "shortest_path": {
        "percent_useful_node_count": [
            0.8190104166666666,
            0.8151041666666666,
            0.8216145833333334,
            [
                0.7942708333333334,
                0.7994791666666666,
                0.8082682291666666,
                0.8255208333333334,
                0.8333333333333334,
                0.8373046875
            ],
            0.8174479166666666
        ],
        "percent_useful_wire_length": 69.07852540724362,
        "percent_reachable_sensors": 1.0,
        "percent_useful_jumper_count": [
            0.32075471698113206,
            0.31839622641509435,
            0.32547169811320753,
            [
                0.2827830188679245,
                0.28773584905660377,
                0.30660377358490565,
                0.33490566037735847,
                0.3584905660377358,
                0.37264150943396224
            ],
            0.3229716981132075
        ],
        "percent_useful_jumper_length": [
            0.03773584905660377,
            0.0330188679245283,
            0.03773584905660377,
            [
                0.02830188679245283,
                0.02830188679245283,
                0.02830188679245283,
                0.04245283018867924,
                0.04292452830188683,
                0.04716981132075472
            ],
            0.03608490566037736
        ],
        "percent_unreachable_bc_short_jumper": 0.0,
        "percent_multiroute_reached_nodes": [
            0.35340729001584786,
            0.35090577129324313,
            0.35483882948957307,
            [
                0.33275905091381286,
                0.33963148316651504,
                0.346881449208897,
                0.3599838236780912,
                0.36601465541963746,
                0.3695647827246068
            ],
            0.35288922041551596
        ],
        "path_length_max": [
            2276.219026853083,
            2245.683072827467,
            2276.219026853083
        ],
        "path_length_avg": [
            852.768127507378,
            849.826308486651,
            855.9107462642891,
            [
                274.78405195127146,
                376.9834152687874,
                597.8948556872547,
                1122.552604968006,
                1360.3976617264718,
                1492.901870342132
            ],
            866.3070734575819
        ],
        "path_node_count_max": [
            54.0,
            53.0,
            54.0
        ],
        "path_node_count_avg": [
            21.0,
            21.0,
            21.0,
            [
                6.0,
                9.0,
                14.0,
                28.0,
                34.0,
                37.0
            ],
            21.25449
        ],
        "path_jumper_count_max": [
            16.0,
            15.975000000000001,
            16.0
        ],
        "path_jumper_count_avg": [
            2.0,
            2.0,
            2.0,
            [
                0.0,
                0.0,
                1.0,
                3.0,
                5.0,
                6.0
            ],
            2.12917
        ],
        "path_sensor_jumper_length_max": [
            95.99616218911648,
            94.21477613436292,
            95.99616218911648
        ],
        "path_sensor_jumper_length_avg": [
            20.02378341980075,
            19.879284433242912,
            20.199120385345395,
            [
                1.3676149983927754,
                2.8244422674302636,
                7.901937447899805,
                36.45384859214972,
                51.03951216357608,
                58.513815295831456
            ],
            23.737538611200982
        ],
        "path_router_node_branches_max": [
            5.0,
            4.0,
            5.0
        ],
        "path_router_node_branches_avg": [
            2.0,
            2.0,
            2.0,
            [
                2.0,
                2.0,
                2.0,
                2.0,
                3.0,
                3.0
            ],
            2.16289592760181
        ],
        "graph_max_wire_length": [
            1620.9719199818542,
            1563.4475928335614,
            1673.9433927738453,
            [
                1328.67583084929,
                1364.4068928763272,
                1437.1551249113709,
                1741.9753951560426,
                1902.2935849426465,
                2049.832624521918
            ],
            1624.9996158564143
        ],
        "graph_avg_wire_length": [
            823.4928600463427,
            777.5567484712044,
            843.7524023720191,
            [
                669.4485594608451,
                688.5286498497089,
                727.9064414742268,
                936.3761571710673,
                1056.4120155271944,
                1096.8225283161357
            ],
            848.0237731817195
        ],
        "graph_max_node_count": [
            42.5,
            41.0,
            43.0,
            [
                33.0,
                34.0,
                37.0,
                45.0,
                47.10000000000001,
                51.0
            ],
            41.71
        ],
        "graph_avg_node_count": [
            21.129334922544356,
            20.35700423743902,
            22.08212211986836,
            [
                16.95205280767108,
                17.570409255599476,
                18.974779194676394,
                23.99321380697051,
                27.350994050457576,
                28.547460937500002
            ],
            21.770202206198146
        ],