{
    "total_wire_length": 14525.464016645643,
    "total_jumper_length": 39.62476307015907,
    "total_jumper_count": 1,
    "center_node_count": 121,
    "edge_node_count": 39,
    "total_node_count": 160,
    "reachable_node_count": [
        78.0,
        78.0,
        82.0,
        [
            78.0,
            78.0,
            78.0,
            82.0,
            82.0,
            82.0
        ],
        79.84
    ],
    "unreachable_node_count": [
        82.0,
        78.0,
        82.0,
        [
            78.0,
            78.0,
            78.0,
            82.0,
            82.0,
            82.0
        ],
        80.16
    ],
    "reachable_wire_length": [
        7163.384834523969,
        7163.384834523969,
        7362.079182121675,
        [
            7163.384834523969,
            7163.384834523969,
            7163.384834523969,
            7362.079182121675,
            7362.079182121675,
            7362.079182121675
        ],
        7254.784234418913
    ],
    "unreachable_wire_length": [
        7362.079182121675,
        7163.384834523969,
        7362.079182121675,
        [
            7163.384834523969,
            7163.384834523969,
            7163.384834523969,
            7362.079182121675,
            7362.079182121675,
            7362.079182121675
        ],
        7270.679782226731
    ],
    "reachable_jumper_length": [
        39.62476307015907,
        0.0,
        39.62476307015907,
        [
            0.0,
            0.0,
            0.0,
            39.62476307015907,
            39.62476307015907,
            39.62476307015907
        ],
        21.397372057885896
    ],
    "unreachable_jumper_length": [
        0.0,
        0.0,
        39.62476307015907,
        [
            0.0,
            0.0,
            0.0,
            39.62476307015907,
            39.62476307015907,
            39.62476307015907
        ],
        18.227391012273173
    ],
    "reachable_jumper_count": [
        1.0,
        0.0,
        1.0,
        [
            0.0,
            0.0,
            0.0,
            1.0,
            1.0,
            1.0
        ],
        0.54
    ],
    "unreachable_jumper_count": [
        0.0,
        0.0,
        1.0,
        [
            0.0,
            0.0,
            0.0,
            1.0,
            1.0,
            1.0
        ],
        0.46
    ],
    "shortest_path": {
        "percent_useful_node_count": [
            0.36875,
            0.36875,
            0.375,
            [
                0.35,
                0.35625,
                0.3625,
                0.375,
                0.38125,
                0.3875
            ],
            0.37056249999999996
        ],
        "percent_useful_wire_length": 32.293867486189036,
        "percent_reachable_sensors": 0.24136,
        "percent_useful_jumper_count": [
            0.0,
            0.0,
            1.0,
            [
                0.0,
                0.0,
                0.0,
                1.0,
                1.0,
                1.0
            ],
            0.44
        ],
        "percent_useful_jumper_length": [
            0.0,
            0.0,
            0.0,
            [
                0.0,
                0.0,
                0.0,
                0.0,
                0.0,
                0.0
            ],
            0.0
        ],
        "percent_unreachable_bc_short_jumper": 0.51955,
        "percent_multiroute_reached_nodes": [
            0.3559322033898305,
            0.3496031746031746,
            0.37065120428189113,
            [
                0.3,
                0.3114754098360656,
                0.3333333333333333,
                0.3793103448275862,
                0.40350877192982454,
                0.4139367816091954
            ],
            0.35755709168401123
        ],
        "path_length_max": [
            1544.571786632865,
            1505.8212515456444,
            1544.571786632865
        ],
        "path_length_avg": [
            591.1875942029278,
            585.7959664325034,
            596.2219012277625,
            [
                181.74669832348667,
                258.5789198221608,
                415.47806099693565,
                785.827572202633,
                959.0567538764421,
                1055.3447350747942
            ],
            604.3302671642018
        ],
        "path_node_count_max": [
            17.0,
            17.0,
            17.0
        ],
        "path_node_count_avg": [
            7.0,
            7.0,
            7.0,
            [
                2.0,
                3.0,
                5.0,
                9.0,
                11.0,
                12.0
            ],
            6.873798475306596
        ],
        "path_jumper_count_max": [
            1.0,
            1.0,
            1.0
        ],
        "path_jumper_count_avg": [
            0.0,
            0.0,
            0.0,
            [
                0.0,
                0.0,
                0.0,
                0.0,
                0.0,
                0.0
            ],
            0.04366920782234007
        ],
        "path_sensor_jumper_length_max": [
            39.99960879769909,
            39.9917262223881,
            39.99960879769909
        ],
        "path_sensor_jumper_length_avg": [
            15.44849068303703,
            15.194372557404652,
            15.694113339731198,
            [
                1.3240542497090915,
                2.7496312037044053,
                7.199443340046364,
                26.773720528720364,
                34.4324185618229,
                37.089895650759004
            ],
            17.172694646607503
        ],
        "path_router_node_branches_max": [
            2.0,
            2.0,
            2.0
        ],
        "path_router_node_branches_avg": [
            2.0,
            2.0,
            2.0,
            [
                2.0,
                2.0,
                2.0,
                2.0,
                2.0,
                2.0
            ],
            2.0
        ],
        "graph_max_wire_length": [
            1063.2812991021792,
            1031.429548161445,
            1102.645466362061,
            [
                804.1115153969321,
                882.8505986678399,
                930.4196682220091,
                1220.9625527288247,
                1284.8369208101485,
                1379.408214527907
            ],
            1079.7250258797494
        ],
        "graph_avg_wire_length": [
            608.8857044578285,
            586.2494521093273,
            626.7704771560965,
            [
                478.38733277738896,
                492.3651159940454,
                530.7210968461575,
                663.3773544593018,
                764.979849711009,
                808.0626675900927
            ],
            616.3097831369967
        ],
        "graph_max_node_count": [
            14.0,
            13.0,
            15.0,
            [
                11.0,
                12.0,
                12.0,
                16.0,
                17.0,
                17.0
            ],
            14.21
        ],
        "graph_avg_node_count": [
            7.730769230769231,
            7.195121951219512,
            8.037836147592245,
            [
                6.434756097560976,
                6.5807692307692305,
                6.858974358974359,
                8.612804878048781,
                9.487179487179487,
                9.792745465916198
            ],
            7.808055034396499
        ],
        "graph_max_jumper_count": [
            1.0,
            0.0,
            1.0,
            [
                0.0,
                0.0,
                0.0,
                1.0,
                1.0,
                1.0
            ],
            0.54
        ],