{
    "total_wire_length": 7755.325365262324,
    "total_jumper_length": 19.223875332301247,
    "total_jumper_count": 3,
    "center_node_count": 66,
    "edge_node_count": 32,
    "total_node_count": 98,
    "reachable_node_count": [
        98.0,
        98.0,
        98.0,
        [
            98.0,
            98.0,
            98.0,
            98.0,
            98.0,
            98.0
        ],
        98.0
    ],
    "unreachable_node_count": [
        0.0,
        0.0,
        0.0,
        [
            0.0,
            0.0,
            0.0,
            0.0,
            0.0,
            0.0
        ],
        0.0
    ],
    "reachable_wire_length": [
        7755.325365262325,
        7755.325365262325,
        7755.325365262325,
        [
            7755.325365262325,
            7755.325365262325,
            7755.325365262325,
            7755.325365262325,
            7755.325365262325,
            7755.325365262325
        ],
        7755.325365262326
    ],
    "unreachable_wire_length": [
        0.0,
        0.0,
        0.0,
        [
            0.0,
            0.0,
            0.0,
            0.0,
            0.0,
            0.0
        ],
        0.0
    ],
    "reachable_jumper_length": [
        19.223875332301247,
        19.223875332301247,
        19.223875332301247,
        [
            19.223875332301247,
            19.223875332301247,
            19.223875332301247,
            19.223875332301247,
            19.223875332301247,
            19.223875332301247
        ],
        19.22387533230125
    ],
    "unreachable_jumper_length": [
        0.0,
        0.0,
        0.0,
        [
            0.0,
            0.0,
            0.0,
            0.0,
            0.0,
            0.0
        ],
        0.0
    ],
    "reachable_jumper_count": [
        3.0,
        3.0,
        3.0,
        [
            3.0,
            3.0,
            3.0,
            3.0,
            3.0,
            3.0
        ],
        3.0
    ],
    "unreachable_jumper_count": [
        0.0,
        0.0,
        0.0,
        [
            0.0,
            0.0,
            0.0,
            0.0,
            0.0,
            0.0
        ],
        0.0
    ],
    "shortest_path": {
        "percent_useful_node_count": [
            0.7040816326530612,
            0.6938775510204082,
            0.7040816326530612,
            [
                0.673469387755102,
                0.6836734693877551,
                0.6836734693877551,
                0.7142857142857143,
                0.7244897959183674,
                0.7244897959183674
            ],
            0.7003061224489795
        ],
        "percent_useful_wire_length": 65.56863054428521,
        "percent_reachable_sensors": 0.29474,
        "percent_useful_jumper_count": [
            1.0,
            1.0,
            1.0,
            [
                0.6666666666666666,
                1.0,
                1.0,
                1.0,
                1.0,
                1.0
            ],
            0.9733333333333334
        ],
        "percent_useful_jumper_length": [
            0.3333333333333333,
            0.3333333333333333,
            0.3333333333333333,
            [
                0.3333333333333333,
                0.3333333333333333,
                0.3333333333333333,
                0.3333333333333333,
                0.3333333333333333,
                0.3333333333333333
            ],
            0.3333333333333334
        ],
        "percent_unreachable_bc_short_jumper": 0.70526,
        "percent_multiroute_reached_nodes": [
            0.4057971014492754,
            0.40298507462686567,
            0.4117647058823529,
            [
                0.38554621848739495,
                0.391304347826087,
                0.39705882352941174,
                0.417910447761194,
                0.42857142857142855,
                0.43283582089552236
            ],
            0.407682091237368
        ],
        "path_length_max": [
            2351.9840271821326,
            2317.7156753246886,
            2351.9840271821326
        ],
        "path_length_avg": [
            772.1721764438543,
            764.7918570691719,
            780.8982205657096,
            [
                176.0375368742264,
                260.1585406263478,
                459.65315461756586,
                1158.2534253615786,
                1488.1671765826463,
                1662.635913421542
            ],
            831.4935753226398
        ],
        "path_node_count_max": [
            32.0,
            32.0,
            32.0
        ],
        "path_node_count_avg": [
            10.0,
            10.0,
            10.0,
            [
                2.0,
                3.0,
                5.0,
                16.0,
                21.0,
                23.0
            ],
            11.042783470177104
        ],
        "path_jumper_count_max": [
            2.0,
            2.0,
            2.0
        ],
        "path_jumper_count_avg": [
            1.0,
            1.0,
            1.0,
            [
                0.0,
                0.0,
                0.0,
                1.0,
                1.0,
                1.0
            ],
            0.5532672864219312
        ],
        "path_sensor_jumper_length_max": [
            19.999558766731433,
            19.9950196196113,
            19.999558766731433
        ],
        "path_sensor_jumper_length_avg": [
            8.81567494763996,
            8.703225253404666,
            8.930621684942412,
            [
                0.8118845980137057,
                1.616833002835685,
                4.194909956615307,
                13.914914644943261,
                17.40002384441221,
                18.667951740126586
            ],
            9.174682359629799
        ],
        "path_router_node_branches_max": [
            2.0,
            2.0,
            2.0
        ],
        "path_router_node_branches_avg": [
            2.0,
            2.0,
            2.0,
            [
                2.0,
                2.0,
                2.0,
                2.0,
                2.0,
                2.0
            ],
            2.0
        ],
        "graph_max_wire_length": [
            1701.729840602863,
            1631.8549286829243,
            1773.3596582355692,
            [
                1336.6161699768077,
                1373.5426147412852,
                1549.2638137954175,
                1930.387742817077,
                2149.7964965193437,
                2245.8558603780293
            ],
            1740.4335957606154
        ],
        "graph_avg_wire_length": [
            820.1639663338274,
            794.1617919385444,
            861.8946576277698,
            [
                652.623897422355,
                677.4126554804474,
                752.4977120849439,
                938.571493086497,
                1051.0349224535637,
                1161.8909770468517
            ],
            855.9012308222383
        ],
        "graph_max_node_count": [
            25.0,
            24.0,
            26.0,
            [
                19.0,
                21.9,
                23.0,
                28.0,
                31.0,
                32.05
            ],
            25.36
        ],
        "graph_avg_node_count": [
            11.795918367346939,
            11.372448979591837,
            12.244897959183675,
            [
                9.5,
                9.816326530612244,
                10.831632653061224,
                13.10969387755102,
                14.19183673469388,
                15.674999999999997
            ],
            12.104421418051757
        ],
        "graph_max_jumper_count": [
            2.0,
            1.0,
            2.0,
            [
                1.0,
                1.0,
                1.0,
                2.0,
                2.0,
                2.0
            ],
            1.54
        ],