{
    "total_wire_length": 313844.1160137548,
    "total_jumper_length": 17859.020034296205,
    "total_jumper_count": 1768,
    "center_node_count": 5228,
    "edge_node_count": 1166,
    "total_node_count": 6394,
    "reachable_node_count": [
        6394.0,
        6394.0,
        6394.0,
        [
            6394.0,
            6394.0,
            6394.0,
            6394.0,
            6394.0,
            6394.0
        ],
        6394.0
    ],
    "unreachable_node_count": [
        0.0,
        0.0,
        0.0,
        [
            0.0,
            0.0,
            0.0,
            0.0,
            0.0,
            0.0
        ],
        0.0
    ],
    "reachable_wire_length": [
        313844.11601375486,
        313844.11601375486,
        313844.11601375486,
        [
            313844.11601375486,
            313844.11601375486,
            313844.11601375486,
            313844.11601375486,
            313844.11601375486,
            313844.11601375486
        ],
        313844.1160137549
    ],
    "unreachable_wire_length": [
        0.0,
        0.0,
        0.0,
        [
            0.0,
            0.0,
            0.0,
            0.0,
            0.0,
            0.0
        ],
        0.0
    ],
    "reachable_jumper_length": [
        17859.02003429621,
        17859.02003429621,
        17859.02003429621,
        [
            17859.02003429621,
            17859.02003429621,
            17859.02003429621,
            17859.02003429621,
            17859.02003429621,
            17859.02003429621
        ],
        17859.02003429621
    ],
    "unreachable_jumper_length": [
        0.0,
        0.0,
        0.0,
        [
            0.0,
            0.0,
            0.0,
            0.0,
            0.0,
            0.0
        ],
        0.0
    ],
    "reachable_jumper_count": [
        1768.0,
        1768.0,
        1768.0,
        [
            1768.0,
            1768.0,
            1768.0,
            1768.0,
            1768.0,
            1768.0
        ],
        1768.0
    ],
    "unreachable_jumper_count": [
        0.0,
        0.0,
        0.0,
        [
            0.0,
            0.0,
            0.0,
            0.0,
            0.0,
            0.0
        ],
        0.0
    ],
    "shortest_path": {
        "percent_useful_node_count": [
            0.6425555208007507,
            0.636456052549265,
            0.6492023772286518,
            [
                0.6074131998748826,
                0.6141382546137003,
                0.6292618079449483,
                0.6624960900844542,
                0.6760087582108226,
                0.6814826399749765
            ],
            0.6446653112292775
        ],
        "percent_useful_wire_length": 24.90302078422434,
        "percent_reachable_sensors": 1.0,
        "percent_useful_jumper_count": [
            0.1201923076923077,
            0.11792279411764706,
            0.12245475113122171,
            [
                0.10571266968325792,
                0.1079185520361991,
                0.11142533936651584,
                0.12726244343891402,
                0.13585972850678732,
                0.1402997737556561
            ],
            0.12066176470588234
        ],
        "percent_useful_jumper_length": [
            0.0025452488687782806,
            0.0022624434389140274,
            0.002828054298642534,
            [
                0.0016968325791855204,
                0.0016968325791855204,
                0.0022624434389140274,
                0.002828054298642534,
                0.003393665158371041,
                0.003393665158371041
            ],
            0.00254524886877828
        ],
        "percent_unreachable_bc_short_jumper": 0.0,
        "percent_multiroute_reached_nodes": [
            0.19004161787330448,
            0.17971306317644098,
            0.20251728132250382,
            [
                0.13529617125041155,
                0.14601882615763404,
                0.16190363505120942,
                0.21929503638281325,
                0.23921652079423494,
                0.2419814174984403
            ],
            0.19063750953435207
        ],
        "path_length_max": [
            1486.741040635505,
            1467.8424569488577,
            1486.741040635505
        ],
        "path_length_avg": [
            662.5224609902689,
            660.4815827760315,
            664.7521003632975,
            [
                203.0452884398005,
                283.7595195284271,
                453.47371216697167,
                852.6001410785809,
                1003.8227619756391,
                1087.6560328832124
            ],
            653.9614500390975
        ],
        "path_node_count_max": [
            93.0,
            90.0,
            93.0
        ],
        "path_node_count_avg": [
            35.0,
            35.0,
            36.0,
            [
                11.0,
                15.0,
                24.0,
                46.0,
                55.0,
                61.0
            ],
            35.33526
        ],
        "path_jumper_count_max": [
            79.0,
            73.0,
            79.0
        ],
        "path_jumper_count_avg": [
            1.0,
            1.0,
            1.0,
            [
                0.0,
                0.0,
                0.0,
                2.0,
                11.0,
                21.0
            ],
            3.78042
        ],
        "path_sensor_jumper_length_max": [
            8.88944517903864,
            8.29019123439777,
            8.88944517903864
        ],
        "path_sensor_jumper_length_avg": [
            1.696913690227643,
            1.6846345840233514,
            1.7075690133880947,
            [
                0.14708825782063698,
                0.29622255412270876,
                0.7799000087014685,
                2.891620982421752,
                3.958829240033832,
                4.500372497586134
            ],
            1.9307467841615875
        ],
        "path_router_node_branches_max": [
            6.0,
            5.0,
            6.0
        ],
        "path_router_node_branches_avg": [
            2.0,
            2.0,
            2.0,
            [
                2.0,
                2.0,
                2.0,
                2.0,
                3.0,
                3.0
            ],
            2.261467889908257
        ],
        "graph_max_wire_length": [
            1201.746005709133,
            1174.1189986161855,
            1249.7384244763348,
            [
                992.2391419959914,
                1033.9317024484235,
                1102.4243878953216,
                1319.453151618006,
                1388.961483105324,
                1410.934828251163
            ],
            1210.9545042715376
        ],
        "graph_avg_wire_length": [
            647.3969570742734,
            635.5995287539613,
            663.7136493553415,
            [
                561.7908153172922,
                569.0921285920193,
                587.9085042301073,
                694.0089177626081,
                769.3471323263375,
                778.4064040030399
            ],
            653.8801328521904
        ],
        "graph_max_node_count": [
            68.0,
            64.5,
            72.0,
            [
                54.95,
                56.9,
                60.0,
                75.25,
                83.0,
                89.05
            ],
            68.96
        ],
        "graph_avg_node_count": [
            35.32149533584942,
            34.04884974242081,
            36.15554740995107,
            [
                30.2409847954974,
                30.528079227269423,
                31.73221648947665,
                38.272669196469046,
                42.504885634594004,
                43.216762163436485
            ],
            35.65426445607963
        ],