{
    "total_wire_length": 330609.27149908233,
    "total_jumper_length": 1107653.2573624114,
    "total_jumper_count": 14724,
    "center_node_count": 5505,
    "edge_node_count": 1276,
    "total_node_count": 6781,
    "reachable_node_count": [
        6781.0,
        6781.0,
        6781.0,
        [
            6781.0,
            6781.0,
            6781.0,
            6781.0,
            6781.0,
            6781.0
        ],
        6781.0
    ],
    "unreachable_node_count": [
        0.0,
        0.0,
        0.0,
        [
            0.0,
            0.0,
            0.0,
            0.0,
            0.0,
            0.0
        ],
        0.0
    ],
    "reachable_wire_length": [
        330609.27149908216,
        330609.27149908216,
        330609.27149908216,
        [
            330609.27149908216,
            330609.27149908216,
            330609.27149908216,
            330609.27149908216,
            330609.27149908216,
            330609.27149908216
        ],
        330609.2714990821
    ],
    "unreachable_wire_length": [
        0.0,
        0.0,
        0.0,
        [
            0.0,
            0.0,
            0.0,
            0.0,
            0.0,
            0.0
        ],
        0.0
    ],
    "reachable_jumper_length": [
        1107653.2573624125,
        1107653.2573624125,
        1107653.2573624125,
        [
            1107653.2573624125,
            1107653.2573624125,
            1107653.2573624125,
            1107653.2573624125,
            1107653.2573624125,
            1107653.2573624125
        ],
        1107653.2573624123
    ],
    "unreachable_jumper_length": [
        0.0,
        0.0,
        0.0,
        [
            0.0,
            0.0,
            0.0,
            0.0,
            0.0,
            0.0
        ],
        0.0
    ],
    "reachable_jumper_count": [
        14724.0,
        14724.0,
        14724.0,
        [
            14724.0,
            14724.0,
            14724.0,
            14724.0,
            14724.0,
            14724.0
        ],
        14724.0
    ],
    "unreachable_jumper_count": [
        0.0,
        0.0,
        0.0,
        [
            0.0,
            0.0,
            0.0,
            0.0,
            0.0,
            0.0
        ],
        0.0
    ],
    "shortest_path": {
        "percent_useful_node_count": [
            0.606326500516148,
            0.5998377820380474,
            0.6106049992626457,
            [
                0.5773116059578234,
                0.5818905766111193,
                0.5928697832178145,
                0.619746350095856,
                0.6337265889986727,
                0.6433490635599469
            ],
            0.6066671582362484
        ],
        "percent_useful_wire_length": 25.803588687830977,
        "percent_reachable_sensors": 1.0,
        "percent_useful_jumper_count": [
            0.013922847052431405,
            0.01365118174409128,
            0.014160554197229013,
            [
                0.011810649280086934,
                0.012353979896767184,
                0.013158788372724804,
                0.014602010323281718,
                0.015016299918500408,
                0.015352485737571312
            ],
            0.01378361858190709
        ],
        "percent_useful_jumper_length": [
            0.00027166530834012495,
            0.00027166530834012495,
            0.00027166530834012495,
            [
                0.00020374898125509371,
                0.00020374898125509371,
                0.00025468622656886714,
                0.0003395816354251562,
                0.0003395816354251562,
                0.00040749796251018743
            ],
            0.00028253192067373005
        ],
        "percent_unreachable_bc_short_jumper": 0.0,
        "percent_multiroute_reached_nodes": [
            0.34960971929678497,
            0.34058704453441296,
            0.362524267280834,
            [
                0.25833423948667344,
                0.29014917501340864,
                0.31341233616290604,
                0.38448767957377983,
                0.41406696869768667,
                0.42327501429388215
            ],
            0.34715767621348403
        ],
        "path_length_max": [
            2134.2290360834268,
            2089.6133230273604,
            2134.2290360834268
        ],
        "path_length_avg": [
            694.4510615807731,
            691.7931644739211,
            697.059877045181,
            [
                202.54249672061204,
                286.3422346824386,
                468.9503596467347,
                924.4349648144994,
                1177.1227983028969,
                1332.0253148169315
            ],
            717.6439330305196
        ],
        "path_node_count_max": [
            108.0,
            106.0,
            108.0
        ],
        "path_node_count_avg": [
            34.0,
            34.0,
            34.0,
            [
                10.0,
                14.0,
                23.0,
                45.0,
                56.0,
                63.0
            ],
            34.76918
        ],
        "path_jumper_count_max": [
            23.0,
            19.0,
            23.0
        ],
        "path_jumper_count_avg": [
            1.0,
            1.0,
            1.0,
            [
                0.0,
                0.0,
                1.0,
                3.0,
                6.0,
                8.0
            ],
            2.1918
        ],
        "path_sensor_jumper_length_max": [
            7.273212959531033,
            6.747342709124025,
            7.273212959531033
        ],
        "path_sensor_jumper_length_avg": [
            1.6944984891965653,
            1.682771460668233,
            1.7071699517057697,
            [
                0.14867062934555508,
                0.2960715680106516,
                0.7690690052753157,
                2.8939086712933606,
                3.9565061617158626,
                4.498972368374207
            ],
            1.9298339694549296
        ],
        "path_router_node_branches_max": [
            22.0,
            21.0,
            22.0
        ],
        "path_router_node_branches_avg": [
            2.0,
            2.0,
            2.0,
            [
                2.0,
                2.0,
                2.0,
                2.0,
                4.0,
                12.0
            ],
            3.1412429378531073
        ],
        "graph_max_wire_length": [
            1481.4511532293484,
            1430.0901778305233,
            1535.207892315563,
            [
                1199.784297987966,
                1270.1025828979543,
                1374.2991516829288,
                1628.3004888999476,
                1875.2253210318497,
                1983.0734461934328
            ],
            1518.4428420930847
        ],
        "graph_avg_wire_length": [
            679.5737231034714,
            660.6407823824607,
            699.8779033190303,
            [
                590.1287478360189,
                593.811648460192,
                622.533084414954,
                768.9904397597651,
                927.9712702828006,
                1033.1574889339208
            ],
            721.3814383710509
        ],
        "graph_max_node_count": [
            75.0,
            73.0,
            78.0,
            [
                61.0,
                64.0,
                70.0,
                84.0,
                90.0,
                94.24999999999999
            ],
            77.04
        ],
        "graph_avg_node_count": [
            33.391462300450925,
            32.37826931699298,
            34.64673352012977,
            [
                29.192386136628162,
                29.73178009682297,
                30.835357481572313,
                36.45521477565504,
                41.699029072922976,
                46.943651378852664
            ],
            34.877870200933565
        ],