{
    "total_wire_length": 58834.84647563798,
    "total_jumper_length": 34159.746183278534,
    "total_jumper_count": 904,
    "center_node_count": 493,
    "edge_node_count": 350,
    "total_node_count": 843,
    "reachable_node_count": [
        843.0,
        843.0,
        843.0,
        [
            843.0,
            843.0,
            843.0,
            843.0,
            843.0,
            843.0
        ],
        843.0
    ],
    "unreachable_node_count": [
        0.0,
        0.0,
        0.0,
        [
            0.0,
            0.0,
            0.0,
            0.0,
            0.0,
            0.0
        ],
        0.0
    ],
    "reachable_wire_length": [
        58834.84647563798,
        58834.84647563798,
        58834.84647563798,
        [
            58834.84647563798,
            58834.84647563798,
            58834.84647563798,
            58834.84647563798,
            58834.84647563798,
            58834.84647563798
        ],
        58834.846475638005
    ],
    "unreachable_wire_length": [
        0.0,
        0.0,
        0.0,
        [
            0.0,
            0.0,
            0.0,
            0.0,
            0.0,
            0.0
        ],
        0.0
    ],
    "reachable_jumper_length": [
        34159.74618327854,
        34159.74618327854,
        34159.74618327854,
        [
            34159.74618327854,
            34159.74618327854,
            34159.74618327854,
            34159.74618327854,
            34159.74618327854,
            34159.74618327854
        ],
        34159.74618327855
    ],
    "unreachable_jumper_length": [
        0.0,
        0.0,
        0.0,
        [
            0.0,
            0.0,
            0.0,
            0.0,
            0.0,
            0.0
        ],
        0.0
    ],
    "reachable_jumper_count": [
        904.0,
        904.0,
        904.0,
        [
            904.0,
            904.0,
            904.0,
            904.0,
            904.0,
            904.0
        ],
        904.0
    ],
    "unreachable_jumper_count": [
        0.0,
        0.0,
        0.0,
        [
            0.0,
            0.0,
            0.0,
            0.0,
            0.0,
            0.0
        ],
        0.0
    ],
    "shortest_path": {
        "percent_useful_node_count": [
            0.693950177935943,
            0.6915776986951364,
            0.6986951364175563,
            [
                0.6677935943060498,
                0.6690391459074733,
                0.6829774614472124,
                0.7037366548042704,
                0.7106761565836299,
                0.7141162514827996
            ],
            0.6928351126927639
        ],
        "percent_useful_wire_length": 33.84103148595958,
        "percent_reachable_sensors": 1.0,
        "percent_useful_jumper_count": [
            0.08960176991150443,
            0.08849557522123894,
            0.0918141592920354,
            [
                0.0773783185840708,
                0.0795353982300885,
                0.0849004424778761,
                0.09430309734513273,
                0.09955752212389381,
                0.10176991150442478
            ],
            0.08973451327433628
        ],
        "percent_useful_jumper_length": [
            0.004424778761061947,
            0.004424778761061947,
            0.0055309734513274336,
            [
                0.00331858407079646,
                0.00331858407079646,
                0.004424778761061947,
                0.0055309734513274336,
                0.0055309734513274336,
                0.005586283185840705
            ],
            0.004856194690265487
        ],
        "percent_unreachable_bc_short_jumper": 0.0,
        "percent_multiroute_reached_nodes": [
            0.41659640247329965,
            0.4083757736731809,
            0.4219269102990033,
            [
                0.37254545721587407,
                0.383033637911776,
                0.39764128582401226,
                0.44303678678678676,
                0.46792694540177765,
                0.48248529411764707
            ],
            0.4205897116776282
        ],
        "path_length_max": [
            880.4810756638286,
            874.2627305157592,
            880.4810756638286
        ],
        "path_length_avg": [
            413.93960916919343,
            412.69912438343863,
            415.35499269095806,
            [
                134.0950532214744,
                185.6657673832023,
                288.3632999500405,
                527.1842188663011,
                622.3557136342787,
                676.8917642589397
            ],
            409.422507559419
        ],
        "path_node_count_max": [
            26.0,
            26.0,
            26.0
        ],
        "path_node_count_avg": [
            12.0,
            12.0,
            12.0,
            [
                4.0,
                5.0,
                8.0,
                15.0,
                18.0,
                20.0
            ],
            11.71058
        ],
        "path_jumper_count_max": [
            16.0,
            12.0,
            16.0
        ],
        "path_jumper_count_avg": [
            1.0,
            1.0,
            1.0,
            [
                0.0,
                0.0,
                0.0,
                2.0,
                3.0,
                4.0
            ],
            1.21494
        ],
        "path_sensor_jumper_length_max": [
            19.193160203153127,
            18.90943826548228,
            19.193160203153127
        ],
        "path_sensor_jumper_length_avg": [
            3.43113308245253,
            3.405977674570207,
            3.4556756801834236,
            [
                0.2991726782480202,
                0.6061895648349526,
                1.5803299310197132,
                5.820126671808491,
                7.971292760769285,
                9.07160811239677
            ],
            3.899487552053491
        ],
        "path_router_node_branches_max": [
            11.0,
            7.0,
            11.0
        ],
        "path_router_node_branches_avg": [
            2.0,
            2.0,
            2.0,
            [
                2.0,
                2.0,
                2.0,
                3.0,
                4.0,
                5.0
            ],
            2.747967479674797
        ],
        "graph_max_wire_length": [
            760.8010084993639,
            736.4790521884983,
            779.9097560225416,
            [
                627.8701357642369,
                664.4886119973379,
                700.6480056013938,
                820.7433894932028,
                850.4938781643046,
                858.2725742312836
            ],
            758.4368126520208
        ],
        "graph_avg_wire_length": [
            411.19016516780346,
            388.9424089151763,
            419.50429795344047,
            [
                360.10605040144986,
                365.19602031647923,
                375.64890508135807,
                441.85133002458855,
                485.1437635012736,
                495.1231211285153
            ],
            413.3700131763094
        ],
        "graph_max_node_count": [
            23.0,
            22.0,
            24.0,
            [
                19.0,
                20.0,
                21.0,
                26.0,
                26.0,
                27.0
            ],
            23.21
        ],
        "graph_avg_node_count": [
            12.247864341978374,
            11.71960684078446,
            12.527533692603113,
            [
                10.859728355785748,
                11.002502541942043,
                11.318580421574435,
                13.45603838842916,
                14.332340195504303,
                14.826709936398707
            ],
            12.501010758393816
        ],