{
    "total_wire_length": 100665.42449124288,
    "total_jumper_length": 10935.162645406173,
    "total_jumper_count": 1090,
    "center_node_count": 1683,
    "edge_node_count": 682,
    "total_node_count": 2365,
    "reachable_node_count": [
        2365.0,
        2365.0,
        2365.0,
        [
            2365.0,
            2365.0,
            2365.0,
            2365.0,
            2365.0,
            2365.0
        ],
        2365.0
    ],
    "unreachable_node_count": [
        0.0,
        0.0,
        0.0,
        [
            0.0,
            0.0,
            0.0,
            0.0,
            0.0,
            0.0
        ],
        0.0
    ],
    "reachable_wire_length": [
        100665.42449124287,
        100665.42449124287,
        100665.42449124287,
        [
            100665.42449124287,
            100665.42449124287,
            100665.42449124287,
            100665.42449124287,
            100665.42449124287,
            100665.42449124287
        ],
        100665.4244912429
    ],
    "unreachable_wire_length": [
        0.0,
        0.0,
        0.0,
        [
            0.0,
            0.0,
            0.0,
            0.0,
            0.0,
            0.0
        ],
        0.0
    ],
    "reachable_jumper_length": [
        10935.16264540616,
        10935.16264540616,
        10935.16264540616,
        [
            10935.16264540616,
            10935.16264540616,
            10935.16264540616,
            10935.16264540616,
            10935.16264540616,
            10935.16264540616
        ],
        10935.162645406157
    ],
    "unreachable_jumper_length": [
        0.0,
        0.0,
        0.0,
        [
            0.0,
            0.0,
            0.0,
            0.0,
            0.0,
            0.0
        ],
        0.0
    ],
    "reachable_jumper_count": [
        1090.0,
        1090.0,
        1090.0,
        [
            1090.0,
            1090.0,
            1090.0,
            1090.0,
            1090.0,
            1090.0
        ],
        1090.0
    ],
    "unreachable_jumper_count": [
        0.0,
        0.0,
        0.0,
        [
            0.0,
            0.0,
            0.0,
            0.0,
            0.0,
            0.0
        ],
        0.0
    ],
    "shortest_path": {
        "percent_useful_node_count": [
            0.692600422832981,
            0.6898467230443974,
            0.695137420718816,
            [
                0.6735517970401691,
                0.6776744186046512,
                0.6853065539112051,
                0.6998942917547569,
                0.7087103594080338,
                0.7146088794926004
            ],
            0.6932093023255813
        ],
        "percent_useful_wire_length": 29.161502465277284,
        "percent_reachable_sensors": 1.0,
        "percent_useful_jumper_count": [
            0.1669724770642202,
            0.163302752293578,
            0.1706422018348624,
            [
                0.1374770642201835,
                0.14577981651376148,
                0.1548165137614679,
                0.1743119266055046,
                0.18082568807339452,
                0.18440366972477065
            ],
            0.16442201834862386
        ],
        "percent_useful_jumper_length": [
            0.003669724770642202,
            0.003669724770642202,
            0.0045871559633027525,
            [
                0.0027522935779816515,
                0.0027522935779816515,
                0.003669724770642202,
                0.0045871559633027525,
                0.004678899082568816,
                0.005504587155963303
            ],
            0.004009174311926605
        ],
        "percent_unreachable_bc_short_jumper": 0.0,
        "percent_multiroute_reached_nodes": [
            0.29274272143703983,
            0.2875379939209726,
            0.2973874515523812,
            [
                0.24323801126521696,
                0.2551493212669683,
                0.27208272922982296,
                0.32524037762278446,
                0.348186154068507,
                0.3618655659527712
            ],
            0.29624233032733516
        ],
        "path_length_max": [
            1201.250859196448,
            1187.1250894387172,
            1201.250859196448
        ],
        "path_length_avg": [
            392.63192408207556,
            391.1127174748394,
            394.05049892531423,
            [
                117.35420433487342,
                163.6794252321519,
                265.77622982449793,
                530.8084103759714,
                670.1649311889397,
                758.5054327577857
            ],
            408.4733632951189
        ],
        "path_node_count_max": [
            90.0,
            88.0,
            90.0
        ],
        "path_node_count_avg": [
            22.0,
            22.0,
            22.0,
            [
                6.0,
                9.0,
                15.0,
                32.0,
                42.0,
                48.0
            ],
            24.11539
        ],
        "path_jumper_count_max": [
            60.0,
            58.0,
            60.0
        ],
        "path_jumper_count_avg": [
            1.0,
            1.0,
            1.0,
            [
                0.0,
                0.0,
                1.0,
                5.0,
                16.0,
                24.0
            ],
            4.64908
        ],
        "path_sensor_jumper_length_max": [
            8.371537041177115,
            7.716685533044087,
            8.371537041177115
        ],
        "path_sensor_jumper_length_avg": [
            1.6892108089458548,
            1.677636793797257,
            1.701956432040555,
            [
                0.1426452815409995,
                0.29078832505862073,
                0.7680608805988154,
                2.8941896219846175,
                3.9606390018600215,
                4.505566832496883
            ],
            1.9272773686252664
        ],
        "path_router_node_branches_max": [
            5.0,
            4.0,
            5.0
        ],
        "path_router_node_branches_avg": [
            2.0,
            2.0,
            2.0,
            [
                2.0,
                2.0,
                2.0,
                2.25,
                3.0,
                4.0
            ],
            2.3085106382978724
        ],
        "graph_max_wire_length": [
            855.0335767146785,
            815.6963045608094,
            888.0191373657406,
            [
                690.8929295635181,
                703.9986663546111,
                767.4535675282477,
                944.1467340801237,
                1064.4606767539974,
                1120.386287494517
            ],
            867.6789004923746
        ],
        "graph_avg_wire_length": [
            390.54815196104914,
            376.39128238035204,
            403.23003200291384,
            [
                323.5280069627397,
                329.7455376168268,
                340.41777928125026,
                434.2544141589762,
                494.6404697431923,
                554.0744067339281
            ],
            401.5543252890804
        ],
        "graph_max_node_count": [
            59.0,
            58.0,
            62.5,
            [
                49.95,
                52.0,
                55.0,
                66.0,
                74.0,
                78.05
            ],
            61.59
        ],
        "graph_avg_node_count": [
            23.07047142117893,
            22.48744670772146,
            24.148756660746002,
            [
                19.385830608155924,
                19.586927767239317,
                20.57860503881214,
                25.833180564709146,
                31.53143551663114,
                33.7985094383057
            ],
            24.23810102385909
        ],