{
    "total_wire_length": 15137.452210212607,
    "total_jumper_length": 200.5905704980138,
    "total_jumper_count": 18,
    "center_node_count": 32,
    "edge_node_count": 82,
    "total_node_count": 114,
    "reachable_node_count": [
        114.0,
        114.0,
        114.0,
        [
            114.0,
            114.0,
            114.0,
            114.0,
            114.0,
            114.0
        ],
        114.0
    ],
    "unreachable_node_count": [
        0.0,
        0.0,
        0.0,
        [
            0.0,
            0.0,
            0.0,
            0.0,
            0.0,
            0.0
        ],
        0.0
    ],
    "reachable_wire_length": [
        15137.452210212608,
        15137.452210212608,
        15137.452210212608,
        [
            15137.452210212608,
            15137.452210212608,
            15137.452210212608,
            15137.452210212608,
            15137.452210212608,
            15137.452210212608
        ],
        15137.45221021261
    ],
    "unreachable_wire_length": [
        0.0,
        0.0,
        0.0,
        [
            0.0,
            0.0,
            0.0,
            0.0,
            0.0,
            0.0
        ],
        0.0
    ],
    "reachable_jumper_length": [
        200.5905704980138,
        200.5905704980138,
        200.5905704980138,
        [
            200.5905704980138,
            200.5905704980138,
            200.5905704980138,
            200.5905704980138,
            200.5905704980138,
            200.5905704980138
        ],
        200.59057049801376
    ],
    "unreachable_jumper_length": [
        0.0,
        0.0,
        0.0,
        [
            0.0,
            0.0,
            0.0,
            0.0,
            0.0,
            0.0
        ],
        0.0
    ],
    "reachable_jumper_count": [
        18.0,
        18.0,
        18.0,
        [
            18.0,
            18.0,
            18.0,
            18.0,
            18.0,
            18.0
        ],
        18.0
    ],
    "unreachable_jumper_count": [
        0.0,
        0.0,
        0.0,
        [
            0.0,
            0.0,
            0.0,
            0.0,
            0.0,
            0.0
        ],
        0.0
    ],
    "shortest_path": {
        "percent_useful_node_count": [
            0.543859649122807,
            0.543859649122807,
            0.5614035087719298,
            [
                0.47368421052631576,
                0.49122807017543857,
                0.5263157894736842,
                0.5701754385964912,
                0.5789473684210527,
                0.5877192982456141
            ],
            0.5444736842105264
        ],
        "percent_useful_wire_length": 35.76584469073763,
        "percent_reachable_sensors": 0.67815,
        "percent_useful_jumper_count": [
            0.8333333333333334,
            0.7777777777777778,
            0.8333333333333334,
            [
                0.6111111111111112,
                0.6666666666666666,
                0.7777777777777778,
                0.8888888888888888,
                0.9444444444444444,
                0.9444444444444444
            ],
            0.8133333333333331
        ],
        "percent_useful_jumper_length": [
            0.2222222222222222,
            0.16666666666666666,
            0.2222222222222222,
            [
                0.16666666666666666,
                0.16666666666666666,
                0.16666666666666666,
                0.2777777777777778,
                0.2777777777777778,
                0.2777777777777778
            ],
            0.2111111111111111
        ],
        "percent_unreachable_bc_short_jumper": 0.32185,
        "percent_multiroute_reached_nodes": [
            0.43548387096774194,
            0.421875,
            0.4480769230769231,
            [
                0.3878874856486797,
                0.3939393939393939,
                0.4153846153846154,
                0.46774193548387094,
                0.5008196721311476,
                0.5370370370370371
            ],
            0.44404399806380696
        ],
        "path_length_max": [
            1223.138134428207,
            1189.1303368966708,
            1223.138134428207
        ],
        "path_length_avg": [
            521.9411152279173,
            519.8753298107537,
            524.0895882654207,
            [
                180.06344406303307,
                250.90296846916868,
                369.03479485924646,
                660.6078524776465,
                791.9275315155584,
                876.3049311431951
            ],
            522.8656295816253
        ],
        "path_node_count_max": [
            13.0,
            13.0,
            13.0
        ],
        "path_node_count_avg": [
            5.0,
            5.0,
            5.0,
            [
                1.0,
                2.0,
                3.0,
                6.0,
                8.0,
                9.0
            ],
            4.916847305168473
        ],
        "path_jumper_count_max": [
            3.0,
            3.0,
            3.0
        ],
        "path_jumper_count_avg": [
            1.0,
            1.0,
            1.0,
            [
                0.0,
                0.0,
                0.0,
                1.0,
                2.0,
                2.0
            ],
            0.8028607240286072
        ],
        "path_sensor_jumper_length_max": [
            19.99935338337055,
            19.998345164427402,
            19.99935338337055
        ],
        "path_sensor_jumper_length_avg": [
            8.55254634345796,
            8.475317223123824,
            8.625942148047708,
            [
                0.7765138766236546,
                1.564558140157057,
                4.041175000969385,
                13.677342240093767,
                17.265107660150417,
                18.600112050957076
            ],
            9.000939678233042
        ],
        "path_router_node_branches_max": [
            5.0,
            4.0,
            5.0
        ],
        "path_router_node_branches_avg": [
            3.0,
            2.0,
            4.0,
            [
                2.0,
                2.0,
                2.0,
                4.0,
                4.199999999999999,
                5.0
            ],
            3.1379310344827585
        ],
        "graph_max_wire_length": [
            948.2877461057175,
            908.9305347414148,
            967.0329394923987,
            [
                785.009543522215,
                796.4025982213124,
                846.409462159311,
                1023.9372519072513,
                1126.6755630455184,
                1172.4048463253694
            ],
            947.381470084354
        ],
        "graph_avg_wire_length": [
            524.6467260253985,
            509.55030080834035,
            553.8771207910919,
            [
                451.3070516274665,
                462.25478617240924,
                490.8011113524185,
                599.7059217804566,
                676.7139320185462,
                701.2430196183643
            ],
            548.7587024597258
        ],
        "graph_max_node_count": [
            11.0,
            10.0,
            11.0,
            [
                9.0,
                9.0,
                10.0,
                11.0,
                12.0,
                13.0
            ],
            10.75
        ],
        "graph_avg_node_count": [
            5.719298245614035,
            5.666666666666667,
            5.837719298245614,
            [
                5.088839285714286,
                5.2368421052631575,
                5.516476478807638,
                6.578947368421052,
                7.122075688073396,
                7.433628318584071
            ],
            6.010692843454544
        ],