{
    "total_wire_length": 131698.12727718917,
    "total_jumper_length": 169858.12813614943,
    "total_jumper_count": 2339,
    "center_node_count": 1090,
    "edge_node_count": 514,
    "total_node_count": 1604,
    "reachable_node_count": [
        1604.0,
        1604.0,
        1604.0,
        [
            1604.0,
            1604.0,
            1604.0,
            1604.0,
            1604.0,
            1604.0
        ],
        1604.0
    ],
    "unreachable_node_count": [
        0.0,
        0.0,
        0.0,
        [
            0.0,
            0.0,
            0.0,
            0.0,
            0.0,
            0.0
        ],
        0.0
    ],
    "reachable_wire_length": [
        131698.12727718923,
        131698.12727718923,
        131698.12727718923,
        [
            131698.12727718923,
            131698.12727718923,
            131698.12727718923,
            131698.12727718923,
            131698.12727718923,
            131698.12727718923
        ],
        131698.12727718923
    ],
    "unreachable_wire_length": [
        0.0,
        0.0,
        0.0,
        [
            0.0,
            0.0,
            0.0,
            0.0,
            0.0,
            0.0
        ],
        0.0
    ],
    "reachable_jumper_length": [
        169858.12813614937,
        169858.12813614937,
        169858.12813614937,
        [
            169858.12813614937,
            169858.12813614937,
            169858.12813614937,
            169858.12813614937,
            169858.12813614937,
            169858.12813614937
        ],
        169858.12813614937
    ],
    "unreachable_jumper_length": [
        0.0,
        0.0,
        0.0,
        [
            0.0,
            0.0,
            0.0,
            0.0,
            0.0,
            0.0
        ],
        0.0
    ],
    "reachable_jumper_count": [
        2339.0,
        2339.0,
        2339.0,
        [
            2339.0,
            2339.0,
            2339.0,
            2339.0,
            2339.0,
            2339.0
        ],
        2339.0
    ],
    "unreachable_jumper_count": [
        0.0,
        0.0,
        0.0,
        [
            0.0,
            0.0,
            0.0,
            0.0,
            0.0,
            0.0
        ],
        0.0
    ],
    "shortest_path": {
        "percent_useful_node_count": [
            0.6932668329177057,
            0.6913965087281796,
            0.6970074812967582,
            [
                0.67643391521197,
                0.6807980049875312,
                0.6864089775561097,
                0.7009039900249376,
                0.7070448877805486,
                0.7126246882793017
            ],
            0.6941645885286784
        ],
        "percent_useful_wire_length": 31.366220473194247,
        "percent_reachable_sensors": 1.0,
        "percent_useful_jumper_count": [
            0.042325780247969215,
            0.041037836682342885,
            0.043180846515604956,
            [
                0.03591278324070116,
                0.03715262932877298,
                0.03922616502778965,
                0.0440359127832407,
                0.04749893116716546,
                0.048332620778110305
            ],
            0.04201368106028218
        ],
        "percent_useful_jumper_length": [
            0.0017101325352714834,
            0.0017101325352714834,
            0.0021376656690893546,
            [
                0.0012825994014536127,
                0.0012825994014536127,
                0.0017101325352714834,
                0.0021376656690893546,
                0.002180418982471145,
                0.0025651988029072254
            ],
            0.001893971782813168
        ],
        "percent_unreachable_bc_short_jumper": 0.0,
        "percent_multiroute_reached_nodes": [
            0.3735995816563015,
            0.36330608537693004,
            0.3871821949975124,
            [
                0.31293146449869513,
                0.31933103560133,
                0.34380920803334597,
                0.3997718562236757,
                0.4240506329113924,
                0.4355612807051656
            ],
            0.37269372371002446
        ],
        "path_length_max": [
            1325.6033600437668,
            1302.0704503610978,
            1325.6033600437668
        ],
        "path_length_avg": [
            616.2486328881814,
            614.0377045990627,
            618.1720246407245,
            [
                197.37046482103793,
                273.7906182272427,
                430.25761866164714,
                784.682011012289,
                924.0057915915702,
                999.8306378962523
            ],
            607.7974668979126
        ],
        "path_node_count_max": [
            37.0,
            36.0,
            37.0
        ],
        "path_node_count_avg": [
            17.0,
            16.0,
            17.0,
            [
                5.0,
                7.0,
                12.0,
                21.0,
                25.0,
                27.0
            ],
            16.25996
        ],
        "path_jumper_count_max": [
            13.0,
            13.0,
            13.0
        ],
        "path_jumper_count_avg": [
            1.0,
            1.0,
            1.0,
            [
                0.0,
                0.0,
                0.0,
                1.0,
                2.0,
                3.0
            ],
            1.07806
        ],
        "path_sensor_jumper_length_max": [
            23.64111257070938,
            19.17579309195763,
            23.64111257070938
        ],
        "path_sensor_jumper_length_avg": [
            3.3926076838778396,
            3.369916846735669,
            3.4173593427876274,
            [
                0.2896779266582447,
                0.5832574985128871,
                1.5478122039680982,
                5.792446797926772,
                7.919669159011917,
                9.025777768022083
            ],
            3.866435474126718
        ],
        "path_router_node_branches_max": [
            19.0,
            11.0,
            19.0
        ],
        "path_router_node_branches_avg": [
            2.0,
            2.0,
            2.0,
            [
                2.0,
                2.0,
                2.0,
                3.0,
                4.0,
                8.0
            ],
            2.777027027027027
        ],
        "graph_max_wire_length": [
            1119.2233642076658,
            1094.8848115529236,
            1160.4255311136621,
            [
                923.0008228934789,
                943.589268914327,
                1044.4469449910625,
                1200.6686507357927,
                1249.7226260442321,
                1294.5226181020912
            ],
            1116.925144767876
        ],
        "graph_avg_wire_length": [
            600.58531399556,
            576.3491108196474,
            621.4108972833308,
            [
                530.8273934557194,
                535.8145097964037,
                555.5166732191813,
                648.8390717412074,
                714.584710014442,
                729.7515762293891
            ],
            610.4971346202722
        ],
        "graph_max_node_count": [
            31.0,
            30.0,
            32.0,
            [
                26.95,
                27.0,
                29.0,
                34.0,
                35.10000000000001,
                36.05
            ],
            31.3
        ],
        "graph_avg_node_count": [
            16.36440072396319,
            15.981726528040328,
            16.909600997506235,
            [
                14.871822169795086,
                14.936912280701755,
                15.370014435520034,
                18.134061002062072,
                19.347020178677546,
                19.80215552300025
            ],
            16.869078337878424
        ],