{
    "total_wire_length": 52147.39720815044,
    "total_jumper_length": 46455.13321213398,
    "total_jumper_count": 634,
    "center_node_count": 217,
    "edge_node_count": 238,
    "total_node_count": 455,
    "reachable_node_count": [
        455.0,
        455.0,
        455.0,
        [
            455.0,
            455.0,
            455.0,
            455.0,
            455.0,
            455.0
        ],
        455.0
    ],
    "unreachable_node_count": [
        0.0,
        0.0,
        0.0,
        [
            0.0,
            0.0,
            0.0,
            0.0,
            0.0,
            0.0
        ],
        0.0
    ],
    "reachable_wire_length": [
        52147.397208150454,
        52147.397208150454,
        52147.397208150454,
        [
            52147.397208150454,
            52147.397208150454,
            52147.397208150454,
            52147.397208150454,
            52147.397208150454,
            52147.397208150454
        ],
        52147.39720815047
    ],
    "unreachable_wire_length": [
        0.0,
        0.0,
        0.0,
        [
            0.0,
            0.0,
            0.0,
            0.0,
            0.0,
            0.0
        ],
        0.0
    ],
    "reachable_jumper_length": [
        46455.13321213402,
        46455.13321213402,
        46455.13321213402,
        [
            46455.13321213402,
            46455.13321213402,
            46455.13321213402,
            46455.13321213402,
            46455.13321213402,
            46455.13321213402
        ],
        46455.13321213403
    ],
    "unreachable_jumper_length": [
        0.0,
        0.0,
        0.0,
        [
            0.0,
            0.0,
            0.0,
            0.0,
            0.0,
            0.0
        ],
        0.0
    ],
    "reachable_jumper_count": [
        634.0,
        634.0,
        634.0,
        [
            634.0,
            634.0,
            634.0,
            634.0,
            634.0,
            634.0
        ],
        634.0
    ],
    "unreachable_jumper_count": [
        0.0,
        0.0,
        0.0,
        [
            0.0,
            0.0,
            0.0,
            0.0,
            0.0,
            0.0
        ],
        0.0
    ],
    "shortest_path": {
        "percent_useful_node_count": [
            0.7142857142857143,
            0.7098901098901099,
            0.7208791208791209,
            [
                0.6812087912087912,
                0.6896703296703297,
                0.701098901098901,
                0.7252747252747253,
                0.734065934065934,
                0.7384615384615385
            ],
            0.7127032967032967
        ],
        "percent_useful_wire_length": 38.935561705470555,
        "percent_reachable_sensors": 1.0,
        "percent_useful_jumper_count": [
            0.13170347003154576,
            0.12933753943217666,
            0.13406940063091483,
            [
                0.11198738170347003,
                0.11514195583596215,
                0.12302839116719243,
                0.13722397476340695,
                0.14353312302839116,
                0.14668769716088328
            ],
            0.13045741324921137
        ],
        "percent_useful_jumper_length": [
            0.006309148264984227,
            0.006309148264984227,
            0.006309148264984227,
            [
                0.00473186119873817,
                0.00473186119873817,
                0.00473186119873817,
                0.007886435331230283,
                0.007886435331230283,
                0.007886435331230283
            ],
            0.00640378548895899
        ],
        "percent_unreachable_bc_short_jumper": 0.0,
        "percent_multiroute_reached_nodes": [
            0.5,
            0.4932383536861149,
            0.5070022414969302,
            [
                0.44803633842413193,
                0.4573974003213086,
                0.47978109543872505,
                0.5175042052144659,
                0.5298183808528636,
                0.5328383505970364
            ],
            0.4953612947671274
        ],
        "path_length_max": [
            1717.908110522512,
            1704.247972050286,
            1717.908110522512
        ],
        "path_length_avg": [
            588.2161507080293,
            586.1152035455912,
            590.113169826765,
            [
                189.15926989688566,
                256.9589421229373,
                406.03893753074254,
                775.2795834398597,
                973.801129867477,
                1103.6904214768601
            ],
            605.8177597901132
        ],
        "path_node_count_max": [
            29.0,
            28.0,
            29.0
        ],
        "path_node_count_avg": [
            9.0,
            9.0,
            9.0,
            [
                3.0,
                4.0,
                6.0,
                12.0,
                16.0,
                18.0
            ],
            9.49782
        ],
        "path_jumper_count_max": [
            12.0,
            11.0,
            12.0
        ],
        "path_jumper_count_avg": [
            1.0,
            1.0,
            1.0,
            [
                0.0,
                0.0,
                1.0,
                2.0,
                4.0,
                5.0
            ],
            1.56216
        ],
        "path_sensor_jumper_length_max": [
            40.92194441368098,
            38.92777388071476,
            40.92194441368098
        ],
        "path_sensor_jumper_length_avg": [
            6.828025094818143,
            6.772562035844567,
            6.880646876249406,
            [
                0.5772670313535256,
                1.1948092315067502,
                3.0938245696846307,
                11.70871427602344,
                16.082570174542585,
                18.303513809342704
            ],
            7.8178099172293045
        ],
        "path_router_node_branches_max": [
            7.0,
            6.0,
            7.0
        ],
        "path_router_node_branches_avg": [
            2.0,
            2.0,
            3.0,
            [
                2.0,
                2.0,
                2.0,
                4.0,
                5.0,
                5.75
            ],
            2.9397590361445785
        ],
        "graph_max_wire_length": [
            1272.4118852210074,
            1239.8117685070292,
            1297.8002780572378,
            [
                987.5661040431953,
                1032.171039049632,
                1137.4280123067606,
                1356.4744660529202,
                1449.1818879877226,
                1580.6634745965566
            ],
            1264.2066858069275
        ],
        "graph_avg_wire_length": [
            575.6750832405246,
            561.5098666674129,
            602.4306142735321,
            [
                502.32234079848644,
                507.9109953747283,
                528.6420490007725,
                649.4264258206688,
                712.1703604726588,
                799.8990991443703
            ],
            605.4525287307695
        ],
        "graph_max_node_count": [
            20.0,
            19.5,
            21.0,
            [
                16.0,
                16.0,
                18.0,
                22.0,
                26.10000000000001,
                28.0
            ],
            20.55
        ],
        "graph_avg_node_count": [
            9.949426812828523,
            9.576112412177986,
            10.213186813186812,
            [
                8.417749080188106,
                8.536923076923078,
                8.94921875,
                10.79523168908819,
                12.150506259765033,
                13.896115290843072
            ],
            10.210803821739832
        ],