{
    "total_wire_length": 30209.123349238416,
    "total_jumper_length": 941.5262074908961,
    "total_jumper_count": 49,
    "center_node_count": 61,
    "edge_node_count": 124,
    "total_node_count": 185,
    "reachable_node_count": [
        185.0,
        185.0,
        185.0,
        [
            185.0,
            185.0,
            185.0,
            185.0,
            185.0,
            185.0
        ],
        185.0
    ],
    "unreachable_node_count": [
        0.0,
        0.0,
        0.0,
        [
            0.0,
            0.0,
            0.0,
            0.0,
            0.0,
            0.0
        ],
        0.0
    ],
    "reachable_wire_length": [
        30209.12334923841,
        30209.12334923841,
        30209.12334923841,
        [
            30209.12334923841,
            30209.12334923841,
            30209.12334923841,
            30209.12334923841,
            30209.12334923841,
            30209.12334923841
        ],
        30209.123349238405
    ],
    "unreachable_wire_length": [
        0.0,
        0.0,
        0.0,
        [
            0.0,
            0.0,
            0.0,
            0.0,
            0.0,
            0.0
        ],
        0.0
    ],
    "reachable_jumper_length": [
        941.5262074908962,
        941.5262074908962,
        941.5262074908962,
        [
            941.5262074908962,
            941.5262074908962,
            941.5262074908962,
            941.5262074908962,
            941.5262074908962,
            941.5262074908962
        ],
        941.5262074908964
    ],
    "unreachable_jumper_length": [
        0.0,
        0.0,
        0.0,
        [
            0.0,
            0.0,
            0.0,
            0.0,
            0.0,
            0.0
        ],
        0.0
    ],
    "reachable_jumper_count": [
        49.0,
        49.0,
        49.0,
        [
            49.0,
            49.0,
            49.0,
            49.0,
            49.0,
            49.0
        ],
        49.0
    ],
    "unreachable_jumper_count": [
        0.0,
        0.0,
        0.0,
        [
            0.0,
            0.0,
            0.0,
            0.0,
            0.0,
            0.0
        ],
        0.0
    ],
    "shortest_path": {
        "percent_useful_node_count": [
            0.6324324324324324,
            0.6270270270270271,
            0.6432432432432432,
            [
                0.5945945945945946,
                0.6054054054054054,
                0.6162162162162163,
                0.654054054054054,
                0.6648648648648648,
                0.6702702702702703
            ],
            0.6341081081081081
        ],
        "percent_useful_wire_length": 38.10289308350373,
        "percent_reachable_sensors": 0.96826,
        "percent_useful_jumper_count": [
            0.6836734693877551,
            0.6530612244897959,
            0.7040816326530612,
            [
                0.5918367346938775,
                0.6122448979591837,
                0.6530612244897959,
                0.7346938775510204,
                0.7551020408163265,
                0.7755102040816326
            ],
            0.6824489795918366
        ],
        "percent_useful_jumper_length": [
            0.08163265306122448,
            0.08163265306122448,
            0.10204081632653061,
            [
                0.061224489795918366,
                0.061224489795918366,
                0.061224489795918366,
                0.10204081632653061,
                0.12244897959183673,
                0.12244897959183673
            ],
            0.08612244897959181
        ],
        "percent_unreachable_bc_short_jumper": 0.03174,
        "percent_multiroute_reached_nodes": [
            0.4896140350877193,
            0.4786323224942151,
            0.5,
            [
                0.43799070247933886,
                0.44971544715447154,
                0.4666666666666667,
                0.5097840755735492,
                0.5267857142857143,
                0.5351515151515152
            ],
            0.48862650357216664
        ],
        "path_length_max": [
            2055.7541126522287,
            2039.2003491083012,
            2055.7541126522287
        ],
        "path_length_avg": [
            741.6570991204557,
            738.6848357811643,
            744.2786533299616,
            [
                249.12820685994473,
                334.3325681803928,
                515.5124940089572,
                988.8342800337256,
                1231.2389393880903,
                1367.6704893536414
            ],
            766.6217478261399
        ],
        "path_node_count_max": [
            20.0,
            19.975,
            20.0
        ],
        "path_node_count_avg": [
            6.0,
            6.0,
            6.0,
            [
                2.0,
                2.0,
                4.0,
                8.0,
                10.0,
                12.0
            ],
            6.501724743354058
        ],
        "path_jumper_count_max": [
            6.0,
            6.0,
            6.0
        ],
        "path_jumper_count_avg": [
            1.0,
            1.0,
            1.0,
            [
                0.0,
                0.0,
                1.0,
                1.0,
                2.0,
                3.0
            ],
            1.066707289364427
        ],
        "path_sensor_jumper_length_max": [
            39.9997869852739,
            39.99407075389223,
            39.9997869852739
        ],
        "path_sensor_jumper_length_avg": [
            13.222462262176116,
            13.13851569768704,
            13.316922915789718,
            [
                1.1159458621176865,
                2.30289293019918,
                6.053125597656571,
                22.40838621497034,
                30.3988980896615,
                34.24746771631316
            ],
            14.874861040844001
        ],
        "path_router_node_branches_max": [
            5.0,
            4.0,
            5.0
        ],
        "path_router_node_branches_avg": [
            3.0,
            2.0,
            3.0,
            [
                2.0,
                2.0,
                2.0,
                3.0,
                4.0,
                4.099999999999994
            ],
            2.7966101694915255
        ],
        "graph_max_wire_length": [
            1457.3413520986946,
            1442.748759862065,
            1502.3252135479393,
            [
                1252.917695684951,
                1281.6678378360393,
                1355.5188810874884,
                1657.0890150042208,
                1827.963234962365,
                1924.4357019942909
            ],
            1514.8967853826323
        ],
        "graph_avg_wire_length": [
            734.7238857767472,
            701.0264562058178,
            788.8772378449173,
            [
                634.0969437459571,
                645.3420298473748,
                675.5665967580824,
                852.0192039639057,
                1014.7382469948875,
                1082.283043833025
            ],
            785.259456001256
        ],
        "graph_max_node_count": [
            15.0,
            15.0,
            16.0,
            [
                12.0,
                12.0,
                14.0,
                17.0,
                19.0,
                20.0
            ],
            15.53
        ],
        "graph_avg_node_count": [
            7.256830601092895,
            7.0,
            7.51912568306011,
            [
                6.14672131147541,
                6.246857923497267,
                6.536684782608695,
                8.101511379800854,
                9.458871915393656,
                9.773201663201665
            ],
            7.517835977301747
        ],