{
    "total_wire_length": 53240.9417082032,
    "total_jumper_length": 2463.964594541847,
    "total_jumper_count": 238,
    "center_node_count": 442,
    "edge_node_count": 336,
    "total_node_count": 778,
    "reachable_node_count": [
        778.0,
        778.0,
        778.0,
        [
            778.0,
            778.0,
            778.0,
            778.0,
            778.0,
            778.0
        ],
        778.0
    ],
    "unreachable_node_count": [
        0.0,
        0.0,
        0.0,
        [
            0.0,
            0.0,
            0.0,
            0.0,
            0.0,
            0.0
        ],
        0.0
    ],
    "reachable_wire_length": [
        53240.941708203245,
        53240.941708203245,
        53240.941708203245,
        [
            53240.941708203245,
            53240.941708203245,
            53240.941708203245,
            53240.941708203245,
            53240.941708203245,
            53240.941708203245
        ],
        53240.94170820326
    ],
    "unreachable_wire_length": [
        0.0,
        0.0,
        0.0,
        [
            0.0,
            0.0,
            0.0,
            0.0,
            0.0,
            0.0
        ],
        0.0
    ],
    "reachable_jumper_length": [
        2463.964594541848,
        2463.964594541848,
        2463.964594541848,
        [
            2463.964594541848,
            2463.964594541848,
            2463.964594541848,
            2463.964594541848,
            2463.964594541848,
            2463.964594541848
        ],
        2463.9645945418483
    ],
    "unreachable_jumper_length": [
        0.0,
        0.0,
        0.0,
        [
            0.0,
            0.0,
            0.0,
            0.0,
            0.0,
            0.0
        ],
        0.0
    ],
    "reachable_jumper_count": [
        238.0,
        238.0,
        238.0,
        [
            238.0,
            238.0,
            238.0,
            238.0,
            238.0,
            238.0
        ],
        238.0
    ],
    "unreachable_jumper_count": [
        0.0,
        0.0,
        0.0,
        [
            0.0,
            0.0,
            0.0,
            0.0,
            0.0,
            0.0
        ],
        0.0
    ],
    "shortest_path": {
        "percent_useful_node_count": [
            0.6889460154241646,
            0.6857326478149101,
            0.6915167095115681,
            [
                0.6605398457583548,
                0.6658097686375322,
                0.675771208226221,
                0.6969794344473008,
                0.7082262210796915,
                0.7109254498714652
            ],
            0.6869280205655527
        ],
        "percent_useful_wire_length": 32.88856294254309,
        "percent_reachable_sensors": 1.0,
        "percent_useful_jumper_count": [
            0.31092436974789917,
            0.29831932773109243,
            0.31932773109243695,
            [
                0.25630252100840334,
                0.2689075630252101,
                0.2857142857142857,
                0.33613445378151263,
                0.35714285714285715,
                0.3615546218487395
            ],
            0.3111764705882353
        ],
        "percent_useful_jumper_length": [
            0.01680672268907563,
            0.01680672268907563,
            0.02100840336134454,
            [
                0.012605042016806723,
                0.01638655462184874,
                0.01680672268907563,
                0.02100840336134454,
                0.02100840336134454,
                0.02100840336134454
            ],
            0.01857142857142857
        ],
        "percent_unreachable_bc_short_jumper": 0.0,
        "percent_multiroute_reached_nodes": [
            0.43720250100847113,
            0.428438414471934,
            0.4488983265181616,
            [
                0.3834170673293357,
                0.3876168625096492,
                0.4152984681329492,
                0.4604357207154588,
                0.47388440250430997,
                0.48233203187110224
            ],
            0.43622792607288546
        ],
        "path_length_max": [
            858.6436337084823,
            848.8412569002845,
            858.6436337084823
        ],
        "path_length_avg": [
            401.1813877471677,
            399.89239147953083,
            402.3399711675383,
            [
                130.45030225399103,
                179.9166127680905,
                280.008678874204,
                510.9246681443235,
                602.568287599682,
                653.8690178215344
            ],
            396.38544263774315
        ],
        "path_node_count_max": [
            31.0,
            29.0,
            31.0
        ],
        "path_node_count_avg": [
            12.0,
            12.0,
            12.0,
            [
                4.0,
                5.0,
                8.0,
                15.0,
                18.0,
                19.0
            ],
            11.45175
        ],
        "path_jumper_count_max": [
            23.0,
            20.0,
            23.0
        ],
        "path_jumper_count_avg": [
            1.0,
            1.0,
            1.0,
            [
                0.0,
                0.0,
                0.0,
                1.0,
                3.0,
                4.0
            ],
            1.1211
        ],
        "path_sensor_jumper_length_max": [
            19.10789182728454,
            17.52089565959096,
            19.10789182728454
        ],
        "path_sensor_jumper_length_avg": [
            3.39768815823411,
            3.3712550813357964,
            3.419728223438897,
            [
                0.29349577957406126,
                0.594084483365619,
                1.5536043667322454,
                5.820658700521904,
                7.9930769621533475,
                9.10097952351902
            ],
            3.8875583022700613
        ],
        "path_router_node_branches_max": [
            5.0,
            4.0,
            5.0
        ],
        "path_router_node_branches_avg": [
            2.0,
            2.0,
            2.0,
            [
                2.0,
                2.0,
                2.0,
                3.0,
                3.0,
                3.0
            ],
            2.3587443946188342
        ],
        "graph_max_wire_length": [
            720.0638507329368,
            700.1116901112616,
            755.7370001171303,
            [
                605.1662077678201,
                626.4540674784635,
                666.5508513676032,
                778.7578183839137,
                822.3568863015474,
                835.8298695733919
            ],
            722.8264829844818
        ],
        "graph_avg_wire_length": [
            392.94213143866864,
            383.29338782114587,
            403.16402072152135,
            [
                351.108347909616,
                357.47202644362847,
                368.75726367804725,
                422.0364194898001,
                463.99129146330745,
                477.35696478785104
            ],
            400.70526298672553
        ],
        "graph_max_node_count": [
            24.0,
            23.5,
            25.0,
            [
                20.0,
                21.0,
                22.0,
                26.0,
                29.0,
                29.0
            ],
            24.26
        ],
        "graph_avg_node_count": [
            12.19440643300668,
            11.78225657412821,
            12.443396226415095,
            [
                10.736028961962353,
                10.914334536891948,
                11.40518550046109,
                13.307619638933996,
                14.164411984032988,
                14.510505582590849
            ],
            12.35889094537441
        ],