{
    "total_wire_length": 155383.8388166958,
    "total_jumper_length": 1157.8815631205978,
    "total_jumper_count": 234,
    "center_node_count": 1295,
    "edge_node_count": 576,
    "total_node_count": 1871,
    "reachable_node_count": [
        1871.0,
        1871.0,
        1871.0,
        [
            1871.0,
            1871.0,
            1871.0,
            1871.0,
            1871.0,
            1871.0
        ],
        1871.0
    ],
    "unreachable_node_count": [
        0.0,
        0.0,
        0.0,
        [
            0.0,
            0.0,
            0.0,
            0.0,
            0.0,
            0.0
        ],
        0.0
    ],
    "reachable_wire_length": [
        155383.8388166958,
        155383.8388166958,
        155383.8388166958,
        [
            155383.8388166958,
            155383.8388166958,
            155383.8388166958,
            155383.8388166958,
            155383.8388166958,
            155383.8388166958
        ],
        155383.8388166958
    ],
    "unreachable_wire_length": [
        0.0,
        0.0,
        0.0,
        [
            0.0,
            0.0,
            0.0,
            0.0,
            0.0,
            0.0
        ],
        0.0
    ],
    "reachable_jumper_length": [
        1157.8815631205973,
        1157.8815631205973,
        1157.8815631205973,
        [
            1157.8815631205973,
            1157.8815631205973,
            1157.8815631205973,
            1157.8815631205973,
            1157.8815631205973,
            1157.8815631205973
        ],
        1157.8815631205973
    ],
    "unreachable_jumper_length": [
        0.0,
        0.0,
        0.0,
        [
            0.0,
            0.0,
            0.0,
            0.0,
            0.0,
            0.0
        ],
        0.0
    ],
    "reachable_jumper_count": [
        234.0,
        234.0,
        234.0,
        [
            234.0,
            234.0,
            234.0,
            234.0,
            234.0,
            234.0
        ],
        234.0
    ],
    "unreachable_jumper_count": [
        0.0,
        0.0,
        0.0,
        [
            0.0,
            0.0,
            0.0,
            0.0,
            0.0,
            0.0
        ],
        0.0
    ],
    "shortest_path": {
        "percent_useful_node_count": [
            0.6662212720470337,
            0.6611437733832175,
            0.6680919294494923,
            [
                0.6424104756814538,
                0.648690539818279,
                0.6568679850347408,
                0.6729021913415286,
                0.6773383217530733,
                0.6793960448957777
            ],
            0.6641902725815072
        ],
        "percent_useful_wire_length": 29.170682731821287,
        "percent_reachable_sensors": 0.98033,
        "percent_useful_jumper_count": [
            0.2863247863247863,
            0.2777777777777778,
            0.2948717948717949,
            [
                0.21773504273504274,
                0.2264957264957265,
                0.25213675213675213,
                0.3087606837606838,
                0.32948717948717954,
                0.33782051282051284
            ],
            0.28098290598290604
        ],
        "percent_useful_jumper_length": [
            0.021367521367521368,
            0.021367521367521368,
            0.021367521367521368,
            [
                0.01282051282051282,
                0.01282051282051282,
                0.017094017094017096,
                0.021367521367521368,
                0.02564102564102564,
                0.02564102564102564
            ],
            0.0197008547008547
        ],
        "percent_unreachable_bc_short_jumper": 0.01967,
        "percent_multiroute_reached_nodes": [
            0.30016181229773464,
            0.2931277813894828,
            0.307631160572337,
            [
                0.24565891280164565,
                0.26061194866635434,
                0.2737968222241087,
                0.32570089503661515,
                0.347147380808597,
                0.35476011241593897
            ],
            0.3007290511485423
        ],
        "path_length_max": [
            1482.8596334717104,
            1470.1185053661866,
            1482.8596334717104
        ],
        "path_length_avg": [
            662.4794260700295,
            659.8447480552346,
            664.9803328880163,
            [
                210.60077644754705,
                291.2043624868624,
                456.6215580952205,
                849.5947530907408,
                1006.2123553948583,
                1086.1585347129196
            ],
            655.288844667162
        ],
        "path_node_count_max": [
            40.0,
            40.0,
            40.0
        ],
        "path_node_count_avg": [
            18.0,
            18.0,
            18.0,
            [
                6.0,
                8.0,
                13.0,
                23.0,
                28.0,
                30.0
            ],
            17.963634694439627
        ],
        "path_jumper_count_max": [
            11.0,
            10.0,
            11.0
        ],
        "path_jumper_count_avg": [
            1.0,
            1.0,
            1.0,
            [
                0.0,
                0.0,
                0.0,
                1.0,
                2.0,
                2.0
            ],
            0.9402854140952537
        ],
        "path_sensor_jumper_length_max": [
            9.999989179651637,
            9.999464860352576,
            9.999989179651637
        ],
        "path_sensor_jumper_length_avg": [
            3.3102040914476993,
            3.286507288118537,
            3.3332404806464773,
            [
                0.2834444132175313,
                0.584833530737999,
                1.5148636481133144,
                5.639455653635682,
                7.623712121337758,
                8.5813354541484
            ],
            3.7334727987386223
        ],
        "path_router_node_branches_max": [
            5.0,
            4.0,
            5.0
        ],
        "path_router_node_branches_avg": [
            2.0,
            2.0,
            2.0,
            [
                2.0,
                2.0,
                2.0,
                3.0,
                3.0,
                4.0
            ],
            2.3596730245231607
        ],
        "graph_max_wire_length": [
            1227.3797349435238,
            1188.1699196848376,
            1274.0434619247599,
            [
                1041.485508567184,
                1069.9291898527474,
                1153.044856940871,
                1329.99460919507,
                1381.2943007153174,
                1407.1085355775576
            ],
            1232.8156301817758
        ],
        "graph_avg_wire_length": [
            646.8310861296927,
            626.8596052713467,
            677.39169731832,
            [
                577.9077344356494,
                586.051413407999,
                599.6602844699472,
                711.9606070488951,
                765.4435152047755,
                783.0460295669582
            ],
            662.3031910432588
        ],
        "graph_max_node_count": [
            35.0,
            34.0,
            36.5,
            [
                29.0,
                30.0,
                32.0,
                38.0,
                39.0,
                39.05
            ],
            34.83
        ],
        "graph_avg_node_count": [
            18.09031915036854,
            17.625205479452056,
            19.211823893018746,
            [
                16.282161378745393,
                16.45809952764095,
                17.065340206769314,
                21.00501508659795,
                21.635856530602286,
                22.24845360824742
            ],
            18.85885948942734
        ],