{
    "total_wire_length": 118605.19095555283,
    "total_jumper_length": 3401.1839520381723,
    "total_jumper_count": 637,
    "center_node_count": 1976,
    "edge_node_count": 752,
    "total_node_count": 2728,
    "reachable_node_count": [
        2728.0,
        2728.0,
        2728.0,
        [
            2728.0,
            2728.0,
            2728.0,
            2728.0,
            2728.0,
            2728.0
        ],
        2728.0
    ],
    "unreachable_node_count": [
        0.0,
        0.0,
        0.0,
        [
            0.0,
            0.0,
            0.0,
            0.0,
            0.0,
            0.0
        ],
        0.0
    ],
    "reachable_wire_length": [
        118605.19095555283,
        118605.19095555283,
        118605.19095555283,
        [
            118605.19095555283,
            118605.19095555283,
            118605.19095555283,
            118605.19095555283,
            118605.19095555283,
            118605.19095555283
        ],
        118605.19095555283
    ],
    "unreachable_wire_length": [
        0.0,
        0.0,
        0.0,
        [
            0.0,
            0.0,
            0.0,
            0.0,
            0.0,
            0.0
        ],
        0.0
    ],
    "reachable_jumper_length": [
        3401.1839520381673,
        3401.1839520381673,
        3401.1839520381673,
        [
            3401.1839520381673,
            3401.1839520381673,
            3401.1839520381673,
            3401.1839520381673,
            3401.1839520381673,
            3401.1839520381673
        ],
        3401.1839520381686
    ],
    "unreachable_jumper_length": [
        0.0,
        0.0,
        0.0,
        [
            0.0,
            0.0,
            0.0,
            0.0,
            0.0,
            0.0
        ],
        0.0
    ],
    "reachable_jumper_count": [
        637.0,
        637.0,
        637.0,
        [
            637.0,
            637.0,
            637.0,
            637.0,
            637.0,
            637.0
        ],
        637.0
    ],
    "unreachable_jumper_count": [
        0.0,
        0.0,
        0.0,
        [
            0.0,
            0.0,
            0.0,
            0.0,
            0.0,
            0.0
        ],
        0.0
    ],
    "shortest_path": {
        "percent_useful_node_count": [
            0.6673387096774193,
            0.6642228739002932,
            0.6711876832844574,
            [
                0.6447763929618768,
                0.650733137829912,
                0.6570747800586509,
                0.6767778592375366,
                0.6852272727272727,
                0.6935483870967742
            ],
            0.667899560117302
        ],
        "percent_useful_wire_length": 27.872533544118884,
        "percent_reachable_sensors": 0.99999,
        "percent_useful_jumper_count": [
            0.20408163265306123,
            0.20094191522762953,
            0.20565149136577707,
            [
                0.1664050235478807,
                0.17739403453689168,
                0.19309262166405022,
                0.21232339089481947,
                0.2295133437990581,
                0.2401883830455259
            ],
            0.2034536891679749
        ],
        "percent_useful_jumper_length": [
            0.006279434850863423,
            0.006279434850863423,
            0.007849293563579277,
            [
                0.004709576138147566,
                0.004709576138147566,
                0.006279434850863423,
                0.007849293563579277,
                0.009419152276295133,
                0.009419152276295133
            ],
            0.006844583987441131
        ],
        "percent_unreachable_bc_short_jumper": 1e-05,
        "percent_multiroute_reached_nodes": [
            0.2861788128864615,
            0.2809989247353661,
            0.2924771095297858,
            [
                0.2273028058575455,
                0.24694170085047373,
                0.26499626618112143,
                0.3086129358856632,
                0.32928404554981516,
                0.34334899352086
            ],
            0.28701257362136284
        ],
        "path_length_max": [
            1388.1019535612902,
            1375.0890670615286,
            1388.1019535612902
        ],
        "path_length_avg": [
            433.01170699284626,
            431.33940768742724,
            434.4839351806913,
            [
                124.5055355882801,
                176.6312532474353,
                290.8096443969596,
                584.9738093961595,
                757.6968207846317,
                859.3814657114574
            ],
            452.48989198041244
        ],
        "path_node_count_max": [
            91.0,
            87.0,
            91.0
        ],
        "path_node_count_avg": [
            24.0,
            24.0,
            24.0,
            [
                7.0,
                10.0,
                16.0,
                34.0,
                45.0,
                50.0
            ],
            25.97651976519765
        ],
        "path_jumper_count_max": [
            42.0,
            38.0,
            42.0
        ],
        "path_jumper_count_avg": [
            1.0,
            1.0,
            1.0,
            [
                0.0,
                0.0,
                1.0,
                3.0,
                8.0,
                13.0
            ],
            2.8241482414824146
        ],
        "path_sensor_jumper_length_max": [
            8.813808541821626,
            8.413169430839387,
            8.813808541821626
        ],
        "path_sensor_jumper_length_avg": [
            1.6964369049224985,
            1.6842503576683951,
            1.7094754432845065,
            [
                0.15041590413484138,
                0.2976608648241131,
                0.7743584225420046,
                2.9114626647609656,
                3.979897606534133,
                4.517635562173321
            ],
            1.9388142541144247
        ],
        "path_router_node_branches_max": [
            5.0,
            4.0,
            5.0
        ],
        "path_router_node_branches_avg": [
            2.0,
            2.0,
            2.0,
            [
                2.0,
                2.0,
                2.0,
                2.0,
                3.0,
                3.0
            ],
            2.253097345132743
        ],
        "graph_max_wire_length": [
            979.0433713074169,
            940.8288986421051,
            1000.2524305353545,
            [
                783.9747946989359,
                844.6785676176545,
                891.3943315615052,
                1061.3716021847913,
                1174.218824206331,
                1290.244702355391
            ],
            992.3232914723019
        ],
        "graph_avg_wire_length": [
            420.32454077191676,
            411.11682874197754,
            433.5293106575781,
            [
                356.1164050572339,
                366.74012016537273,
                387.62277618918904,
                476.09679585974277,
                539.8411039085797,
                653.9282276742358
            ],
            445.3547641309953
        ],
        "graph_max_node_count": [
            60.5,
            59.0,
            63.0,
            [
                49.95,
                52.0,
                56.0,
                68.0,
                76.0,
                84.0
            ],
            62.75
        ],
        "graph_avg_node_count": [
            24.31463963551864,
            23.128235294117648,
            24.927461139896373,
            [
                20.61501282932639,
                21.029842389774746,
                22.342291705652883,
                27.15849556800261,
                32.102924300329406,
                37.422991498648614
            ],
            25.638558065942508
        ],