{
    "total_wire_length": 71083.57292785178,
    "total_jumper_length": 142132.56300365095,
    "total_jumper_count": 1999,
    "center_node_count": 593,
    "edge_node_count": 408,
    "total_node_count": 1001,
    "reachable_node_count": [
        1001.0,
        1001.0,
        1001.0,
        [
            1001.0,
            1001.0,
            1001.0,
            1001.0,
            1001.0,
            1001.0
        ],
        1001.0
    ],
    "unreachable_node_count": [
        0.0,
        0.0,
        0.0,
        [
            0.0,
            0.0,
            0.0,
            0.0,
            0.0,
            0.0
        ],
        0.0
    ],
    "reachable_wire_length": [
        71083.57292785183,
        71083.57292785183,
        71083.57292785183,
        [
            71083.57292785183,
            71083.57292785183,
            71083.57292785183,
            71083.57292785183,
            71083.57292785183,
            71083.57292785183
        ],
        71083.57292785184
    ],
    "unreachable_wire_length": [
        0.0,
        0.0,
        0.0,
        [
            0.0,
            0.0,
            0.0,
            0.0,
            0.0,
            0.0
        ],
        0.0
    ],
    "reachable_jumper_length": [
        142132.5630036509,
        142132.5630036509,
        142132.5630036509,
        [
            142132.5630036509,
            142132.5630036509,
            142132.5630036509,
            142132.5630036509,
            142132.5630036509,
            142132.5630036509
        ],
        142132.56300365092
    ],
    "unreachable_jumper_length": [
        0.0,
        0.0,
        0.0,
        [
            0.0,
            0.0,
            0.0,
            0.0,
            0.0,
            0.0
        ],
        0.0
    ],
    "reachable_jumper_count": [
        1999.0,
        1999.0,
        1999.0,
        [
            1999.0,
            1999.0,
            1999.0,
            1999.0,
            1999.0,
            1999.0
        ],
        1999.0
    ],
    "unreachable_jumper_count": [
        0.0,
        0.0,
        0.0,
        [
            0.0,
            0.0,
            0.0,
            0.0,
            0.0,
            0.0
        ],
        0.0
    ],
    "shortest_path": {
        "percent_useful_node_count": [
            0.6863136863136863,
            0.6833166833166833,
            0.6873126873126874,
            [
                0.6683316683316683,
                0.6732267732267732,
                0.6783216783216783,
                0.6925574425574426,
                0.7022977022977023,
                0.7042957042957043
            ],
            0.6862437562437562
        ],
        "percent_useful_wire_length": 36.466536438685544,
        "percent_reachable_sensors": 1.0,
        "percent_useful_jumper_count": [
            0.05052526263131566,
            0.04952476238119059,
            0.05202601300650325,
            [
                0.04502251125562781,
                0.04602301150575288,
                0.048024012006003,
                0.053526763381690844,
                0.05552776388194097,
                0.05705352676338169
            ],
            0.05073036518259129
        ],
        "percent_useful_jumper_length": [
            0.002001000500250125,
            0.002001000500250125,
            0.002001000500250125,
            [
                0.0015007503751875938,
                0.0015007503751875938,
                0.0015007503751875938,
                0.0025012506253126563,
                0.0025012506253126563,
                0.0025012506253126563
            ],
            0.0020010005002501245
        ],
        "percent_unreachable_bc_short_jumper": 0.0,
        "percent_multiroute_reached_nodes": [
            0.41763034759358286,
            0.40825035561877665,
            0.4315060993675207,
            [
                0.34579724249797245,
                0.3639883381924198,
                0.39222677025758684,
                0.44653287998884517,
                0.4805515239477504,
                0.49003200722129286
            ],
            0.41929922180555435
        ],
        "path_length_max": [
            1499.336064020557,
            1478.9173261057867,
            1499.336064020557
        ],
        "path_length_avg": [
            491.6328863840922,
            489.79624040724434,
            493.3120675997711,
            [
                147.95391786339658,
                205.15189708107175,
                331.9186504453095,
                664.5145108615785,
                853.5911596724767,
                956.7123910295204
            ],
            513.5388482425859
        ],
        "path_node_count_max": [
            41.0,
            40.0,
            41.0
        ],
        "path_node_count_avg": [
            14.0,
            14.0,
            14.0,
            [
                4.0,
                6.0,
                9.0,
                18.0,
                23.0,
                26.0
            ],
            14.09006
        ],
        "path_jumper_count_max": [
            13.0,
            12.0,
            13.0
        ],
        "path_jumper_count_avg": [
            1.0,
            1.0,
            1.0,
            [
                0.0,
                0.0,
                1.0,
                3.0,
                5.0,
                6.0
            ],
            1.84342
        ],
        "path_sensor_jumper_length_max": [
            23.36475013877591,
            20.130301712860557,
            23.36475013877591
        ],
        "path_sensor_jumper_length_avg": [
            3.3812132015420833,
            3.3551983752150987,
            3.407938882465326,
            [
                0.2962262560118567,
                0.6001921257232142,
                1.5397479586998213,
                5.7826724121355335,
                7.939690701956937,
                9.061323157200588
            ],
            3.868380555754578
        ],
        "path_router_node_branches_max": [
            12.0,
            10.975000000000001,
            12.0
        ],
        "path_router_node_branches_avg": [
            2.0,
            2.0,
            2.0,
            [
                2.0,
                2.0,
                2.0,
                3.0,
                8.0,
                10.0
            ],
            3.402097902097902
        ],
        "graph_max_wire_length": [
            1027.2214164895645,
            1009.7554096204929,
            1078.4158648851644,
            [
                883.8635549091601,
                917.3909857871377,
                978.9604353682076,
                1175.4572431454478,
                1378.4360588525853,
                1425.826140768312
            ],
            1086.2182121812787
        ],
        "graph_avg_wire_length": [
            478.6229965567418,
            459.0283077063944,
            507.9801607253958,
            [
                407.3458763549673,
                417.5853008420353,
                442.6616346619291,
                553.6405706805157,
                716.3265607714503,
                746.6453588580089
            ],
            517.8130182767164
        ],
        "graph_max_node_count": [
            29.0,
            28.0,
            31.5,
            [
                24.0,
                25.0,
                27.0,
                34.0,
                37.10000000000001,
                39.05
            ],
            30.57
        ],
        "graph_avg_node_count": [
            14.03582743791046,
            13.470411233701103,
            14.583005466133606,
            [
                11.761672141281423,
                11.97080215445503,
                12.709360616898305,
                15.659416802709485,
                17.84948783610756,
                20.606593406593408
            ],
            14.609199910560626
        ],