{
    "total_wire_length": 51008.76369694223,
    "total_jumper_length": 4671.756123183892,
    "total_jumper_count": 120,
    "center_node_count": 106,
    "edge_node_count": 170,
    "total_node_count": 276,
    "reachable_node_count": [
        276.0,
        276.0,
        276.0,
        [
            276.0,
            276.0,
            276.0,
            276.0,
            276.0,
            276.0
        ],
        276.0
    ],
    "unreachable_node_count": [
        0.0,
        0.0,
        0.0,
        [
            0.0,
            0.0,
            0.0,
            0.0,
            0.0,
            0.0
        ],
        0.0
    ],
    "reachable_wire_length": [
        51008.76369694225,
        51008.76369694225,
        51008.76369694225,
        [
            51008.76369694225,
            51008.76369694225,
            51008.76369694225,
            51008.76369694225,
            51008.76369694225,
            51008.76369694225
        ],
        51008.76369694227
    ],
    "unreachable_wire_length": [
        0.0,
        0.0,
        0.0,
        [
            0.0,
            0.0,
            0.0,
            0.0,
            0.0,
            0.0
        ],
        0.0
    ],
    "reachable_jumper_length": [
        4671.756123183893,
        4671.756123183893,
        4671.756123183893,
        [
            4671.756123183893,
            4671.756123183893,
            4671.756123183893,
            4671.756123183893,
            4671.756123183893,
            4671.756123183893
        ],
        4671.756123183892
    ],
    "unreachable_jumper_length": [
        0.0,
        0.0,
        0.0,
        [
            0.0,
            0.0,
            0.0,
            0.0,
            0.0,
            0.0
        ],
        0.0
    ],
    "reachable_jumper_count": [
        120.0,
        120.0,
        120.0,
        [
            120.0,
            120.0,
            120.0,
            120.0,
            120.0,
            120.0
        ],
        120.0
    ],
    "unreachable_jumper_count": [
        0.0,
        0.0,
        0.0,
        [
            0.0,
            0.0,
            0.0,
            0.0,
            0.0,
            0.0
        ],
        0.0
    ],
    "shortest_path": {
        "percent_useful_node_count": [
            0.6920289855072463,
            0.6865942028985508,
            0.6956521739130435,
            [
                0.6375,
                0.6481884057971015,
                0.6739130434782609,
                0.7065217391304348,
                0.7210144927536232,
                0.7286231884057971
            ],
            0.6879347826086958
        ],
        "percent_useful_wire_length": 37.1440523463201,
        "percent_reachable_sensors": 0.99956,
        "percent_useful_jumper_count": [
            0.4666666666666667,
            0.45416666666666666,
            0.475,
            [
                0.36624999999999996,
                0.38333333333333336,
                0.43125,
                0.5,
                0.525,
                0.5429166666666666
            ],
            0.46091666666666675
        ],
        "percent_useful_jumper_length": [
            0.03333333333333333,
            0.03333333333333333,
            0.03333333333333333,
            [
                0.025,
                0.025,
                0.025,
                0.041666666666666664,
                0.041666666666666664,
                0.05
            ],
            0.033499999999999995
        ],
        "percent_unreachable_bc_short_jumper": 0.00044,
        "percent_multiroute_reached_nodes": [
            0.5076692317725316,
            0.49489730170418683,
            0.5106382978723404,
            [
                0.45888073979591837,
                0.4717656436827421,
                0.48465442878182197,
                0.5268611944368693,
                0.5463414634146342,
                0.5585663055281965
            ],
            0.506133985626477
        ],
        "path_length_max": [
            2731.6069221417274,
            2722.135625820571,
            2731.6069221417274
        ],
        "path_length_avg": [
            888.9388335400383,
            886.0419477637354,
            891.7246700648967,
            [
                303.4552669406348,
                397.1351708804193,
                617.7422595708233,
                1195.4255799018656,
                1557.2491491922624,
                1748.5330436605773
            ],
            937.9009410488982
        ],
        "path_node_count_max": [
            28.0,
            27.0,
            28.0
        ],
        "path_node_count_avg": [
            7.0,
            7.0,
            8.0,
            [
                2.0,
                3.0,
                5.0,
                10.0,
                13.0,
                15.0
            ],
            7.929619032374244
        ],
        "path_jumper_count_max": [
            11.0,
            11.0,
            11.0
        ],
        "path_jumper_count_avg": [
            1.0,
            1.0,
            1.0,
            [
                0.0,
                0.0,
                1.0,
                2.0,
                3.0,
                4.0
            ],
            1.29420945215895
        ],
        "path_sensor_jumper_length_max": [
            79.95159332567927,
            79.22355101811054,
            79.95159332567927
        ],
        "path_sensor_jumper_length_avg": [
            13.816602891248959,
            13.705377024787277,
            13.919247714661322,
            [
                1.1862747783965861,
                2.415810311799886,
                6.31106729841099,
                23.79622938985971,
                32.79303341653002,
                37.55168355723091
            ],
            15.99583280690164
        ],
        "path_router_node_branches_max": [
            5.0,
            4.0,
            5.0
        ],
        "path_router_node_branches_avg": [
            3.0,
            2.0,
            3.0,
            [
                2.0,
                2.0,
                2.0,
                3.0,
                4.0,
                4.0
            ],
            2.7888888888888888
        ],
        "graph_max_wire_length": [
            1851.080547253503,
            1808.3753596300585,
            1917.7608518304812,
            [
                1532.650343643868,
                1572.6190497973842,
                1693.213640461257,
                2026.9831054734636,
                2547.1248071605373,
                2647.9438734163055
            ],
            1932.7956394562582
        ],
        "graph_avg_wire_length": [
            872.6563805748525,
            828.3157732796684,
            913.5061278392021,
            [
                742.9407245405569,
                757.3796697278001,
                799.4694393428155,
                980.5673068447697,
                1315.3991384593946,
                1394.624178250259
            ],
            939.8522269125867
        ],
        "graph_max_node_count": [
            20.0,
            19.0,
            20.0,
            [
                15.0,
                16.0,
                18.0,
                22.0,
                24.0,
                26.049999999999997
            ],
            20.01
        ],
        "graph_avg_node_count": [
            8.3371101808033,
            7.947955390334572,
            8.729323308270677,
            [
                7.014588177957251,
                7.134566377776502,
                7.394073222448642,
                9.405617744610282,
                11.422272727272727,
                12.986206896551725
            ],
            8.780188381748252
        ],