{
    "total_wire_length": 106862.99424411477,
    "total_jumper_length": 349551.810998499,
    "total_jumper_count": 5241,
    "center_node_count": 1778,
    "edge_node_count": 676,
    "total_node_count": 2454,
    "reachable_node_count": [
        2454.0,
        2454.0,
        2454.0,
        [
            2454.0,
            2454.0,
            2454.0,
            2454.0,
            2454.0,
            2454.0
        ],
        2454.0
    ],
    "unreachable_node_count": [
        0.0,
        0.0,
        0.0,
        [
            0.0,
            0.0,
            0.0,
            0.0,
            0.0,
            0.0
        ],
        0.0
    ],
    "reachable_wire_length": [
        106862.99424411474,
        106862.99424411474,
        106862.99424411474,
        [
            106862.99424411474,
            106862.99424411474,
            106862.99424411474,
            106862.99424411474,
            106862.99424411474,
            106862.99424411474
        ],
        106862.99424411477
    ],
    "unreachable_wire_length": [
        0.0,
        0.0,
        0.0,
        [
            0.0,
            0.0,
            0.0,
            0.0,
            0.0,
            0.0
        ],
        0.0
    ],
    "reachable_jumper_length": [
        349551.81099849864,
        349551.81099849864,
        349551.81099849864,
        [
            349551.81099849864,
            349551.81099849864,
            349551.81099849864,
            349551.81099849864,
            349551.81099849864,
            349551.81099849864
        ],
        349551.8109984986
    ],
    "unreachable_jumper_length": [
        0.0,
        0.0,
        0.0,
        [
            0.0,
            0.0,
            0.0,
            0.0,
            0.0,
            0.0
        ],
        0.0
    ],
    "reachable_jumper_count": [
        5241.0,
        5241.0,
        5241.0,
        [
            5241.0,
            5241.0,
            5241.0,
            5241.0,
            5241.0,
            5241.0
        ],
        5241.0
    ],
    "unreachable_jumper_count": [
        0.0,
        0.0,
        0.0,
        [
            0.0,
            0.0,
            0.0,
            0.0,
            0.0,
            0.0
        ],
        0.0
    ],
    "shortest_path": {
        "percent_useful_node_count": [
            0.6699266503667481,
            0.6670741646291769,
            0.6740016299918501,
            [
                0.6524042379788101,
                0.6556642216788916,
                0.6621841890790546,
                0.6784841075794621,
                0.6886715566422168,
                0.6932559087204564
            ],
            0.6711328443357784
        ],
        "percent_useful_wire_length": 29.815581635798655,
        "percent_reachable_sensors": 1.0,
        "percent_useful_jumper_count": [
            0.019843541308910514,
            0.019461934745277618,
            0.020415951154359856,
            [
                0.017553901927113147,
                0.017916428162564394,
                0.01869872161801183,
                0.0209883609998092,
                0.02196145773707308,
                0.022905933982064492
            ],
            0.01995802327800038
        ],
        "percent_useful_jumper_length": [
            0.0007632131272657889,
            0.0007632131272657889,
            0.0007632131272657889,
            [
                0.0005724098454493417,
                0.0005724098454493417,
                0.0007632131272657889,
                0.0007632131272657889,
                0.0009540164090822362,
                0.0009540164090822362
            ],
            0.0007613050944476246
        ],
        "percent_unreachable_bc_short_jumper": 0.0,
        "percent_multiroute_reached_nodes": [
            0.3625784448934646,
            0.3568224736536679,
            0.3690909090909091,
            [
                0.295027036097149,
                0.3070075194424473,
                0.3421639424671941,
                0.3848411394352318,
                0.4178928018246498,
                0.42535000935803857
            ],
            0.36225839636305623
        ],
        "path_length_max": [
            870.5439769430092,
            848.1823626989145,
            870.5439769430092
        ],
        "path_length_avg": [
            390.3804365720207,
            388.92083042212005,
            391.85705093066247,
            [
                120.36753775604137,
                167.98307933687596,
                267.4983818107142,
                498.28896552432786,
                587.6958286575498,
                636.0360220740683
            ],
            383.9265036384182
        ],
        "path_node_count_max": [
            47.0,
            46.0,
            47.0
        ],
        "path_node_count_avg": [
            20.0,
            20.0,
            20.0,
            [
                6.0,
                9.0,
                14.0,
                26.0,
                31.0,
                34.0
            ],
            20.0279
        ],
        "path_jumper_count_max": [
            8.0,
            8.0,
            8.0
        ],
        "path_jumper_count_avg": [
            1.0,
            1.0,
            1.0,
            [
                0.0,
                0.0,
                0.0,
                1.0,
                2.0,
                3.0
            ],
            1.03593
        ],
        "path_sensor_jumper_length_max": [
            11.04658436424023,
            9.872874070092506,
            11.04658436424023
        ],
        "path_sensor_jumper_length_avg": [
            1.6910809664794793,
            1.6798785709299473,
            1.7048746041437919,
            [
                0.14509510677595674,
                0.29505613284020643,
                0.7744007423057327,
                2.8942525778870625,
                3.9669578800294456,
                4.507551475148644
            ],
            1.9324153910114268
        ],
        "path_router_node_branches_max": [
            36.0,
            20.0,
            36.0
        ],
        "path_router_node_branches_avg": [
            2.0,
            2.0,
            2.0,
            [
                2.0,
                2.0,
                2.0,
                2.0,
                5.0,
                11.0
            ],
            3.1993299832495814
        ],
        "graph_max_wire_length": [
            723.0657472453581,
            697.8908005789215,
            744.3971624779298,
            [
                614.1819928009091,
                637.2584995979595,
                670.9786089868438,
                774.1393541156358,
                797.6231041527288,
                838.4599487361844
            ],
            722.0428464301041
        ],
        "graph_avg_wire_length": [
            386.7777940371127,
            365.45455505532266,
            397.2355363361888,
            [
                335.0286181401693,
                339.6865880722542,
                346.87115406941996,
                419.65994805554055,
                448.052531046479,
                455.8491398463512
            ],
            386.43368990998357
        ],
        "graph_max_node_count": [
            40.0,
            39.0,
            41.0,
            [
                33.95,
                35.0,
                37.0,
                42.0,
                45.0,
                46.05
            ],
            39.71
        ],
        "graph_avg_node_count": [
            20.228288997835524,
            19.44857199818881,
            20.857941626381688,
            [
                18.357019888778037,
                18.417728604901335,
                18.859540317583864,
                21.823889115368935,
                23.195800249000857,
                24.221541568780736
            ],
            20.566080731583515
        ],