{
    "total_wire_length": 31909.770376905402,
    "total_jumper_length": 8060.828898957755,
    "total_jumper_count": 219,
    "center_node_count": 135,
    "edge_node_count": 184,
    "total_node_count": 319,
    "reachable_node_count": [
        319.0,
        319.0,
        319.0,
        [
            319.0,
            319.0,
            319.0,
            319.0,
            319.0,
            319.0
        ],
        319.0
    ],
    "unreachable_node_count": [
        0.0,
        0.0,
        0.0,
        [
            0.0,
            0.0,
            0.0,
            0.0,
            0.0,
            0.0
        ],
        0.0
    ],
    "reachable_wire_length": [
        31909.7703769054,
        31909.7703769054,
        31909.7703769054,
        [
            31909.7703769054,
            31909.7703769054,
            31909.7703769054,
            31909.7703769054,
            31909.7703769054,
            31909.7703769054
        ],
        31909.770376905395
    ],
    "unreachable_wire_length": [
        0.0,
        0.0,
        0.0,
        [
            0.0,
            0.0,
            0.0,
            0.0,
            0.0,
            0.0
        ],
        0.0
    ],
    "reachable_jumper_length": [
        8060.828898957758,
        8060.828898957758,
        8060.828898957758,
        [
            8060.828898957758,
            8060.828898957758,
            8060.828898957758,
            8060.828898957758,
            8060.828898957758,
            8060.828898957758
        ],
        8060.8288989577595
    ],
    "unreachable_jumper_length": [
        0.0,
        0.0,
        0.0,
        [
            0.0,
            0.0,
            0.0,
            0.0,
            0.0,
            0.0
        ],
        0.0
    ],
    "reachable_jumper_count": [
        219.0,
        219.0,
        219.0,
        [
            219.0,
            219.0,
            219.0,
            219.0,
            219.0,
            219.0
        ],
        219.0
    ],
    "unreachable_jumper_count": [
        0.0,
        0.0,
        0.0,
        [
            0.0,
            0.0,
            0.0,
            0.0,
            0.0,
            0.0
        ],
        0.0
    ],
    "shortest_path": {
        "percent_useful_node_count": [
            0.670846394984326,
            0.6677115987460815,
            0.677115987460815,
            [
                0.6456112852664577,
                0.6489028213166145,
                0.658307210031348,
                0.6833855799373041,
                0.6896551724137931,
                0.6929467084639498
            ],
            0.6705956112852666
        ],
        "percent_useful_wire_length": 36.797034530838545,
        "percent_reachable_sensors": 1.0,
        "percent_useful_jumper_count": [
            0.24885844748858446,
            0.2465753424657534,
            0.2557077625570776,
            [
                0.2191780821917808,
                0.2278538812785388,
                0.2374429223744292,
                0.2648401826484018,
                0.27899543378995434,
                0.2922374429223744
            ],
            0.25200913242009126
        ],
        "percent_useful_jumper_length": [
            0.02054794520547945,
            0.0182648401826484,
            0.0228310502283105,
            [
                0.0136986301369863,
                0.0136986301369863,
                0.0182648401826484,
                0.0228310502283105,
                0.0273972602739726,
                0.0273972602739726
            ],
            0.02050228310502283
        ],
        "percent_unreachable_bc_short_jumper": 0.0,
        "percent_multiroute_reached_nodes": [
            0.5776699029126213,
            0.5707682493439947,
            0.5890769577973369,
            [
                0.538568978697907,
                0.5449591451917033,
                0.5619363674673409,
                0.6011841168091168,
                0.6205974842767296,
                0.6245008994778641
            ],
            0.581080886227773
        ],
        "path_length_max": [
            956.7658152813484,
            928.0247649485995,
            956.7658152813484
        ],
        "path_length_avg": [
            445.2321899643456,
            443.74042060401194,
            446.9951688020772,
            [
                158.58014146578236,
                209.08451054289299,
                315.45572055634597,
                562.7327609451013,
                653.7078395592586,
                710.1601924039934
            ],
            439.1554480877925
        ],
        "path_node_count_max": [
            19.0,
            18.0,
            19.0
        ],
        "path_node_count_avg": [
            7.0,
            7.0,
            7.0,
            [
                2.0,
                3.0,
                5.0,
                9.0,
                11.0,
                13.0
            ],
            7.16083
        ],
        "path_jumper_count_max": [
            13.0,
            12.0,
            13.0
        ],
        "path_jumper_count_avg": [
            1.0,
            1.0,
            1.0,
            [
                0.0,
                0.0,
                0.0,
                1.0,
                3.0,
                4.0
            ],
            1.13199
        ],
        "path_sensor_jumper_length_max": [
            36.16929829657831,
            35.024346823183286,
            36.16929829657831
        ],
        "path_sensor_jumper_length_avg": [
            6.707649861876201,
            6.652523091102042,
            6.759254128435055,
            [
                0.5743010565566121,
                1.1520845769007908,
                3.0651025834988,
                11.537552370523029,
                15.977272708927183,
                18.220694990543674
            ],
            7.727923077193285
        ],
        "path_router_node_branches_max": [
            5.0,
            5.0,
            5.0
        ],
        "path_router_node_branches_avg": [
            2.0,
            2.0,
            2.0,
            [
                2.0,
                2.0,
                2.0,
                3.0,
                3.799999999999997,
                4.0
            ],
            2.518796992481203
        ],
        "graph_max_wire_length": [
            782.2165000007076,
            769.2128386888229,
            805.2591972201152,
            [
                673.7319986196053,
                684.4581910594238,
                743.1841266550942,
                853.8013823058506,
                906.7294920824827,
                909.5688222271821
            ],
            791.8888298355873
        ],
        "graph_avg_wire_length": [
            432.83049149714685,
            421.78990281832466,
            443.05086044111465,
            [
                391.21464064453477,
                393.1365228613099,
                406.55085944822156,
                473.50917629542766,
                513.115328694892,
                529.9377133136165
            ],
            443.19305385881614
        ],
        "graph_max_node_count": [
            15.0,
            14.0,
            15.0,
            [
                13.0,
                13.0,
                13.0,
                16.0,
                18.0,
                18.0
            ],
            14.98
        ],
        "graph_avg_node_count": [
            7.672106193183028,
            7.4089456869009584,
            7.956420685875353,
            [
                7.081347962382446,
                7.154746835443039,
                7.291207242664873,
                8.689474376974378,
                9.825747474747475,
                10.028554396423248
            ],
            8.071457004345286
        ],