{
    "total_wire_length": 38124.92429931344,
    "total_jumper_length": 27097.06369492389,
    "total_jumper_count": 392,
    "center_node_count": 158,
    "edge_node_count": 198,
    "total_node_count": 356,
    "reachable_node_count": [
        356.0,
        356.0,
        356.0,
        [
            356.0,
            356.0,
            356.0,
            356.0,
            356.0,
            356.0
        ],
        356.0
    ],
    "unreachable_node_count": [
        0.0,
        0.0,
        0.0,
        [
            0.0,
            0.0,
            0.0,
            0.0,
            0.0,
            0.0
        ],
        0.0
    ],
    "reachable_wire_length": [
        38124.924299313425,
        38124.924299313425,
        38124.924299313425,
        [
            38124.924299313425,
            38124.924299313425,
            38124.924299313425,
            38124.924299313425,
            38124.924299313425,
            38124.924299313425
        ],
        38124.924299313425
    ],
    "unreachable_wire_length": [
        0.0,
        0.0,
        0.0,
        [
            0.0,
            0.0,
            0.0,
            0.0,
            0.0,
            0.0
        ],
        0.0
    ],
    "reachable_jumper_length": [
        27097.063694923872,
        27097.063694923872,
        27097.063694923872,
        [
            27097.063694923872,
            27097.063694923872,
            27097.063694923872,
            27097.063694923872,
            27097.063694923872,
            27097.063694923872
        ],
        27097.06369492387
    ],
    "unreachable_jumper_length": [
        0.0,
        0.0,
        0.0,
        [
            0.0,
            0.0,
            0.0,
            0.0,
            0.0,
            0.0
        ],
        0.0
    ],
    "reachable_jumper_count": [
        392.0,
        392.0,
        392.0,
        [
            392.0,
            392.0,
            392.0,
            392.0,
            392.0,
            392.0
        ],
        392.0
    ],
    "unreachable_jumper_count": [
        0.0,
        0.0,
        0.0,
        [
            0.0,
            0.0,
            0.0,
            0.0,
            0.0,
            0.0
        ],
        0.0
    ],
    "shortest_path": {
        "percent_useful_node_count": [
            0.6643258426966292,
            0.6601123595505618,
            0.6657303370786517,
            [
                0.6376404494382022,
                0.6457865168539326,
                0.6544943820224719,
                0.6748595505617978,
                0.6853932584269663,
                0.6883426966292134
            ],
            0.6641573033707867
        ],
        "percent_useful_wire_length": 36.71836157552725,
        "percent_reachable_sensors": 1.0,
        "percent_useful_jumper_count": [
            0.1377551020408163,
            0.13520408163265307,
            0.14030612244897958,
            [
                0.12244897959183673,
                0.125,
                0.132015306122449,
                0.14795918367346939,
                0.15306122448979592,
                0.1556122448979592
            ],
            0.1385204081632653
        ],
        "percent_useful_jumper_length": [
            0.01020408163265306,
            0.01020408163265306,
            0.01020408163265306,
            [
                0.007653061224489796,
                0.007653061224489796,
                0.01020408163265306,
                0.012755102040816327,
                0.012755102040816327,
                0.012755102040816327
            ],
            0.01081632653061224
        ],
        "percent_unreachable_bc_short_jumper": 0.0,
        "percent_multiroute_reached_nodes": [
            0.5512281835811248,
            0.5435684647302904,
            0.5623703783165273,
            [
                0.4902860501567398,
                0.49788481560633463,
                0.5262538913870634,
                0.580394975786925,
                0.6183065092989987,
                0.6283074768368886
            ],
            0.5534520422451155
        ],
        "path_length_max": [
            1003.5888431012156,
            995.1256168328839,
            1003.5888431012156
        ],
        "path_length_avg": [
            492.33288042435106,
            490.8852480468726,
            493.8667177863509,
            [
                169.31094411450084,
                228.20075531449987,
                345.489585745706,
                617.4244048821804,
                718.4720594114691,
                777.4578693657007
            ],
            482.7083260258056
        ],
        "path_node_count_max": [
            17.0,
            17.0,
            17.0
        ],
        "path_node_count_avg": [
            8.0,
            8.0,
            8.0,
            [
                2.0,
                3.0,
                5.0,
                10.0,
                11.0,
                12.0
            ],
            7.40633
        ],
        "path_jumper_count_max": [
            9.0,
            8.0,
            9.0
        ],
        "path_jumper_count_avg": [
            1.0,
            1.0,
            1.0,
            [
                0.0,
                0.0,
                0.0,
                1.0,
                2.0,
                2.0
            ],
            0.90627
        ],
        "path_sensor_jumper_length_max": [
            43.64912962856873,
            40.399217569534294,
            43.64912962856873
        ],
        "path_sensor_jumper_length_avg": [
            6.83517550862511,
            6.782381354410826,
            6.884718464127633,
            [
                0.6028778875885638,
                1.1987822861154505,
                3.1499173146214052,
                11.68522460837297,
                16.07745900546728,
                18.280953213989424
            ],
            7.838799511695771
        ],
        "path_router_node_branches_max": [
            7.0,
            6.0,
            7.0
        ],
        "path_router_node_branches_avg": [
            2.0,
            2.0,
            3.0,
            [
                2.0,
                2.0,
                2.0,
                3.75,
                4.900000000000006,
                5.0
            ],
            2.901639344262295
        ],
        "graph_max_wire_length": [
            866.6934824958425,
            846.2067983831703,
            892.0363621172826,
            [
                746.596788484095,
                752.5683794503224,
                808.8367864893232,
                933.1109136184817,
                984.9120502411365,
                998.5209250175598
            ],
            868.5670210976554
        ],
        "graph_avg_wire_length": [
            484.24376953781734,
            466.32834718547673,
            500.0127641431025,
            [
                428.1585099864147,
                434.7782130605803,
                447.9431744842,
                519.1677635860981,
                556.8276007738849,
                570.9383881797268
            ],
            487.65030445203973
        ],
        "graph_max_node_count": [
            15.0,
            14.0,
            15.0,
            [
                12.95,
                13.0,
                13.75,
                16.0,
                17.0,
                18.0
            ],
            14.93
        ],
        "graph_avg_node_count": [
            7.893563851489189,
            7.776203966005665,
            8.145430989894168,
            [
                7.332724719101123,
                7.385814211109353,
                7.544241573033708,
                8.862532032328012,
                9.78135593220339,
                9.911990462503265
            ],
            8.245305171366915
        ],