{
    "total_wire_length": 78293.5698198973,
    "total_jumper_length": 35850.29389085069,
    "total_jumper_count": 1857,
    "center_node_count": 1305,
    "edge_node_count": 614,
    "total_node_count": 1919,
    "reachable_node_count": [
        1919.0,
        1919.0,
        1919.0,
        [
            1919.0,
            1919.0,
            1919.0,
            1919.0,
            1919.0,
            1919.0
        ],
        1919.0
    ],
    "unreachable_node_count": [
        0.0,
        0.0,
        0.0,
        [
            0.0,
            0.0,
            0.0,
            0.0,
            0.0,
            0.0
        ],
        0.0
    ],
    "reachable_wire_length": [
        78293.56981989733,
        78293.56981989733,
        78293.56981989733,
        [
            78293.56981989733,
            78293.56981989733,
            78293.56981989733,
            78293.56981989733,
            78293.56981989733,
            78293.56981989733
        ],
        78293.56981989731
    ],
    "unreachable_wire_length": [
        0.0,
        0.0,
        0.0,
        [
            0.0,
            0.0,
            0.0,
            0.0,
            0.0,
            0.0
        ],
        0.0
    ],
    "reachable_jumper_length": [
        35850.29389085074,
        35850.29389085074,
        35850.29389085074,
        [
            35850.29389085074,
            35850.29389085074,
            35850.29389085074,
            35850.29389085074,
            35850.29389085074,
            35850.29389085074
        ],
        35850.293890850735
    ],
    "unreachable_jumper_length": [
        0.0,
        0.0,
        0.0,
        [
            0.0,
            0.0,
            0.0,
            0.0,
            0.0,
            0.0
        ],
        0.0
    ],
    "reachable_jumper_count": [
        1857.0,
        1857.0,
        1857.0,
        [
            1857.0,
            1857.0,
            1857.0,
            1857.0,
            1857.0,
            1857.0
        ],
        1857.0
    ],
    "unreachable_jumper_count": [
        0.0,
        0.0,
        0.0,
        [
            0.0,
            0.0,
            0.0,
            0.0,
            0.0,
            0.0
        ],
        0.0
    ],
    "shortest_path": {
        "percent_useful_node_count": [
            0.687597707139135,
            0.6852527357998958,
            0.689421573736321,
            [
                0.6715476810838978,
                0.6748306409588327,
                0.679911412193851,
                0.6946326211568525,
                0.7003647733194373,
                0.705627931214174
            ],
            0.6874882751433039
        ],
        "percent_useful_wire_length": 31.074958103481794,
        "percent_reachable_sensors": 1.0,
        "percent_useful_jumper_count": [
            0.08131394722670975,
            0.07969843834141088,
            0.08239095315024232,
            [
                0.06887452880990845,
                0.07372105546580505,
                0.07646742057081314,
                0.08414108777598277,
                0.08777598276790523,
                0.08834141087775983
            ],
            0.08045234248788369
        ],
        "percent_useful_jumper_length": [
            0.002154011847065159,
            0.002154011847065159,
            0.0024232633279483036,
            [
                0.0016155088852988692,
                0.0016155088852988692,
                0.0016155088852988692,
                0.0026925148088314485,
                0.0026925148088314485,
                0.0032310177705977385
            ],
            0.0022563274098007543
        ],
        "percent_unreachable_bc_short_jumper": 0.0,
        "percent_multiroute_reached_nodes": [
            0.33308267488374066,
            0.3267175572519084,
            0.340393343419062,
            [
                0.2529880523438051,
                0.28705080164629276,
                0.30826339997793883,
                0.3494693717923467,
                0.3681821576481771,
                0.37550936373894367
            ],
            0.32766931405167193
        ],
        "path_length_max": [
            1079.6919855576846,
            1076.261178205855,
            1079.6919855576846
        ],
        "path_length_avg": [
            347.8972351648829,
            346.6128551223113,
            349.08864724440417,
            [
                103.12903595289563,
                144.65970517965633,
                234.9684721239753,
                472.5166300771035,
                613.3454128929407,
                692.062981481724
            ],
            365.80063750405094
        ],
        "path_node_count_max": [
            59.0,
            58.0,
            59.0
        ],
        "path_node_count_avg": [
            19.0,
            19.0,
            19.0,
            [
                6.0,
                8.0,
                13.0,
                26.0,
                33.0,
                37.0
            ],
            19.92017
        ],
        "path_jumper_count_max": [
            28.0,
            26.0,
            28.0
        ],
        "path_jumper_count_avg": [
            1.0,
            1.0,
            1.0,
            [
                0.0,
                0.0,
                1.0,
                3.0,
                8.0,
                10.0
            ],
            2.58948
        ],
        "path_sensor_jumper_length_max": [
            10.253802319706356,
            9.199162871282496,
            10.253802319706356
        ],
        "path_sensor_jumper_length_avg": [
            1.7025594281113179,
            1.6889484191282491,
            1.7155213843255444,
            [
                0.14802487182154772,
                0.30130117449567356,
                0.7820833954963764,
                2.894360483971382,
                3.9731718051004816,
                4.509391886850421
            ],
            1.9363432861703764
        ],
        "path_router_node_branches_max": [
            9.0,
            6.0,
            9.0
        ],
        "path_router_node_branches_avg": [
            2.0,
            2.0,
            2.0,
            [
                2.0,
                2.0,
                2.0,
                3.0,
                5.0,
                5.0
            ],
            2.7325842696629215
        ],
        "graph_max_wire_length": [
            769.5977230482671,
            742.3669508131856,
            801.2566601755448,
            [
                632.6548140318298,
                662.8739557475778,
                711.0662918600885,
                858.6041189629575,
                1015.1043225358021,
                1066.099547105724
            ],
            796.7440475644091
        ],
        "graph_avg_wire_length": [
            344.8080005248637,
            332.47774991878595,
            361.1666635205556,
            [
                295.22512831746747,
                298.963297307848,
                310.81714161981574,
                396.1907183480941,
                494.97460108333206,
                545.7936361923901
            ],
            368.8795456342217
        ],
        "graph_max_node_count": [
            43.0,
            41.5,
            45.0,
            [
                36.0,
                36.9,
                40.0,
                48.0,
                57.10000000000001,
                59.0
            ],
            44.62
        ],
        "graph_avg_node_count": [
            19.513548723293383,
            18.697894736842105,
            20.25829341312346,
            [
                16.6659131875017,
                16.876622881135642,
                17.547920265951603,
                21.846534653465344,
                27.390538552785085,
                30.212860699215458
            ],
            20.625698910544415
        ],