{
    "total_wire_length": 51597.86385810992,
    "total_jumper_length": 1297.0533483242066,
    "total_jumper_count": 59,
    "center_node_count": 108,
    "edge_node_count": 166,
    "total_node_count": 274,
    "reachable_node_count": [
        274.0,
        274.0,
        274.0,
        [
            274.0,
            274.0,
            274.0,
            274.0,
            274.0,
            274.0
        ],
        274.0
    ],
    "unreachable_node_count": [
        0.0,
        0.0,
        0.0,
        [
            0.0,
            0.0,
            0.0,
            0.0,
            0.0,
            0.0
        ],
        0.0
    ],
    "reachable_wire_length": [
        51597.863858109915,
        51597.863858109915,
        51597.863858109915,
        [
            51597.863858109915,
            51597.863858109915,
            51597.863858109915,
            51597.863858109915,
            51597.863858109915,
            51597.863858109915
        ],
        51597.86385810993
    ],
    "unreachable_wire_length": [
        0.0,
        0.0,
        0.0,
        [
            0.0,
            0.0,
            0.0,
            0.0,
            0.0,
            0.0
        ],
        0.0
    ],
    "reachable_jumper_length": [
        1297.0533483242064,
        1297.0533483242064,
        1297.0533483242064,
        [
            1297.0533483242064,
            1297.0533483242064,
            1297.0533483242064,
            1297.0533483242064,
            1297.0533483242064,
            1297.0533483242064
        ],
        1297.0533483242064
    ],
    "unreachable_jumper_length": [
        0.0,
        0.0,
        0.0,
        [
            0.0,
            0.0,
            0.0,
            0.0,
            0.0,
            0.0
        ],
        0.0
    ],
    "reachable_jumper_count": [
        59.0,
        59.0,
        59.0,
        [
            59.0,
            59.0,
            59.0,
            59.0,
            59.0,
            59.0
        ],
        59.0
    ],
    "unreachable_jumper_count": [
        0.0,
        0.0,
        0.0,
        [
            0.0,
            0.0,
            0.0,
            0.0,
            0.0,
            0.0
        ],
        0.0
    ],
    "shortest_path": {
        "percent_useful_node_count": [
            0.6131386861313869,
            0.6058394160583942,
            0.6240875912408759,
            [
                0.5802919708029197,
                0.583941605839416,
                0.5985401459854015,
                0.635036496350365,
                0.6459854014598541,
                0.6534671532846715
            ],
            0.6163138686131386
        ],
        "percent_useful_wire_length": 35.68540327934235,
        "percent_reachable_sensors": 0.97257,
        "percent_useful_jumper_count": [
            0.5423728813559322,
            0.5254237288135594,
            0.568008474576271,
            [
                0.4576271186440678,
                0.4745762711864407,
                0.5084745762711864,
                0.5932203389830508,
                0.6271186440677966,
                0.6440677966101694
            ],
            0.5501694915254238
        ],
        "percent_useful_jumper_length": [
            0.06779661016949153,
            0.06779661016949153,
            0.06779661016949153,
            [
                0.05084745762711865,
                0.05084745762711865,
                0.05084745762711865,
                0.0847457627118644,
                0.1016949152542373,
                0.1016949152542373
            ],
            0.06932203389830507
        ],
        "percent_unreachable_bc_short_jumper": 0.02743,
        "percent_multiroute_reached_nodes": [
            0.48502994011976047,
            0.4785276073619632,
            0.4939759036144578,
            [
                0.4443486590038314,
                0.45284479893652374,
                0.46851717902350815,
                0.509677703416696,
                0.5312368972746332,
                0.538356620093147
            ],
            0.4901600927622845
        ],
        "path_length_max": [
            2797.8398474683218,
            2780.043533332354,
            2797.8398474683218
        ],
        "path_length_avg": [
            939.0963547336922,
            935.8520356754641,
            942.2097663507873,
            [
                308.6271585963098,
                413.36549519885097,
                654.643994264274,
                1250.1789669473528,
                1585.3632031506716,
                1784.3688337633498
            ],
            975.794037709176
        ],
        "path_node_count_max": [
            23.0,
            23.0,
            23.0
        ],
        "path_node_count_avg": [
            8.0,
            8.0,
            8.0,
            [
                2.0,
                3.0,
                5.0,
                10.0,
                13.0,
                15.0
            ],
            7.9686911996051695
        ],
        "path_jumper_count_max": [
            5.0,
            5.0,
            5.0
        ],
        "path_jumper_count_avg": [
            1.0,
            1.0,
            1.0,
            [
                0.0,
                0.0,
                0.0,
                1.0,
                2.0,
                2.0
            ],
            1.027237114038064
        ],
        "path_sensor_jumper_length_max": [
            39.99878711308706,
            39.994264642510316,
            39.99878711308706
        ],
        "path_sensor_jumper_length_avg": [
            13.298289141939488,
            13.195614608257266,
            13.412468839206246,
            [
                1.17299247945669,
                2.362101161381373,
                6.113298124694131,
                22.636395022211865,
                30.64430692544466,
                34.32964079507631
            ],
            14.999079353128204
        ],
        "path_router_node_branches_max": [
            5.0,
            4.0,
            5.0
        ],
        "path_router_node_branches_avg": [
            2.0,
            2.0,
            3.0,
            [
                2.0,
                2.0,
                2.0,
                3.0,
                4.0,
                4.0
            ],
            2.7294117647058824
        ],
        "graph_max_wire_length": [
            1917.8831999402842,
            1849.9518787679697,
            2027.8797157379022,
            [
                1545.333125388001,
                1605.4378100203426,
                1750.9773293708458,
                2168.4929853582476,
                2567.2423505733327,
                2651.6687350083653
            ],
            1995.1991647187106
        ],
        "graph_avg_wire_length": [
            926.8655683888483,
            899.1980921650148,
            975.1675133683525,
            [
                786.5161418422207,
                803.6233824372682,
                832.70015290945,
                1070.0350226074584,
                1342.01275806648,
                1397.7533532716222
            ],
            989.979995066591
        ],
        "graph_max_node_count": [
            17.0,
            17.0,
            18.0,
            [
                14.95,
                15.0,
                16.0,
                20.0,
                23.0,
                23.0
            ],
            17.94
        ],
        "graph_avg_node_count": [
            8.17618778280543,
            7.930402930402931,
            8.800069495721669,
            [
                7.251098901098901,
                7.350162471773971,
                7.58934484949245,
                9.720588235294118,
                11.872188569524791,
                12.131658082587872
            ],
            8.908540892093145
        ],