{
    "total_wire_length": 67460.87356471119,
    "total_jumper_length": 6210.8160034545535,
    "total_jumper_count": 297,
    "center_node_count": 280,
    "edge_node_count": 362,
    "total_node_count": 642,
    "reachable_node_count": [
        642.0,
        642.0,
        642.0,
        [
            642.0,
            642.0,
            642.0,
            642.0,
            642.0,
            642.0
        ],
        642.0
    ],
    "unreachable_node_count": [
        0.0,
        0.0,
        0.0,
        [
            0.0,
            0.0,
            0.0,
            0.0,
            0.0,
            0.0
        ],
        0.0
    ],
    "reachable_wire_length": [
        67460.87356471119,
        67460.87356471119,
        67460.87356471119,
        [
            67460.87356471119,
            67460.87356471119,
            67460.87356471119,
            67460.87356471119,
            67460.87356471119,
            67460.87356471119
        ],
        67460.87356471118
    ],
    "unreachable_wire_length": [
        0.0,
        0.0,
        0.0,
        [
            0.0,
            0.0,
            0.0,
            0.0,
            0.0,
            0.0
        ],
        0.0
    ],
    "reachable_jumper_length": [
        6210.8160034545535,
        6210.8160034545535,
        6210.8160034545535,
        [
            6210.8160034545535,
            6210.8160034545535,
            6210.8160034545535,
            6210.8160034545535,
            6210.8160034545535,
            6210.8160034545535
        ],
        6210.816003454551
    ],
    "unreachable_jumper_length": [
        0.0,
        0.0,
        0.0,
        [
            0.0,
            0.0,
            0.0,
            0.0,
            0.0,
            0.0
        ],
        0.0
    ],
    "reachable_jumper_count": [
        297.0,
        297.0,
        297.0,
        [
            297.0,
            297.0,
            297.0,
            297.0,
            297.0,
            297.0
        ],
        297.0
    ],
    "unreachable_jumper_count": [
        0.0,
        0.0,
        0.0,
        [
            0.0,
            0.0,
            0.0,
            0.0,
            0.0,
            0.0
        ],
        0.0
    ],
    "shortest_path": {
        "percent_useful_node_count": [
            0.6791277258566978,
            0.6744548286604362,
            0.6822429906542056,
            [
                0.6542056074766355,
                0.660436137071651,
                0.6682242990654206,
                0.6900311526479751,
                0.6962616822429907,
                0.6993769470404985
            ],
            0.678271028037383
        ],
        "percent_useful_wire_length": 35.164201508708096,
        "percent_reachable_sensors": 1.0,
        "percent_useful_jumper_count": [
            0.37542087542087543,
            0.37037037037037035,
            0.3838383838383838,
            [
                0.32323232323232326,
                0.3400673400673401,
                0.35942760942760943,
                0.39730639730639733,
                0.41414141414141414,
                0.4208754208754209
            ],
            0.3762962962962962
        ],
        "percent_useful_jumper_length": [
            0.026936026936026935,
            0.026936026936026935,
            0.026936026936026935,
            [
                0.020202020202020204,
                0.020202020202020204,
                0.02356902356902357,
                0.030303030303030304,
                0.03367003367003367,
                0.03383838383838383
            ],
            0.027407407407407405
        ],
        "percent_unreachable_bc_short_jumper": 0.0,
        "percent_multiroute_reached_nodes": [
            0.5028605015673981,
            0.49486351475629126,
            0.5115217160454497,
            [
                0.4563214774281806,
                0.4640835579514825,
                0.48438639225823554,
                0.5235429575651067,
                0.5363446221893045,
                0.543026044164564
            ],
            0.5020453904937121
        ],
        "path_length_max": [
            1949.8516485709742,
            1935.249339222683,
            1949.8516485709742
        ],
        "path_length_avg": [
            638.171796222857,
            636.267184755793,
            640.3484824423751,
            [
                218.1581159144204,
                296.4023601542943,
                453.39409621216123,
                842.6513510551591,
                1041.429034336608,
                1161.681638239825
            ],
            658.2762186807789
        ],
        "path_node_count_max": [
            46.0,
            46.0,
            46.0
        ],
        "path_node_count_avg": [
            11.0,
            10.0,
            11.0,
            [
                3.0,
                4.0,
                7.0,
                15.0,
                19.0,
                22.0
            ],
            11.28226
        ],
        "path_jumper_count_max": [
            26.0,
            24.0,
            26.0
        ],
        "path_jumper_count_avg": [
            1.0,
            1.0,
            1.0,
            [
                0.0,
                0.0,
                1.0,
                3.0,
                5.0,
                8.0
            ],
            2.22125
        ],
        "path_sensor_jumper_length_max": [
            39.32198674798498,
            36.21576358218517,
            39.32198674798498
        ],
        "path_sensor_jumper_length_avg": [
            6.810740003897736,
            6.762319487558137,
            6.858528042084294,
            [
                0.5840531567361325,
                1.1755587755247188,
                3.1037211909662785,
                11.663094689250949,
                16.02468154317106,
                18.213814606211596
            ],
            7.78634555189028
        ],
        "path_router_node_branches_max": [
            5.0,
            4.0,
            5.0
        ],
        "path_router_node_branches_avg": [
            2.0,
            2.0,
            2.0,
            [
                2.0,
                2.0,
                2.0,
                3.0,
                3.0,
                4.0
            ],
            2.45021645021645
        ],
        "graph_max_wire_length": [
            1290.4737209253058,
            1241.021931327872,
            1342.9948199098735,
            [
                1073.5930356905094,
                1104.7843959485356,
                1187.7967550150554,
                1412.856909051828,
                1560.7315537873274,
                1689.854538547994
            ],
            1319.0940860801354
        ],
        "graph_avg_wire_length": [
            609.9597805171138,
            600.0036181409287,
            636.326821999513,
            [
                525.0550878397794,
                536.0759029511295,
                570.2446342837984,
                683.0423349085745,
                793.9377556486816,
                842.483421170899
            ],
            645.4082230546186
        ],
        "graph_max_node_count": [
            30.0,
            29.0,
            31.0,
            [
                25.0,
                27.0,
                28.0,
                32.25,
                36.10000000000001,
                40.05
            ],
            31.04
        ],
        "graph_avg_node_count": [
            11.323274629000537,
            10.999136442141623,
            11.911352014329093,
            [
                9.68085150254608,
                9.748306118618618,
                10.248985738873863,
                12.80893736805067,
                14.68171031096563,
                15.986461943768164
            ],
            11.925180183876126
        ],