{
    "total_wire_length": 13087.027427286566,
    "total_jumper_length": 980.8176529884623,
    "total_jumper_count": 11,
    "center_node_count": 54,
    "edge_node_count": 42,
    "total_node_count": 96,
    "reachable_node_count": [
        96.0,
        96.0,
        96.0,
        [
            96.0,
            96.0,
            96.0,
            96.0,
            96.0,
            96.0
        ],
        96.0
    ],
    "unreachable_node_count": [
        0.0,
        0.0,
        0.0,
        [
            0.0,
            0.0,
            0.0,
            0.0,
            0.0,
            0.0
        ],
        0.0
    ],
    "reachable_wire_length": [
        13087.027427286564,
        13087.027427286564,
        13087.027427286564,
        [
            13087.027427286564,
            13087.027427286564,
            13087.027427286564,
            13087.027427286564,
            13087.027427286564,
            13087.027427286564
        ],
        13087.027427286566
    ],
    "unreachable_wire_length": [
        0.0,
        0.0,
        0.0,
        [
            0.0,
            0.0,
            0.0,
            0.0,
            0.0,
            0.0
        ],
        0.0
    ],
    "reachable_jumper_length": [
        980.8176529884622,
        980.8176529884622,
        980.8176529884622,
        [
            980.8176529884622,
            980.8176529884622,
            980.8176529884622,
            980.8176529884622,
            980.8176529884622,
            980.8176529884622
        ],
        980.8176529884623
    ],
    "unreachable_jumper_length": [
        0.0,
        0.0,
        0.0,
        [
            0.0,
            0.0,
            0.0,
            0.0,
            0.0,
            0.0
        ],
        0.0
    ],
    "reachable_jumper_count": [
        11.0,
        11.0,
        11.0,
        [
            11.0,
            11.0,
            11.0,
            11.0,
            11.0,
            11.0
        ],
        11.0
    ],
    "unreachable_jumper_count": [
        0.0,
        0.0,
        0.0,
        [
            0.0,
            0.0,
            0.0,
            0.0,
            0.0,
            0.0
        ],
        0.0
    ],
    "shortest_path": {
        "percent_useful_node_count": [
            0.7604166666666666,
            0.75,
            0.7708333333333334,
            [
                0.7182291666666667,
                0.7291666666666666,
                0.75,
                0.78125,
                0.7916666666666666,
                0.8020833333333334
            ],
            0.760625
        ],
        "percent_useful_wire_length": 72.41297891495874,
        "percent_reachable_sensors": 1.0,
        "percent_useful_jumper_count": [
            0.8181818181818182,
            0.8181818181818182,
            0.8181818181818182,
            [
                0.6363636363636364,
                0.7272727272727273,
                0.7954545454545455,
                0.9090909090909091,
                0.9090909090909091,
                1.0
            ],
            0.8318181818181819
        ],
        "percent_useful_jumper_length": [
            0.36363636363636365,
            0.36363636363636365,
            0.36363636363636365,
            [
                0.2727272727272727,
                0.2727272727272727,
                0.34090909090909094,
                0.36363636363636365,
                0.45454545454545453,
                0.5454545454545454
            ],
            0.3681818181818183
        ],
        "percent_unreachable_bc_short_jumper": 0.0,
        "percent_multiroute_reached_nodes": [
            0.4189189189189189,
            0.40665007112375534,
            0.4246575342465753,
            [
                0.35526315789473684,
                0.37145748987854255,
                0.3888888888888889,
                0.4387671232876712,
                0.4653686826843414,
                0.4852941176470588
            ],
            0.4157454077371645
        ],
        "path_length_max": [
            2197.7267713150336,
            2162.1797751980366,
            2197.7267713150336
        ],
        "path_length_avg": [
            951.9163645617317,
            948.4251526465349,
            954.9357300527466,
            [
                314.27353604174226,
                438.84110003082594,
                675.8353968721867,
                1209.1645371517002,
                1437.6906684660908,
                1571.3926818523166
            ],
            946.5309424985556
        ],
        "path_node_count_max": [
            15.0,
            15.0,
            15.0
        ],
        "path_node_count_avg": [
            7.0,
            7.0,
            7.0,
            [
                2.0,
                2.0,
                4.0,
                9.0,
                10.0,
                11.0
            ],
            6.49836
        ],
        "path_jumper_count_max": [
            2.0,
            2.0,
            2.0
        ],
        "path_jumper_count_avg": [
            1.0,
            1.0,
            1.0,
            [
                0.0,
                0.0,
                0.0,
                1.0,
                1.0,
                2.0
            ],
            0.71977
        ],
        "path_sensor_jumper_length_max": [
            155.19106756443023,
            152.9438608596236,
            155.19106756443023
        ],
        "path_sensor_jumper_length_avg": [
            41.546998280073396,
            41.22472778882364,
            41.87632170911525,
            [
                3.4984413778376053,
                7.043148751141599,
                18.747845229022154,
                70.99858999782342,
                97.353814148956,
                110.60155151842586
            ],
            47.281521277626766
        ],
        "path_router_node_branches_max": [
            2.0,
            2.0,
            2.0
        ],
        "path_router_node_branches_avg": [
            2.0,
            2.0,
            2.0,
            [
                2.0,
                2.0,
                2.0,
                2.0,
                2.0,
                2.0
            ],
            2.0
        ],
        "graph_max_wire_length": [
            1644.3585375368248,
            1605.8230747377918,
            1697.1451556137733,
            [
                1420.0034050843558,
                1438.4374826140756,
                1542.1249554923666,
                1778.2967414559096,
                1900.6113221771236,
                2058.7047240281013
            ],
            1668.5911665929252
        ],
        "graph_avg_wire_length": [
            905.7786589051354,
            884.3713487828784,
            938.1401032759912,
            [
                769.8151757735363,
                790.6126783919642,
                837.456207712117,
                1017.9453139491229,
                1122.65862730687,
                1235.5550478286275
            ],
            942.2895543821201
        ],
        "graph_max_node_count": [
            12.0,
            12.0,
            13.0,
            [
                11.0,
                11.0,
                12.0,
                14.0,
                16.0,
                16.0
            ],
            13.05
        ],
        "graph_avg_node_count": [
            6.9787234042553195,
            6.888360507246377,
            7.375,
            [
                6.385416666666667,
                6.436458333333333,
                6.5703125,
                7.859122983870968,
                8.938541666666673,
                9.822916666666666
            ],
            7.406988836972025
        ],