{
    "total_wire_length": 110317.83097047245,
    "total_jumper_length": 127955.32341586803,
    "total_jumper_count": 1707,
    "center_node_count": 3677,
    "edge_node_count": 431,
    "total_node_count": 4108,
    "reachable_node_count": [
        4108.0,
        4108.0,
        4108.0,
        [
            4108.0,
            4108.0,
            4108.0,
            4108.0,
            4108.0,
            4108.0
        ],
        4108.0
    ],
    "unreachable_node_count": [
        0.0,
        0.0,
        0.0,
        [
            0.0,
            0.0,
            0.0,
            0.0,
            0.0,
            0.0
        ],
        0.0
    ],
    "reachable_wire_length": [
        110317.83097047253,
        110317.83097047253,
        110317.83097047253,
        [
            110317.83097047253,
            110317.83097047253,
            110317.83097047253,
            110317.83097047253,
            110317.83097047253,
            110317.83097047253
        ],
        110317.83097047247
    ],
    "unreachable_wire_length": [
        0.0,
        0.0,
        0.0,
        [
            0.0,
            0.0,
            0.0,
            0.0,
            0.0,
            0.0
        ],
        0.0
    ],
    "reachable_jumper_length": [
        127955.32341586796,
        127955.32341586796,
        127955.32341586796,
        [
            127955.32341586796,
            127955.32341586796,
            127955.32341586796,
            127955.32341586796,
            127955.32341586796,
            127955.32341586796
        ],
        127955.32341586797
    ],
    "unreachable_jumper_length": [
        0.0,
        0.0,
        0.0,
        [
            0.0,
            0.0,
            0.0,
            0.0,
            0.0,
            0.0
        ],
        0.0
    ],
    "reachable_jumper_count": [
        1707.0,
        1707.0,
        1707.0,
        [
            1707.0,
            1707.0,
            1707.0,
            1707.0,
            1707.0,
            1707.0
        ],
        1707.0
    ],
    "unreachable_jumper_count": [
        0.0,
        0.0,
        0.0,
        [
            0.0,
            0.0,
            0.0,
            0.0,
            0.0,
            0.0
        ],
        0.0
    ],
    "shortest_path": {
        "percent_useful_node_count": [
            0.7523125608568646,
            0.7480525803310614,
            0.7568159688412853,
            [
                0.7202166504381694,
                0.7287974683544304,
                0.7406888997078871,
                0.7673442064264848,
                0.7753164556962026,
                0.7765701071080817
            ],
            0.7520983446932813
        ],
        "percent_useful_wire_length": 59.577149828550375,
        "percent_reachable_sensors": 1.0,
        "percent_useful_jumper_count": [
            0.08787346221441125,
            0.08582308142940831,
            0.08963093145869946,
            [
                0.07557117750439367,
                0.07838312829525483,
                0.08201523140011717,
                0.09373169302870533,
                0.0984182776801406,
                0.09958992384299942
            ],
            0.08799648506151142
        ],
        "percent_useful_jumper_length": [
            0.0023432923257176333,
            0.0023432923257176333,
            0.0029291154071470417,
            [
                0.0017574692442882249,
                0.0017574692442882249,
                0.0023432923257176333,
                0.0029291154071470417,
                0.0035149384885764497,
                0.0035149384885764497
            ],
            0.0025424721734036326
        ],
        "percent_unreachable_bc_short_jumper": 0.0,
        "percent_multiroute_reached_nodes": [
            0.14949586860164493,
            0.13701765860039242,
            0.15782441036678324,
            [
                0.08899421588749284,
                0.0975064892926671,
                0.1261663251939677,
                0.17007954203820078,
                0.18250401205092104,
                0.19334802748589952
            ],
            0.14540284805755468
        ],
        "path_length_max": [
            2454.705707676493,
            2435.3522012704666,
            2454.705707676493
        ],
        "path_length_avg": [
            800.7278079202019,
            798.0968713105937,
            803.2932803858236,
            [
                240.71719932875368,
                337.75140351232216,
                545.9155424417779,
                1073.6399084065283,
                1362.9644299692009,
                1548.2978585975154
            ],
            832.2915234780935
        ],
        "path_node_count_max": [
            123.0,
            120.0,
            123.0
        ],
        "path_node_count_avg": [
            36.0,
            35.0,
            36.0,
            [
                11.0,
                16.0,
                24.0,
                47.0,
                59.0,
                67.04999999998836
            ],
            36.7191
        ],
        "path_jumper_count_max": [
            19.0,
            17.0,
            19.0
        ],
        "path_jumper_count_avg": [
            1.0,
            1.0,
            1.0,
            [
                0.0,
                0.0,
                1.0,
                5.0,
                8.0,
                9.0
            ],
            2.93026
        ],
        "path_sensor_jumper_length_max": [
            22.99443419909924,
            20.294441665350057,
            22.99443419909924
        ],
        "path_sensor_jumper_length_avg": [
            5.073034737456766,
            5.033293549052578,
            5.11393329766442,
            [
                0.44424999108508384,
                0.887655175909872,
                2.317407079792509,
                8.69316667628939,
                11.894446103536138,
                13.483149359897366
            ],
            5.787945795816541
        ],
        "path_router_node_branches_max": [
            15.0,
            11.0,
            15.0
        ],
        "path_router_node_branches_avg": [
            2.0,
            2.0,
            2.0,
            [
                2.0,
                2.0,
                2.0,
                2.0,
                5.0,
                7.0
            ],
            2.7111553784860556
        ],
        "graph_max_wire_length": [
            1681.311913368188,
            1598.1905338475967,
            1763.7645718649894,
            [
                1362.4965857117834,
                1379.120356388534,
                1470.8812968926227,
                1877.3451546309764,
                2256.7425172764997,
                2381.1851216639434
            ],
            1731.187816452045
        ],
        "graph_avg_wire_length": [
            771.8747019578382,
            732.1353697593977,
            804.875319640632,
            [
                673.7078626896734,
                676.7630115388034,
                692.5746238020851,
                907.645540844512,
                1119.422608641759,
                1235.1666999447298
            ],
            830.6237008116525
        ],
        "graph_max_node_count": [
            75.5,
            72.5,
            82.0,
            [
                59.95,
                61.9,
                68.75,
                91.25,
                105.10000000000001,
                112.05
            ],
            80.94
        ],
        "graph_avg_node_count": [
            34.45547485384965,
            33.73527236874538,
            35.803113309526296,
            [
                31.884625089283617,
                32.094117716375955,
                32.55571163325103,
                39.03866793656684,
                45.26883046629882,
                47.633495837382455
            ],
            36.90112186665339
        ],