{
    "total_wire_length": 5148.153742191734,
    "total_jumper_length": 4.965266628823347,
    "total_jumper_count": 1,
    "center_node_count": 22,
    "edge_node_count": 28,
    "total_node_count": 50,
    "reachable_node_count": [
        24.0,
        20.0,
        24.0,
        [
            6.0,
            6.0,
            20.0,
            24.0,
            24.0,
            24.0
        ],
        20.5
    ],
    "unreachable_node_count": [
        26.0,
        26.0,
        30.0,
        [
            26.0,
            26.0,
            26.0,
            30.0,
            44.0,
            44.0
        ],
        29.5
    ],
    "reachable_wire_length": [
        2589.9073392794758,
        2061.520888339557,
        2589.9073392794758,
        [
            496.72551457270083,
            496.72551457270083,
            2061.520888339557,
            2589.9073392794758,
            2589.9073392794758,
            2589.9073392794758
        ],
        2158.8704872045614
    ],
    "unreachable_wire_length": [
        2558.246402912258,
        2558.246402912258,
        3086.632853852177,
        [
            2558.246402912258,
            2558.246402912258,
            2558.246402912258,
            3086.632853852177,
            4651.428227619032,
            4651.428227619032
        ],
        2989.283254987172
    ],
    "reachable_jumper_length": [
        4.965266628823347,
        0.0,
        4.965266628823347,
        [
            0.0,
            0.0,
            0.0,
            4.965266628823347,
            4.965266628823347,
            4.965266628823347
        ],
        2.532285980699907
    ],
    "unreachable_jumper_length": [
        0.0,
        0.0,
        4.965266628823347,
        [
            0.0,
            0.0,
            0.0,
            4.965266628823347,
            4.965266628823347,
            4.965266628823347
        ],
        2.43298064812344
    ],
    "reachable_jumper_count": [
        1.0,
        0.0,
        1.0,
        [
            0.0,
            0.0,
            0.0,
            1.0,
            1.0,
            1.0
        ],
        0.51
    ],
    "unreachable_jumper_count": [
        0.0,
        0.0,
        1.0,
        [
            0.0,
            0.0,
            0.0,
            1.0,
            1.0,
            1.0
        ],
        0.49
    ],
    "shortest_path": {
        "percent_useful_node_count": [
            0.22,
            0.2,
            0.24,
            [
                0.04,
                0.06,
                0.18,
                0.24,
                0.26,
                0.26
            ],
            0.20079999999999998
        ],
        "percent_useful_wire_length": 27.224922597952453,
        "percent_reachable_sensors": 0.06208,
        "percent_useful_jumper_count": [
            1.0,
            0.0,
            1.0,
            [
                0.0,
                0.0,
                0.0,
                1.0,
                1.0,
                1.0
            ],
            0.51
        ],
        "percent_useful_jumper_length": [
            1.0,
            0.0,
            1.0,
            [
                0.0,
                0.0,
                0.0,
                1.0,
                1.0,
                1.0
            ],
            0.51
        ],
        "percent_unreachable_bc_short_jumper": 0.85282,
        "percent_multiroute_reached_nodes": [
            0.8,
            0.7777777777777778,
            0.8181818181818182,
            [
                0.6666666666666666,
                0.7,
                0.7692307692307693,
                0.8333333333333334,
                0.8333333333333334,
                1.0
            ],
            0.7974546009546009
        ],
        "path_length_max": [
            1529.027321791982,
            1466.4965910946162,
            1529.027321791982
        ],
        "path_length_avg": [
            443.8973734637774,
            435.1374058979951,
            453.8875265219039,
            [
                128.61159443808788,
                167.10440895978806,
                259.93165002002155,
                639.1916662344722,
                891.3235203052188,
                1056.3804201669288
            ],
            486.0268867858072
        ],
        "path_node_count_max": [
            10.0,
            10.0,
            10.0
        ],
        "path_node_count_avg": [
            3.0,
            2.0,
            3.0,
            [
                1.0,
                1.0,
                1.0,
                4.0,
                6.0,
                8.0
            ],
            2.9967783505154637
        ],
        "path_jumper_count_max": [
            1.0,
            1.0,
            1.0
        ],
        "path_jumper_count_avg": [
            0.0,
            0.0,
            0.0,
            [
                0.0,
                0.0,
                0.0,
                0.0,
                1.0,
                1.0
            ],
            0.15093427835051546
        ],
        "path_sensor_jumper_length_max": [
            9.999095738239346,
            9.996262723932542,
            9.999095738239346
        ],
        "path_sensor_jumper_length_avg": [
            4.9282110566532005,
            4.802745970122735,
            5.040622755266869,
            [
                0.4510502647525858,
                1.0110748053730174,
                2.4619516566490014,
                7.470551106726275,
                8.97390312167231,
                9.487514438345464
            ],
            4.96456022453336
        ],
        "path_router_node_branches_max": [
            2.0,
            2.0,
            2.0
        ],
        "path_router_node_branches_avg": [
            2.0,
            2.0,
            2.0,
            [
                2.0,
                2.0,
                2.0,
                2.0,
                2.0,
                2.0
            ],
            2.0
        ],
        "graph_max_wire_length": [
            892.6450284161639,
            806.7418420648933,
            963.661444903689,
            [
                338.71346190382604,
                460.68561397614104,
                708.3443983534216,
                1143.7192133436902,
                1309.486634111901,
                1436.6761016082733
            ],
            909.8171798637866
        ],
        "graph_avg_wire_length": [
            492.0156470849321,
            475.9077869737267,
            544.2391424614224,
            [
                217.32338604729688,
                327.27005640493167,
                403.2806200002464,
                610.5817880681742,
                704.8290249981065,
                777.4969771072083
            ],
            509.3677509967718
        ],
        "graph_max_node_count": [
            6.0,
            6.0,
            7.0,
            [
                3.0,
                3.0,
                5.0,
                9.0,
                10.0,
                11.0
            ],
            6.9
        ],
        "graph_avg_node_count": [
            3.875,
            3.45,
            4.083333333333334,
            [
                2.0,
                2.0,
                3.1,
                4.458333333333333,
                5.541666666666667,
                5.541666666666667
            ],
            3.8667500000000006
        ],
        "graph_max_jumper_count": [
            1.0,
            0.0,
            1.0,
            [
                0.0,
                0.0,
                0.0,
                1.0,
                1.0,
                1.0
            ],
            0.51
        ],
        "graph_avg_jumper_count": [
            0.25,
            0.0,
            0.25,
            [
                0.0,
                0.0,
                0.0,
                0.25,
                0.25,
                0.75
            ],
            0.1575
        ]
    },