{
    "total_wire_length": 54183.8064079939,
    "total_jumper_length": 17427.19984705209,
    "total_jumper_count": 460,
    "center_node_count": 1803,
    "edge_node_count": 275,
    "total_node_count": 2078,
    "reachable_node_count": [
        2078.0,
        2078.0,
        2078.0,
        [
            2078.0,
            2078.0,
            2078.0,
            2078.0,
            2078.0,
            2078.0
        ],
        2078.0
    ],
    "unreachable_node_count": [
        0.0,
        0.0,
        0.0,
        [
            0.0,
            0.0,
            0.0,
            0.0,
            0.0,
            0.0
        ],
        0.0
    ],
    "reachable_wire_length": [
        54183.8064079939,
        54183.8064079939,
        54183.8064079939,
        [
            54183.8064079939,
            54183.8064079939,
            54183.8064079939,
            54183.8064079939,
            54183.8064079939,
            54183.8064079939
        ],
        54183.80640799389
    ],
    "unreachable_wire_length": [
        0.0,
        0.0,
        0.0,
        [
            0.0,
            0.0,
            0.0,
            0.0,
            0.0,
            0.0
        ],
        0.0
    ],
    "reachable_jumper_length": [
        17427.199847052092,
        17427.199847052092,
        17427.199847052092,
        [
            17427.199847052092,
            17427.199847052092,
            17427.199847052092,
            17427.199847052092,
            17427.199847052092,
            17427.199847052092
        ],
        17427.199847052096
    ],
    "unreachable_jumper_length": [
        0.0,
        0.0,
        0.0,
        [
            0.0,
            0.0,
            0.0,
            0.0,
            0.0,
            0.0
        ],
        0.0
    ],
    "reachable_jumper_count": [
        460.0,
        460.0,
        460.0,
        [
            460.0,
            460.0,
            460.0,
            460.0,
            460.0,
            460.0
        ],
        460.0
    ],
    "unreachable_jumper_count": [
        0.0,
        0.0,
        0.0,
        [
            0.0,
            0.0,
            0.0,
            0.0,
            0.0,
            0.0
        ],
        0.0
    ],
    "shortest_path": {
        "percent_useful_node_count": [
            0.8106352261790183,
            0.8075072184793071,
            0.8176130895091434,
            [
                0.7948989412897016,
                0.7982675649663138,
                0.8029355149181906,
                0.8229066410009624,
                0.8297882579403272,
                0.835009624639076
            ],
            0.8131713185755536
        ],
        "percent_useful_wire_length": 61.512172651629726,
        "percent_reachable_sensors": 1.0,
        "percent_useful_jumper_count": [
            0.18043478260869567,
            0.1782608695652174,
            0.18478260869565216,
            [
                0.16076086956521737,
                0.16717391304347826,
                0.17173913043478262,
                0.1891304347826087,
                0.2023913043478261,
                0.2108695652173913
            ],
            0.18258695652173912
        ],
        "percent_useful_jumper_length": [
            0.010869565217391304,
            0.008695652173913044,
            0.010869565217391304,
            [
                0.006521739130434782,
                0.006521739130434782,
                0.008695652173913044,
                0.010869565217391304,
                0.013043478260869565,
                0.013043478260869565
            ],
            0.01
        ],
        "percent_unreachable_bc_short_jumper": 0.0,
        "percent_multiroute_reached_nodes": [
            0.1868080881771465,
            0.18327744758674863,
            0.19412690314110123,
            [
                0.15057630604689426,
                0.15917267410936856,
                0.17318556808688387,
                0.20205342902711323,
                0.21260036496350365,
                0.2166012954558511
            ],
            0.18671078052500664
        ],
        "path_length_max": [
            1211.5267230620702,
            1188.3062084190894,
            1211.5267230620702
        ],
        "path_length_avg": [
            549.4764863499779,
            547.5347561053592,
            551.3313473825934,
            [
                173.30322564720638,
                240.4856572308649,
                376.54600755239244,
                703.9281356602172,
                830.957096083992,
                901.9460877141399
            ],
            542.6046188071554
        ],
        "path_node_count_max": [
            63.0,
            62.0,
            63.0
        ],
        "path_node_count_avg": [
            27.0,
            27.0,
            27.0,
            [
                8.0,
                12.0,
                19.0,
                35.0,
                42.0,
                46.0
            ],
            27.0273
        ],
        "path_jumper_count_max": [
            17.0,
            16.0,
            17.0
        ],
        "path_jumper_count_avg": [
            1.0,
            1.0,
            1.0,
            [
                0.0,
                0.0,
                0.0,
                2.0,
                3.0,
                5.0
            ],
            1.47478
        ],
        "path_sensor_jumper_length_max": [
            19.57190540943426,
            18.17685986839654,
            19.57190540943426
        ],
        "path_sensor_jumper_length_avg": [
            5.116763062032046,
            5.079426552950193,
            5.1569174976404,
            [
                0.43814171185791473,
                0.8857849095440691,
                2.3363857983939256,
                8.68993767587988,
                11.861262789777998,
                13.476043702479293
            ],
            5.802501791835839
        ],
        "path_router_node_branches_max": [
            5.0,
            5.0,
            5.0
        ],
        "path_router_node_branches_avg": [
            2.0,
            2.0,
            2.0,
            [
                2.0,
                2.0,
                2.0,
                2.0,
                3.0,
                4.0
            ],
            2.2743682310469313
        ],
        "graph_max_wire_length": [
            1006.0661237109163,
            987.7961616802429,
            1040.723355773833,
            [
                863.514668521094,
                885.0515346223173,
                933.516878307611,
                1086.0329836534238,
                1148.896977298881,
                1174.328708600243
            ],
            1013.9322488163826
        ],
        "graph_avg_wire_length": [
            529.7505669839611,
            510.1142501205455,
            546.9379332053566,
            [
                471.168096635682,
                474.33407183240934,
                487.0349771083954,
                574.361804440314,
                635.6490122425901,
                646.7470854354938
            ],
            539.9887842310936
        ],
        "graph_max_node_count": [
            53.0,
            51.0,
            55.0,
            [
                45.0,
                46.0,
                49.0,
                57.25,
                61.0,
                63.0
            ],
            53.4
        ],
        "graph_avg_node_count": [
            27.018887449615377,
            26.34175079923429,
            27.76442386576205,
            [
                24.257104714384614,
                24.51665260028281,
                25.123928944618598,
                29.220011437372158,
                31.761934552454285,
                32.77754376384092
            ],
            27.570941343799227
        ],