{
    "total_wire_length": 63382.883169454915,
    "total_jumper_length": 5009.729507128152,
    "total_jumper_count": 255,
    "center_node_count": 2111,
    "edge_node_count": 291,
    "total_node_count": 2402,
    "reachable_node_count": [
        2402.0,
        2402.0,
        2402.0,
        [
            2402.0,
            2402.0,
            2402.0,
            2402.0,
            2402.0,
            2402.0
        ],
        2402.0
    ],
    "unreachable_node_count": [
        0.0,
        0.0,
        0.0,
        [
            0.0,
            0.0,
            0.0,
            0.0,
            0.0,
            0.0
        ],
        0.0
    ],
    "reachable_wire_length": [
        63382.883169454886,
        63382.883169454886,
        63382.883169454886,
        [
            63382.883169454886,
            63382.883169454886,
            63382.883169454886,
            63382.883169454886,
            63382.883169454886,
            63382.883169454886
        ],
        63382.883169454864
    ],
    "unreachable_wire_length": [
        0.0,
        0.0,
        0.0,
        [
            0.0,
            0.0,
            0.0,
            0.0,
            0.0,
            0.0
        ],
        0.0
    ],
    "reachable_jumper_length": [
        5009.7295071281505,
        5009.7295071281505,
        5009.7295071281505,
        [
            5009.7295071281505,
            5009.7295071281505,
            5009.7295071281505,
            5009.7295071281505,
            5009.7295071281505,
            5009.7295071281505
        ],
        5009.729507128149
    ],
    "unreachable_jumper_length": [
        0.0,
        0.0,
        0.0,
        [
            0.0,
            0.0,
            0.0,
            0.0,
            0.0,
            0.0
        ],
        0.0
    ],
    "reachable_jumper_count": [
        255.0,
        255.0,
        255.0,
        [
            255.0,
            255.0,
            255.0,
            255.0,
            255.0,
            255.0
        ],
        255.0
    ],
    "unreachable_jumper_count": [
        0.0,
        0.0,
        0.0,
        [
            0.0,
            0.0,
            0.0,
            0.0,
            0.0,
            0.0
        ],
        0.0
    ],
    "shortest_path": {
        "percent_useful_node_count": [
            0.8059950041631974,
            0.8020399666944213,
            0.8103663613655288,
            [
                0.7822647793505412,
                0.7855953372189842,
                0.79496253122398,
                0.8165070774354704,
                0.8251873438800998,
                0.8277060782681099
            ],
            0.8056078268109909
        ],
        "percent_useful_wire_length": 59.00460773638678,
        "percent_reachable_sensors": 1.0,
        "percent_useful_jumper_count": [
            0.38823529411764707,
            0.3843137254901961,
            0.396078431372549,
            [
                0.34901960784313724,
                0.35294117647058826,
                0.36764705882352944,
                0.40784313725490196,
                0.423921568627451,
                0.43941176470588234
            ],
            0.38976470588235296
        ],
        "percent_useful_jumper_length": [
            0.0196078431372549,
            0.0196078431372549,
            0.0196078431372549,
            [
                0.011764705882352941,
                0.01568627450980392,
                0.01568627450980392,
                0.0196078431372549,
                0.023529411764705882,
                0.023529411764705882
            ],
            0.018470588235294114
        ],
        "percent_unreachable_bc_short_jumper": 0.0,
        "percent_multiroute_reached_nodes": [
            0.1559416446194814,
            0.1517948717948718,
            0.15825969485060393,
            [
                0.1306700538426087,
                0.13454486612977506,
                0.1462594172923495,
                0.1653971124666646,
                0.17723979711668592,
                0.18463840841433193
            ],
            0.15625477412405286
        ],
        "path_length_max": [
            1265.323930852409,
            1231.7976434203763,
            1265.323930852409
        ],
        "path_length_avg": [
            581.2783064914071,
            579.4122015017014,
            583.470399993289,
            [
                181.44351078672503,
                253.4611164521819,
                397.91214887881074,
                740.2821344116089,
                867.6534106098446,
                939.920629287489
            ],
            570.7023641054768
        ],
        "path_node_count_max": [
            65.0,
            64.0,
            65.0
        ],
        "path_node_count_avg": [
            30.0,
            30.0,
            30.0,
            [
                9.0,
                13.0,
                20.0,
                38.0,
                45.0,
                48.0
            ],
            29.12044
        ],
        "path_jumper_count_max": [
            34.0,
            32.0,
            34.0
        ],
        "path_jumper_count_avg": [
            1.0,
            1.0,
            1.0,
            [
                0.0,
                0.0,
                0.0,
                2.0,
                6.0,
                10.0
            ],
            2.22469
        ],
        "path_sensor_jumper_length_max": [
            19.98457568548618,
            17.921008170777057,
            19.98457568548618
        ],
        "path_sensor_jumper_length_avg": [
            5.1069969471518455,
            5.06816172638354,
            5.145912146895871,
            [
                0.44808856158168175,
                0.8995064459464536,
                2.323815089052999,
                8.74456904414096,
                11.930767495078607,
                13.543962747805146
            ],
            5.813414755089621
        ],
        "path_router_node_branches_max": [
            4.0,
            3.0,
            4.0
        ],
        "path_router_node_branches_avg": [
            2.0,
            2.0,
            2.0,
            [
                2.0,
                2.0,
                2.0,
                2.0,
                2.0,
                3.0
            ],
            2.0617647058823527
        ],
        "graph_max_wire_length": [
            1057.770309269106,
            1024.5712604471607,
            1091.0098207986048,
            [
                872.4886665047809,
                911.5390717599286,
                983.0182519825257,
                1135.5546370936918,
                1185.4718472855095,
                1195.3586506994818
            ],
            1055.0018364618793
        ],
        "graph_avg_wire_length": [
            558.238648575654,
            542.1101884611704,
            578.6804396651277,
            [
                506.67367958208166,
                510.6979403203868,
                521.3419765845908,
                603.4909230059641,
                645.551718340178,
                669.5154727909206
            ],
            568.2723890589153
        ],
        "graph_max_node_count": [
            56.0,
            54.0,
            58.0,
            [
                46.0,
                48.9,
                52.0,
                60.0,
                63.0,
                63.099999999999994
            ],
            55.75
        ],
        "graph_avg_node_count": [
            29.259405701754385,
            28.486677768526228,
            30.378523930228496,
            [
                26.592682576123185,
                26.906166589934887,
                27.40997085761865,
                31.25711635080591,
                33.76451942825423,
                35.11973355537052
            ],
            29.788285336768954
        ],