{
    "total_wire_length": 16099.801684271935,
    "total_jumper_length": 268.70636291072157,
    "total_jumper_count": 26,
    "center_node_count": 266,
    "edge_node_count": 100,
    "total_node_count": 366,
    "reachable_node_count": [
        366.0,
        366.0,
        366.0,
        [
            366.0,
            366.0,
            366.0,
            366.0,
            366.0,
            366.0
        ],
        366.0
    ],
    "unreachable_node_count": [
        0.0,
        0.0,
        0.0,
        [
            0.0,
            0.0,
            0.0,
            0.0,
            0.0,
            0.0
        ],
        0.0
    ],
    "reachable_wire_length": [
        16099.801684271935,
        16099.801684271935,
        16099.801684271935,
        [
            16099.801684271935,
            16099.801684271935,
            16099.801684271935,
            16099.801684271935,
            16099.801684271935,
            16099.801684271935
        ],
        16099.801684271935
    ],
    "unreachable_wire_length": [
        0.0,
        0.0,
        0.0,
        [
            0.0,
            0.0,
            0.0,
            0.0,
            0.0,
            0.0
        ],
        0.0
    ],
    "reachable_jumper_length": [
        268.70636291072157,
        268.70636291072157,
        268.70636291072157,
        [
            268.70636291072157,
            268.70636291072157,
            268.70636291072157,
            268.70636291072157,
            268.70636291072157,
            268.70636291072157
        ],
        268.70636291072157
    ],
    "unreachable_jumper_length": [
        0.0,
        0.0,
        0.0,
        [
            0.0,
            0.0,
            0.0,
            0.0,
            0.0,
            0.0
        ],
        0.0
    ],
    "reachable_jumper_count": [
        26.0,
        26.0,
        26.0,
        [
            26.0,
            26.0,
            26.0,
            26.0,
            26.0,
            26.0
        ],
        26.0
    ],
    "unreachable_jumper_count": [
        0.0,
        0.0,
        0.0,
        [
            0.0,
            0.0,
            0.0,
            0.0,
            0.0,
            0.0
        ],
        0.0
    ],
    "shortest_path": {
        "percent_useful_node_count": [
            0.8060109289617486,
            0.8005464480874317,
            0.8087431693989071,
            [
                0.7650273224043715,
                0.7811475409836065,
                0.7923497267759563,
                0.8142076502732241,
                0.819672131147541,
                0.8198087431693989
            ],
            0.8018852459016393
        ],
        "percent_useful_wire_length": 64.84913186063464,
        "percent_reachable_sensors": 0.81393,
        "percent_useful_jumper_count": [
            0.7692307692307693,
            0.7307692307692307,
            0.7692307692307693,
            [
                0.5769230769230769,
                0.6153846153846154,
                0.6923076923076923,
                0.8076923076923077,
                0.8461538461538461,
                0.8846153846153846
            ],
            0.7526923076923078
        ],
        "percent_useful_jumper_length": [
            0.15384615384615385,
            0.15384615384615385,
            0.19230769230769232,
            [
                0.11538461538461539,
                0.11538461538461539,
                0.15384615384615385,
                0.19230769230769232,
                0.23076923076923078,
                0.23076923076923078
            ],
            0.16961538461538467
        ],
        "percent_unreachable_bc_short_jumper": 0.18607,
        "percent_multiroute_reached_nodes": [
            0.2953020134228188,
            0.29301637060257746,
            0.29966436929089363,
            [
                0.2668806306306306,
                0.27583425049526744,
                0.285716698760177,
                0.3141891891891892,
                0.3312427409988386,
                0.33922190822875753
            ],
            0.2998350488169172
        ],
        "path_length_max": [
            986.6092480857112,
            977.541719883241,
            986.6092480857112
        ],
        "path_length_avg": [
            459.26509495926985,
            457.25772515741784,
            461.1578441331516,
            [
                149.5576597442779,
                207.75811137467292,
                325.2250438169973,
                582.2846434933781,
                684.1794601809773,
                743.3426352650879
            ],
            453.53305219703515
        ],
        "path_node_count_max": [
            28.0,
            27.0,
            28.0
        ],
        "path_node_count_avg": [
            12.0,
            12.0,
            12.0,
            [
                3.0,
                5.0,
                8.0,
                16.0,
                19.0,
                20.0
            ],
            12.097981398891797
        ],
        "path_jumper_count_max": [
            4.0,
            4.0,
            4.0
        ],
        "path_jumper_count_avg": [
            1.0,
            1.0,
            1.0,
            [
                0.0,
                0.0,
                0.0,
                1.0,
                2.0,
                2.0
            ],
            0.7556915213839028
        ],
        "path_sensor_jumper_length_max": [
            19.999962293240557,
            19.998691043025094,
            19.999962293240557
        ],
        "path_sensor_jumper_length_avg": [
            8.03228096836005,
            7.971768751214381,
            8.095030579472471,
            [
                0.7209635980839342,
                1.4478349655361173,
                3.7217418034302776,
                13.165836118002696,
                16.930973590890215,
                18.435937252794098
            ],
            8.628869705875829
        ],
        "path_router_node_branches_max": [
            2.0,
            2.0,
            2.0
        ],
        "path_router_node_branches_avg": [
            2.0,
            2.0,
            2.0,
            [
                2.0,
                2.0,
                2.0,
                2.0,
                2.0,
                2.0
            ],
            2.0
        ],
        "graph_max_wire_length": [
            791.9120185228303,
            775.4729881349617,
            811.0323621884866,
            [
                668.464577200412,
                700.8696210097878,
                746.0028323869954,
                881.327693203086,
                923.34728838824,
                966.5959017973088
            ],
            806.4920643877446
        ],
        "graph_avg_wire_length": [
            442.13593262822764,
            425.33504450237825,
            457.29006997396834,
            [
                391.22850491835015,
                395.11194059421,
                408.28777189517507,
                489.44485635449166,
                537.3980267466086,
                548.4672071476407
            ],
            454.77081713917994
        ],
        "graph_max_node_count": [
            23.0,
            22.0,
            24.0,
            [
                19.0,
                20.0,
                21.0,
                25.0,
                27.0,
                28.0
            ],
            23.38
        ],
        "graph_avg_node_count": [
            12.379781420765028,
            12.00550565162063,
            12.87603305785124,
            [
                11.305601092896175,
                11.333060109289619,
                11.538292649972979,
                13.77353328489692,
                15.734171653842502,
                16.1768630276827
            ],
            12.954351941546674
        ],