{
    "total_wire_length": 40758.5644328846,
    "total_jumper_length": 1724.860148911462,
    "total_jumper_count": 81,
    "center_node_count": 683,
    "edge_node_count": 165,
    "total_node_count": 848,
    "reachable_node_count": [
        848.0,
        848.0,
        848.0,
        [
            848.0,
            848.0,
            848.0,
            848.0,
            848.0,
            848.0
        ],
        848.0
    ],
    "unreachable_node_count": [
        0.0,
        0.0,
        0.0,
        [
            0.0,
            0.0,
            0.0,
            0.0,
            0.0,
            0.0
        ],
        0.0
    ],
    "reachable_wire_length": [
        40758.564432884625,
        40758.564432884625,
        40758.564432884625,
        [
            40758.564432884625,
            40758.564432884625,
            40758.564432884625,
            40758.564432884625,
            40758.564432884625,
            40758.564432884625
        ],
        40758.564432884625
    ],
    "unreachable_wire_length": [
        0.0,
        0.0,
        0.0,
        [
            0.0,
            0.0,
            0.0,
            0.0,
            0.0,
            0.0
        ],
        0.0
    ],
    "reachable_jumper_length": [
        1724.8601489114617,
        1724.8601489114617,
        1724.8601489114617,
        [
            1724.8601489114617,
            1724.8601489114617,
            1724.8601489114617,
            1724.8601489114617,
            1724.8601489114617,
            1724.8601489114617
        ],
        1724.860148911462
    ],
    "unreachable_jumper_length": [
        0.0,
        0.0,
        0.0,
        [
            0.0,
            0.0,
            0.0,
            0.0,
            0.0,
            0.0
        ],
        0.0
    ],
    "reachable_jumper_count": [
        81.0,
        81.0,
        81.0,
        [
            81.0,
            81.0,
            81.0,
            81.0,
            81.0,
            81.0
        ],
        81.0
    ],
    "unreachable_jumper_count": [
        0.0,
        0.0,
        0.0,
        [
            0.0,
            0.0,
            0.0,
            0.0,
            0.0,
            0.0
        ],
        0.0
    ],
    "shortest_path": {
        "percent_useful_node_count": [
            0.8431603773584906,
            0.8384433962264151,
            0.8455188679245284,
            [
                0.8230542452830188,
                0.8266509433962265,
                0.8337264150943396,
                0.8490566037735849,
                0.8573113207547169,
                0.8622051886792453
            ],
            0.8418278301886792
        ],
        "percent_useful_wire_length": 64.01906601776713,
        "percent_reachable_sensors": 0.99997,
        "percent_useful_jumper_count": [
            0.5925925925925926,
            0.5802469135802469,
            0.6049382716049383,
            [
                0.49382716049382713,
                0.5185185185185185,
                0.5679012345679012,
                0.6296296296296297,
                0.6555555555555557,
                0.6790123456790124
            ],
            0.5937037037037036
        ],
        "percent_useful_jumper_length": [
            0.04938271604938271,
            0.04938271604938271,
            0.06172839506172839,
            [
                0.037037037037037035,
                0.037037037037037035,
                0.037037037037037035,
                0.06172839506172839,
                0.07407407407407407,
                0.07407407407407407
            ],
            0.05370370370370371
        ],
        "percent_unreachable_bc_short_jumper": 3e-05,
        "percent_multiroute_reached_nodes": [
            0.2164995224450812,
            0.209983742532219,
            0.21916195051795517,
            [
                0.1845783919051246,
                0.19063502120365225,
                0.2006276150627615,
                0.22637461548352636,
                0.23407796500132796,
                0.23954898043133338
            ],
            0.2134954044729618
        ],
        "path_length_max": [
            2201.069378495953,
            2162.8861896350327,
            2201.069378495953
        ],
        "path_length_avg": [
            733.9063088505046,
            731.5415588181188,
            736.5076198539166,
            [
                222.41894157504228,
                311.5086671916404,
                502.26489645047724,
                970.0244361906887,
                1223.6767160575641,
                1374.2587670642472
            ],
            754.1326295916733
        ],
        "path_node_count_max": [
            63.0,
            62.0,
            63.0
        ],
        "path_node_count_avg": [
            20.0,
            20.0,
            20.0,
            [
                5.0,
                8.0,
                13.0,
                27.0,
                34.0,
                39.0
            ],
            20.510105303159094
        ],
        "path_jumper_count_max": [
            17.0,
            16.0,
            17.0
        ],
        "path_jumper_count_avg": [
            1.0,
            1.0,
            1.0,
            [
                0.0,
                0.0,
                1.0,
                2.0,
                5.0,
                7.0
            ],
            1.8606658199745993
        ],
        "path_sensor_jumper_length_max": [
            39.5820950024139,
            38.781124370772105,
            39.5820950024139
        ],
        "path_sensor_jumper_length_avg": [
            10.21340903182195,
            10.135808291336039,
            10.297645940380008,
            [
                0.8755983800714294,
                1.759483550832839,
                4.614065535177215,
                17.507369604912576,
                23.929838258965642,
                27.2096155789871
            ],
            11.640230921961404
        ],
        "path_router_node_branches_max": [
            3.0,
            2.0,
            3.0
        ],
        "path_router_node_branches_avg": [
            2.0,
            2.0,
            2.0,
            [
                2.0,
                2.0,
                2.0,
                2.0,
                2.0,
                2.0
            ],
            2.012422360248447
        ],
        "graph_max_wire_length": [
            1531.8264119726496,
            1497.04182994824,
            1585.6884392421416,
            [
                1244.2164210487558,
                1274.611607286692,
                1403.744557519974,
                1686.361495129837,
                1950.98725860396,
                2080.0304753770206
            ],
            1570.0250245825885
        ],
        "graph_avg_wire_length": [
            707.381794877407,
            686.2867864799642,
            741.3210364323447,
            [
                601.6408918223154,
                612.924847789494,
                645.2137523886227,
                789.8816172897984,
                946.1634660616063,
                1055.1914670412132
            ],
            743.4279292810758
        ],
        "graph_max_node_count": [
            45.5,
            44.0,
            47.0,
            [
                37.0,
                38.0,
                41.0,
                51.0,
                58.10000000000001,
                61.05
            ],
            46.69
        ],
        "graph_avg_node_count": [
            19.9028697166957,
            19.294961264788853,
            20.907529610829105,
            [
                17.15259193068579,
                17.316757282108455,
                18.107895846510647,
                22.415816326530614,
                27.226001697138017,
                30.279430817095136
            ],
            21.049149670462974
        ],