{
    "total_wire_length": 17023.288107230004,
    "total_jumper_length": 69.02139133470376,
    "total_jumper_count": 6,
    "center_node_count": 73,
    "edge_node_count": 57,
    "total_node_count": 130,
    "reachable_node_count": [
        130.0,
        130.0,
        130.0,
        [
            130.0,
            130.0,
            130.0,
            130.0,
            130.0,
            130.0
        ],
        130.0
    ],
    "unreachable_node_count": [
        0.0,
        0.0,
        0.0,
        [
            0.0,
            0.0,
            0.0,
            0.0,
            0.0,
            0.0
        ],
        0.0
    ],
    "reachable_wire_length": [
        17023.288107230004,
        17023.288107230004,
        17023.288107230004,
        [
            17023.288107230004,
            17023.288107230004,
            17023.288107230004,
            17023.288107230004,
            17023.288107230004,
            17023.288107230004
        ],
        17023.288107230008
    ],
    "unreachable_wire_length": [
        0.0,
        0.0,
        0.0,
        [
            0.0,
            0.0,
            0.0,
            0.0,
            0.0,
            0.0
        ],
        0.0
    ],
    "reachable_jumper_length": [
        69.02139133470376,
        69.02139133470376,
        69.02139133470376,
        [
            69.02139133470376,
            69.02139133470376,
            69.02139133470376,
            69.02139133470376,
            69.02139133470376,
            69.02139133470376
        ],
        69.02139133470376
    ],
    "unreachable_jumper_length": [
        0.0,
        0.0,
        0.0,
        [
            0.0,
            0.0,
            0.0,
            0.0,
            0.0,
            0.0
        ],
        0.0
    ],
    "reachable_jumper_count": [
        6.0,
        6.0,
        6.0,
        [
            6.0,
            6.0,
            6.0,
            6.0,
            6.0,
            6.0
        ],
        6.0
    ],
    "unreachable_jumper_count": [
        0.0,
        0.0,
        0.0,
        [
            0.0,
            0.0,
            0.0,
            0.0,
            0.0,
            0.0
        ],
        0.0
    ],
    "shortest_path": {
        "percent_useful_node_count": [
            0.6230769230769231,
            0.6230769230769231,
            0.6307692307692307,
            [
                0.5996153846153846,
                0.6069230769230769,
                0.6153846153846154,
                0.6384615384615384,
                0.6461538461538462,
                0.6465384615384615
            ],
            0.6257692307692307
        ],
        "percent_useful_wire_length": 66.41927660969927,
        "percent_reachable_sensors": 0.48591,
        "percent_useful_jumper_count": [
            1.0,
            0.8333333333333334,
            1.0,
            [
                0.6666666666666666,
                0.8333333333333334,
                0.8333333333333334,
                1.0,
                1.0,
                1.0
            ],
            0.9133333333333333
        ],
        "percent_useful_jumper_length": [
            0.5,
            0.5,
            0.5,
            [
                0.5,
                0.5,
                0.5,
                0.5,
                0.5,
                0.5
            ],
            0.5
        ],
        "percent_unreachable_bc_short_jumper": 0.51409,
        "percent_multiroute_reached_nodes": [
            0.5679012345679012,
            0.5662650602409639,
            0.573170731707317,
            [
                0.5421686746987951,
                0.5475083056478406,
                0.5569620253164557,
                0.5807548054383498,
                0.602834008097166,
                0.6106393606393606
            ],
            0.5712701691878859
        ],
        "path_length_max": [
            3855.4053664221274,
            3748.1482679025667,
            3855.4053664221274
        ],
        "path_length_avg": [
            1435.1096370276027,
            1424.6603782555899,
            1444.3178593556459,
            [
                350.82966765064145,
                495.97085190370973,
                853.7089118690574,
                1986.5022514139864,
                2544.975343556671,
                2873.5259143601074
            ],
            1476.217243373795
        ],
        "path_node_count_max": [
            28.0,
            28.0,
            28.0
        ],
        "path_node_count_avg": [
            11.0,
            11.0,
            11.0,
            [
                2.0,
                3.0,
                6.0,
                15.0,
                20.0,
                22.0
            ],
            10.90990101047519
        ],
        "path_jumper_count_max": [
            4.0,
            4.0,
            4.0
        ],
        "path_jumper_count_avg": [
            1.0,
            1.0,
            1.0,
            [
                0.0,
                0.0,
                0.0,
                2.0,
                3.0,
                3.0
            ],
            1.2333353913276122
        ],
        "path_sensor_jumper_length_max": [
            39.99956491734196,
            39.99575275302983,
            39.99956491734196
        ],
        "path_sensor_jumper_length_avg": [
            18.044027876047124,
            17.901650175560757,
            18.25193212230847,
            [
                1.6280729509121916,
                3.3600549739855183,
                8.635769976069916,
                28.412572953824345,
                35.159406530251744,
                37.5625181584972
            ],
            18.686066658185272
        ],
        "path_router_node_branches_max": [
            2.0,
            2.0,
            2.0
        ],
        "path_router_node_branches_avg": [
            2.0,
            2.0,
            2.0,
            [
                2.0,
                2.0,
                2.0,
                2.0,
                2.0,
                2.0
            ],
            2.0
        ],
        "graph_max_wire_length": [
            2866.6805624213225,
            2758.552828472617,
            3113.537809472551,
            [
                2177.2195306332105,
                2269.8879796689903,
                2407.868808832791,
                3354.840698227175,
                3559.121103122336,
                3639.865872258987
            ],
            2912.039337850333
        ],
        "graph_avg_wire_length": [
            1504.3802264591104,
            1438.5848526536145,
            1606.0347492384378,
            [
                1142.0393942617222,
                1175.8100484413214,
                1280.296132590218,
                1703.650514545161,
                1946.1441984091862,
                1997.9088870295304
            ],
            1525.278695205715
        ],
        "graph_max_node_count": [
            23.0,
            21.5,
            24.0,
            [
                18.0,
                18.0,
                19.75,
                27.0,
                28.0,
                29.0
            ],
            23.21
        ],
        "graph_avg_node_count": [
            11.96923076923077,
            11.55,
            12.307692307692308,
            [
                9.493846153846153,
                9.661538461538461,
                10.45,
                13.576923076923077,
                15.020084745762713,
                15.255384615384612
            ],
            12.045787683801654
        ],
        "graph_max_jumper_count": [
            3.0,
            2.0,
            3.0,
            [
                2.0,
                2.0,
                2.0,
                4.0,
                4.0,
                4.0
            ],
            2.85
        ],