{
    "total_wire_length": 9494.907731046724,
    "total_jumper_length": 41.842825544661814,
    "total_jumper_count": 5,
    "center_node_count": 40,
    "edge_node_count": 48,
    "total_node_count": 88,
    "reachable_node_count": [
        34.0,
        34.0,
        34.0,
        [
            12.0,
            12.0,
            34.0,
            34.0,
            34.0,
            34.0
        ],
        31.42
    ],
    "unreachable_node_count": [
        54.0,
        54.0,
        54.0,
        [
            54.0,
            54.0,
            54.0,
            54.0,
            76.0,
            76.0
        ],
        56.58
    ],
    "reachable_wire_length": [
        4142.082703388895,
        3811.051709985122,
        4142.082703388895,
        [
            929.3077646755048,
            929.3077646755048,
            3811.051709985122,
            4142.082703388895,
            4142.082703388895,
            4142.082703388895
        ],
        3660.1429239719687
    ],
    "unreachable_wire_length": [
        5352.825027657828,
        5352.825027657828,
        5683.8560210616015,
        [
            5352.825027657828,
            5352.825027657828,
            5352.825027657828,
            5683.8560210616015,
            8565.59996637122,
            8565.59996637122
        ],
        5834.764807074752
    ],
    "reachable_jumper_length": [
        36.73768092358978,
        3.224191242296718,
        36.73768092358978,
        [
            1.8809533787753174,
            1.8809533787753174,
            1.8809533787753174,
            36.73768092358978,
            36.73768092358978,
            36.73768092358978
        ],
        20.722374768270612
    ],
    "unreachable_jumper_length": [
        5.105144621072036,
        5.105144621072036,
        38.618634302365095,
        [
            5.105144621072036,
            5.105144621072036,
            5.105144621072036,
            39.9618721658865,
            39.9618721658865,
            39.9618721658865
        ],
        21.12045077639121
    ],
    "reachable_jumper_count": [
        3.0,
        1.0,
        3.0,
        [
            1.0,
            1.0,
            1.0,
            3.0,
            3.0,
            3.0
        ],
        2.04
    ],
    "unreachable_jumper_count": [
        2.0,
        2.0,
        4.0,
        [
            2.0,
            2.0,
            2.0,
            4.0,
            4.0,
            4.0
        ],
        2.96
    ],
    "shortest_path": {
        "percent_useful_node_count": [
            0.23863636363636365,
            0.2159090909090909,
            0.25,
            [
                0.06818181818181818,
                0.07954545454545454,
                0.2159090909090909,
                0.26136363636363635,
                0.26136363636363635,
                0.2727272727272727
            ],
            0.21988636363636366
        ],
        "percent_useful_wire_length": 26.196359702468502,
        "percent_reachable_sensors": 0.18162,
        "percent_useful_jumper_count": [
            0.4,
            0.2,
            0.4,
            [
                0.2,
                0.2,
                0.2,
                0.6,
                0.6,
                0.6
            ],
            0.3680000000000001
        ],
        "percent_useful_jumper_length": [
            0.2,
            0.2,
            0.2,
            [
                0.2,
                0.2,
                0.2,
                0.2,
                0.2,
                0.2
            ],
            0.19199999999999995
        ],
        "percent_unreachable_bc_short_jumper": 0.53629,
        "percent_multiroute_reached_nodes": [
            0.6190476190476191,
            0.6086956521739131,
            0.6666666666666666,
            [
                0.5217391304347826,
                0.5416666666666666,
                0.5652173913043478,
                0.7368421052631579,
                0.752777777777778,
                0.7777777777777778
            ],
            0.6482153819991348
        ],
        "path_length_max": [
            1942.8891493504238,
            1921.006793015663,
            1942.8891493504238
        ],
        "path_length_avg": [
            617.4391005744976,
            609.7804333614339,
            624.4488382108923,
            [
                177.91890248096274,
                228.84337769591957,
                388.2407241214529,
                938.2007670325829,
                1222.745802454511,
                1367.0566867375544
            ],
            680.1610006424103
        ],
        "path_node_count_max": [
            13.0,
            13.0,
            13.0
        ],
        "path_node_count_avg": [
            4.0,
            4.0,
            4.0,
            [
                1.0,
                1.0,
                2.0,
                7.0,
                9.0,
                10.0
            ],
            4.765224094262746
        ],
        "path_jumper_count_max": [
            2.0,
            2.0,
            2.0
        ],
        "path_jumper_count_avg": [
            0.0,
            0.0,
            0.0,
            [
                0.0,
                0.0,
                0.0,
                1.0,
                1.0,
                1.0
            ],
            0.5140953639467019
        ],
        "path_sensor_jumper_length_max": [
            39.995857010131445,
            39.9836652833026,
            39.995857010131445
        ],
        "path_sensor_jumper_length_avg": [
            18.336159808386746,
            18.054360443172065,
            18.602900668594938,
            [
                1.803903829562096,
                3.571738092459293,
                8.863801441071857,
                28.834381701357778,
                35.48896600748642,
                37.69387535554093
            ],
            18.94637178120738
        ],
        "path_router_node_branches_max": [
            2.0,
            2.0,
            2.0
        ],
        "path_router_node_branches_avg": [
            2.0,
            2.0,
            2.0,
            [
                2.0,
                2.0,
                2.0,
                2.0,
                2.0,
                2.0
            ],
            2.0
        ],
        "graph_max_wire_length": [
            1338.8004821345116,
            1247.5888055364258,
            1403.9760814063322,
            [
                454.5677460027779,
                660.0466710363314,
                1127.759722254717,
                1557.1581503634682,
                1628.9932571346487,
                1743.0520511572606
            ],
            1283.9480263163427
        ],
        "graph_avg_wire_length": [
            675.6008404950668,
            645.4110456651474,
            710.3867175583074,
            [
                246.6679563233271,
                404.54701739116643,
                588.7319673079468,
                805.4789663994653,
                899.1108525924352,
                932.4754284517965
            ],
            666.7492951009398
        ],
        "graph_max_node_count": [
            11.0,
            10.0,
            11.0,
            [
                5.0,
                7.0,
                9.0,
                12.0,
                13.0,
                13.0
            ],
            10.21
        ],
        "graph_avg_node_count": [
            5.470588235294118,
            5.382352941176471,
            5.8088235294117645,
            [
                2.9166666666666665,
                3.9166666666666665,
                4.9338235294117645,
                6.208823529411765,
                6.882352941176471,
                7.235294117647059
            ],
            5.474846467773712
        ],