{
    "total_wire_length": 53089.14468120744,
    "total_jumper_length": 4365.3889551064385,
    "total_jumper_count": 109,
    "center_node_count": 442,
    "edge_node_count": 184,
    "total_node_count": 626,
    "reachable_node_count": [
        626.0,
        626.0,
        626.0,
        [
            626.0,
            626.0,
            626.0,
            626.0,
            626.0,
            626.0
        ],
        626.0
    ],
    "unreachable_node_count": [
        0.0,
        0.0,
        0.0,
        [
            0.0,
            0.0,
            0.0,
            0.0,
            0.0,
            0.0
        ],
        0.0
    ],
    "reachable_wire_length": [
        53089.144681207435,
        53089.144681207435,
        53089.144681207435,
        [
            53089.144681207435,
            53089.144681207435,
            53089.144681207435,
            53089.144681207435,
            53089.144681207435,
            53089.144681207435
        ],
        53089.144681207465
    ],
    "unreachable_wire_length": [
        0.0,
        0.0,
        0.0,
        [
            0.0,
            0.0,
            0.0,
            0.0,
            0.0,
            0.0
        ],
        0.0
    ],
    "reachable_jumper_length": [
        4365.3889551064385,
        4365.3889551064385,
        4365.3889551064385,
        [
            4365.3889551064385,
            4365.3889551064385,
            4365.3889551064385,
            4365.3889551064385,
            4365.3889551064385,
            4365.3889551064385
        ],
        4365.388955106438
    ],
    "unreachable_jumper_length": [
        0.0,
        0.0,
        0.0,
        [
            0.0,
            0.0,
            0.0,
            0.0,
            0.0,
            0.0
        ],
        0.0
    ],
    "reachable_jumper_count": [
        109.0,
        109.0,
        109.0,
        [
            109.0,
            109.0,
            109.0,
            109.0,
            109.0,
            109.0
        ],
        109.0
    ],
    "unreachable_jumper_count": [
        0.0,
        0.0,
        0.0,
        [
            0.0,
            0.0,
            0.0,
            0.0,
            0.0,
            0.0
        ],
        0.0
    ],
    "shortest_path": {
        "percent_useful_node_count": [
            0.8354632587859425,
            0.8306709265175719,
            0.8386581469648562,
            [
                0.8067092651757188,
                0.8161341853035143,
                0.8274760383386581,
                0.8434504792332268,
                0.8514376996805112,
                0.8579872204472844
            ],
            0.8345846645367412
        ],
        "percent_useful_wire_length": 67.35815532137956,
        "percent_reachable_sensors": 0.99972,
        "percent_useful_jumper_count": [
            0.5779816513761468,
            0.5688073394495413,
            0.5871559633027523,
            [
                0.4857798165137615,
                0.5220183486238532,
                0.5412844036697247,
                0.5986238532110092,
                0.6238532110091743,
                0.6422018348623854
            ],
            0.5711009174311927
        ],
        "percent_useful_jumper_length": [
            0.07339449541284404,
            0.06880733944954129,
            0.07339449541284404,
            [
                0.05504587155963303,
                0.05504587155963303,
                0.06422018348623854,
                0.08256880733944955,
                0.10091743119266056,
                0.10091743119266056
            ],
            0.073302752293578
        ],
        "percent_unreachable_bc_short_jumper": 0.00028,
        "percent_multiroute_reached_nodes": [
            0.2743401861638335,
            0.27118217932858485,
            0.2782931354359926,
            [
                0.2442536671495835,
                0.24995344506517692,
                0.2599437070009207,
                0.28720200366541826,
                0.2934592667798042,
                0.296043318590775
            ],
            0.27330375637633963
        ],
        "path_length_max": [
            3420.9966206006475,
            3345.1110355220626,
            3420.9966206006475
        ],
        "path_length_avg": [
            1192.9684201605824,
            1189.047959591215,
            1197.3400918712896,
            [
                376.1720233360781,
                520.2148875590119,
                829.8281214383446,
                1580.5075576196618,
                1949.8988457496396,
                2155.5423979297275
            ],
            1221.7771738666681
        ],
        "path_node_count_max": [
            50.0,
            49.0,
            50.0
        ],
        "path_node_count_avg": [
            16.0,
            16.0,
            16.0,
            [
                5.0,
                7.0,
                11.0,
                22.0,
                28.0,
                31.0
            ],
            16.92029768335134
        ],
        "path_jumper_count_max": [
            13.0,
            13.0,
            13.0
        ],
        "path_jumper_count_avg": [
            1.0,
            1.0,
            1.0,
            [
                0.0,
                0.0,
                1.0,
                2.0,
                3.0,
                5.0
            ],
            1.6102608730444525
        ],
        "path_sensor_jumper_length_max": [
            79.66505282223892,
            78.50996895075025,
            79.66505282223892
        ],
        "path_sensor_jumper_length_avg": [
            20.597599271427544,
            20.436368987701808,
            20.747721183381035,
            [
                1.7926464464995187,
                3.5845179520242736,
                9.353871767916601,
                35.2580522356316,
                48.370623325418336,
                54.83351202427885
            ],
            23.49047151937461
        ],
        "path_router_node_branches_max": [
            3.0,
            2.0,
            3.0
        ],
        "path_router_node_branches_avg": [
            2.0,
            2.0,
            2.0,
            [
                2.0,
                2.0,
                2.0,
                2.0,
                2.0,
                2.0
            ],
            2.0205479452054793
        ],
        "graph_max_wire_length": [
            2381.04133806082,
            2325.832116982497,
            2439.425423438547,
            [
                1907.3165924138327,
                2011.7954858986984,
                2180.941435417082,
                2573.8320200960566,
                3008.197725180054,
                3180.0273370631594
            ],
            2428.321029398972
        ],
        "graph_avg_wire_length": [
            1121.9762915262527,
            1070.9318774401404,
            1223.3048440576415,
            [
                946.9097590780535,
                968.2401974575336,
                1021.0689513593848,
                1325.5805552704844,
                1493.9990569458892,
                1616.8291394164864
            ],
            1193.4156409883042
        ],
        "graph_max_node_count": [
            37.0,
            36.0,
            38.0,
            [
                30.0,
                31.0,
                34.75,
                40.0,
                44.10000000000001,
                48.05
            ],
            37.72
        ],
        "graph_avg_node_count": [
            16.478450982214,
            15.878635755835791,
            17.439102564102566,
            [
                13.649426544487142,
                13.966102782141007,
                14.910878274182787,
                19.30668358714044,
                21.975085195001892,
                23.13197408941276
            ],
            17.385649773207557
        ],