{
    "total_wire_length": 32085.987159728753,
    "total_jumper_length": 29156.488424162988,
    "total_jumper_count": 408,
    "center_node_count": 1068,
    "edge_node_count": 164,
    "total_node_count": 1232,
    "reachable_node_count": [
        1232.0,
        1232.0,
        1232.0,
        [
            1232.0,
            1232.0,
            1232.0,
            1232.0,
            1232.0,
            1232.0
        ],
        1232.0
    ],
    "unreachable_node_count": [
        0.0,
        0.0,
        0.0,
        [
            0.0,
            0.0,
            0.0,
            0.0,
            0.0,
            0.0
        ],
        0.0
    ],
    "reachable_wire_length": [
        32085.98715972876,
        32085.98715972876,
        32085.98715972876,
        [
            32085.98715972876,
            32085.98715972876,
            32085.98715972876,
            32085.98715972876,
            32085.98715972876,
            32085.98715972876
        ],
        32085.987159728757
    ],
    "unreachable_wire_length": [
        0.0,
        0.0,
        0.0,
        [
            0.0,
            0.0,
            0.0,
            0.0,
            0.0,
            0.0
        ],
        0.0
    ],
    "reachable_jumper_length": [
        29156.48842416299,
        29156.48842416299,
        29156.48842416299,
        [
            29156.48842416299,
            29156.48842416299,
            29156.48842416299,
            29156.48842416299,
            29156.48842416299,
            29156.48842416299
        ],
        29156.488424162977
    ],
    "unreachable_jumper_length": [
        0.0,
        0.0,
        0.0,
        [
            0.0,
            0.0,
            0.0,
            0.0,
            0.0,
            0.0
        ],
        0.0
    ],
    "reachable_jumper_count": [
        408.0,
        408.0,
        408.0,
        [
            408.0,
            408.0,
            408.0,
            408.0,
            408.0,
            408.0
        ],
        408.0
    ],
    "unreachable_jumper_count": [
        0.0,
        0.0,
        0.0,
        [
            0.0,
            0.0,
            0.0,
            0.0,
            0.0,
            0.0
        ],
        0.0
    ],
    "shortest_path": {
        "percent_useful_node_count": [
            0.8340097402597402,
            0.8311688311688312,
            0.8360491071428571,
            [
                0.8140422077922078,
                0.8196428571428571,
                0.825487012987013,
                0.8419237012987013,
                0.8491071428571428,
                0.8507711038961039
            ],
            0.8338636363636366
        ],
        "percent_useful_wire_length": 68.24589092335833,
        "percent_reachable_sensors": 1.0,
        "percent_useful_jumper_count": [
            0.12745098039215685,
            0.12254901960784313,
            0.12745098039215685,
            [
                0.10526960784313726,
                0.11274509803921569,
                0.11764705882352941,
                0.13480392156862744,
                0.14215686274509803,
                0.14460784313725492
            ],
            0.12656862745098038
        ],
        "percent_useful_jumper_length": [
            0.004901960784313725,
            0.004901960784313725,
            0.004901960784313725,
            [
                0.0024509803921568627,
                0.0024509803921568627,
                0.0024509803921568627,
                0.004901960784313725,
                0.004901960784313725,
                0.004901960784313725
            ],
            0.004142156862745097
        ],
        "percent_unreachable_bc_short_jumper": 0.0,
        "percent_multiroute_reached_nodes": [
            0.21613722494493937,
            0.20770331697668226,
            0.2217391304347826,
            [
                0.16016678866464498,
                0.16647144598304,
                0.18152981847225189,
                0.23262752948719584,
                0.24842418737817448,
                0.25416838093291966
            ],
            0.2104365503383347
        ],
        "path_length_max": [
            1115.5139644269816,
            1087.1524685574252,
            1115.5139644269816
        ],
        "path_length_avg": [
            444.6423718173924,
            442.3704330828204,
            446.5975535680009,
            [
                135.4913536312849,
                188.95094221713515,
                295.8097594002996,
                605.0473733808801,
                728.613665124398,
                797.5863812806155
            ],
            453.49558448212787
        ],
        "path_node_count_max": [
            50.0,
            49.0,
            50.0
        ],
        "path_node_count_avg": [
            21.0,
            21.0,
            21.0,
            [
                6.0,
                9.0,
                14.0,
                28.0,
                34.0,
                37.0
            ],
            21.03106
        ],
        "path_jumper_count_max": [
            8.0,
            8.0,
            8.0
        ],
        "path_jumper_count_avg": [
            1.0,
            1.0,
            1.0,
            [
                0.0,
                0.0,
                0.0,
                3.0,
                4.0,
                4.0
            ],
            1.58745
        ],
        "path_sensor_jumper_length_max": [
            21.382677993233525,
            19.240248405579482,
            21.382677993233525
        ],
        "path_sensor_jumper_length_avg": [
            5.086322983932592,
            5.048054204095868,
            5.1202308100273735,
            [
                0.4376549280825068,
                0.8883891270190485,
                2.3326096949917363,
                8.710804491436416,
                11.932392191247363,
                13.546629658808671
            ],
            5.8058340480157895
        ],
        "path_router_node_branches_max": [
            12.0,
            8.0,
            12.0
        ],
        "path_router_node_branches_avg": [
            2.0,
            2.0,
            2.0,
            [
                2.0,
                2.0,
                2.0,
                2.0,
                3.0,
                5.149999999999977
            ],
            2.3944954128440368
        ],
        "graph_max_wire_length": [
            867.9641141692734,
            836.0860009109554,
            890.9505235359549,
            [
                655.1126174213123,
                703.446132137516,
                784.3130932607492,
                939.8550963833068,
                1008.0449838498679,
                1028.4715576979563
            ],
            862.3718259910294
        ],
        "graph_avg_wire_length": [
            447.25621832460433,
            429.5255513236749,
            458.36417118400396,
            [
                336.970016073576,
                362.2504221205987,
                397.48861354686215,
                486.8240095384235,
                547.7259975141254,
                568.7888472123184
            ],
            448.1449476526406
        ],
        "graph_max_node_count": [
            40.0,
            39.4875,
            43.0,
            [
                32.9,
                34.0,
                37.0,
                44.25,
                47.0,
                49.05
            ],
            40.84
        ],
        "graph_avg_node_count": [
            21.432224025974026,
            20.241883116883116,
            22.231513798701297,
            [
                16.451044528599958,
                17.061038000461078,
                18.89911191749427,
                23.51304310264579,
                25.253366264815156,
                26.197187674733875
            ],
            21.309281372145982
        ],