{
    "total_wire_length": 6755.070487027098,
    "total_jumper_length": 710.2880982929321,
    "total_jumper_count": 8,
    "center_node_count": 30,
    "edge_node_count": 24,
    "total_node_count": 54,
    "reachable_node_count": [
        54.0,
        54.0,
        54.0,
        [
            54.0,
            54.0,
            54.0,
            54.0,
            54.0,
            54.0
        ],
        54.0
    ],
    "unreachable_node_count": [
        0.0,
        0.0,
        0.0,
        [
            0.0,
            0.0,
            0.0,
            0.0,
            0.0,
            0.0
        ],
        0.0
    ],
    "reachable_wire_length": [
        6755.070487027098,
        6755.070487027098,
        6755.070487027098,
        [
            6755.070487027098,
            6755.070487027098,
            6755.070487027098,
            6755.070487027098,
            6755.070487027098,
            6755.070487027098
        ],
        6755.070487027097
    ],
    "unreachable_wire_length": [
        0.0,
        0.0,
        0.0,
        [
            0.0,
            0.0,
            0.0,
            0.0,
            0.0,
            0.0
        ],
        0.0
    ],
    "reachable_jumper_length": [
        710.2880982929321,
        710.2880982929321,
        710.2880982929321,
        [
            710.2880982929321,
            710.2880982929321,
            710.2880982929321,
            710.2880982929321,
            710.2880982929321,
            710.2880982929321
        ],
        710.2880982929321
    ],
    "unreachable_jumper_length": [
        0.0,
        0.0,
        0.0,
        [
            0.0,
            0.0,
            0.0,
            0.0,
            0.0,
            0.0
        ],
        0.0
    ],
    "reachable_jumper_count": [
        8.0,
        8.0,
        8.0,
        [
            8.0,
            8.0,
            8.0,
            8.0,
            8.0,
            8.0
        ],
        8.0
    ],
    "unreachable_jumper_count": [
        0.0,
        0.0,
        0.0,
        [
            0.0,
            0.0,
            0.0,
            0.0,
            0.0,
            0.0
        ],
        0.0
    ],
    "shortest_path": {
        "percent_useful_node_count": [
            0.7777777777777778,
            0.7777777777777778,
            0.7777777777777778,
            [
                0.7407407407407407,
                0.7407407407407407,
                0.7592592592592593,
                0.7962962962962963,
                0.7981481481481483,
                0.8148148148148148
            ],
            0.7761111111111109
        ],
        "percent_useful_wire_length": 75.16936362817103,
        "percent_reachable_sensors": 0.99803,
        "percent_useful_jumper_count": [
            0.875,
            0.875,
            0.875,
            [
                0.75,
                0.75,
                0.75,
                0.875,
                1.0,
                1.0
            ],
            0.865
        ],
        "percent_useful_jumper_length": [
            0.25,
            0.125,
            0.25,
            [
                0.125,
                0.125,
                0.125,
                0.25,
                0.25,
                0.25
            ],
            0.19
        ],
        "percent_unreachable_bc_short_jumper": 0.00197,
        "percent_multiroute_reached_nodes": [
            0.4523809523809524,
            0.4418604651162791,
            0.4634146341463415,
            [
                0.4045238095238095,
                0.4090909090909091,
                0.4318181818181818,
                0.47619047619047616,
                0.5,
                0.5122263914946842
            ],
            0.45538949635163467
        ],
        "path_length_max": [
            1919.726966669792,
            1902.7857258271679,
            1919.726966669792
        ],
        "path_length_avg": [
            769.3611343383864,
            765.7430443381778,
            772.88566103437,
            [
                240.73333442000418,
                318.76440306900594,
                495.36559710652983,
                1111.2191392981813,
                1361.3860081201462,
                1477.8042573133357
            ],
            810.36272986434
        ],
        "path_node_count_max": [
            18.0,
            18.0,
            18.0
        ],
        "path_node_count_avg": [
            6.0,
            6.0,
            6.0,
            [
                1.0,
                2.0,
                3.0,
                9.0,
                12.0,
                13.0
            ],
            6.2506838471789425
        ],
        "path_jumper_count_max": [
            6.0,
            6.0,
            6.0
        ],
        "path_jumper_count_avg": [
            1.0,
            1.0,
            1.0,
            [
                0.0,
                0.0,
                0.0,
                2.0,
                3.0,
                4.0
            ],
            1.1062693506207228
        ],
        "path_sensor_jumper_length_max": [
            159.97289018863154,
            159.79980446919203,
            159.97289018863154
        ],
        "path_sensor_jumper_length_avg": [
            40.311336579119285,
            40.01104888946623,
            40.599758094878986,
            [
                3.4098465470570334,
                6.815546032495645,
                18.072951866362935,
                70.27902638636239,
                97.52867998093043,
                111.19758990017705
            ],
            46.734330210252814
        ],
        "path_router_node_branches_max": [
            2.0,
            2.0,
            2.0
        ],
        "path_router_node_branches_avg": [
            2.0,
            2.0,
            2.0,
            [
                2.0,
                2.0,
                2.0,
                2.0,
                2.0,
                2.0
            ],
            2.0
        ],
        "graph_max_wire_length": [
            1466.186241702369,
            1391.3675925394994,
            1513.533939472865,
            [
                1037.9833947497807,
                1163.769573975698,
                1302.0167819138094,
                1599.213977922467,
                1704.8779411751048,
                1778.6107680770592
            ],
            1445.1122222889512
        ],
        "graph_avg_wire_length": [
            738.8160704702744,
            725.6061758365175,
            757.4296407666803,
            [
                617.3083279955532,
                645.5070431529862,
                692.9066161850332,
                816.5579671420812,
                862.255289339963,
                897.6707214548308
            ],
            750.0638640383788
        ],
        "graph_max_node_count": [
            14.5,
            14.0,
            15.0,
            [
                11.0,
                11.9,
                13.0,
                17.0,
                18.0,
                18.0
            ],
            14.64
        ],
        "graph_avg_node_count": [
            6.537037037037037,
            6.365384615384615,
            6.649787234042553,
            [
                5.92,
                5.962962962962963,
                6.212962962962963,
                7.361177028951116,
                8.09811320754717,
                8.24622222222222
            ],
            6.815959299098378
        ],
        "graph_max_jumper_count": [
            4.0,
            4.0,
            4.0,
            [
                2.0,
                3.0,
                3.0,
                5.0,
                6.0,
                6.0
            ],
            3.97
        ],