{
    "total_wire_length": 4256.2715609876,
    "total_jumper_length": 0.0,
    "total_jumper_count": 0,
    "center_node_count": 18,
    "edge_node_count": 24,
    "total_node_count": 42,
    "reachable_node_count": [
        14.0,
        14.0,
        15.024999999999977,
        [
            6.0,
            6.0,
            14.0,
            16.0,
            16.0,
            16.0
        ],
        13.12
    ],
    "unreachable_node_count": [
        28.0,
        27.0,
        28.0,
        [
            26.0,
            26.0,
            26.0,
            28.0,
            36.0,
            36.0
        ],
        28.88
    ],
    "reachable_wire_length": [
        1711.7341619224976,
        1711.7341619224976,
        1711.7341619224976,
        [
            348.01561266979775,
            438.49214791719726,
            1711.7341619224976,
            1758.0296384781077,
            1758.0296384781077,
            1758.0296384781077
        ],
        1456.0752173707544
    ],
    "unreachable_wire_length": [
        2544.5373990651033,
        2544.5373990651033,
        2544.5373990651033,
        [
            2498.2419225094927,
            2498.2419225094927,
            2498.2419225094927,
            2544.5373990651033,
            3817.779413070403,
            3908.255948317802
        ],
        2800.1963436168458
    ],
    "reachable_jumper_length": [
        0.0,
        0.0,
        0.0,
        [
            0.0,
            0.0,
            0.0,
            0.0,
            0.0,
            0.0
        ],
        0.0
    ],
    "unreachable_jumper_length": [
        0.0,
        0.0,
        0.0,
        [
            0.0,
            0.0,
            0.0,
            0.0,
            0.0,
            0.0
        ],
        0.0
    ],
    "reachable_jumper_count": [
        0.0,
        0.0,
        0.0,
        [
            0.0,
            0.0,
            0.0,
            0.0,
            0.0,
            0.0
        ],
        0.0
    ],
    "unreachable_jumper_count": [
        0.0,
        0.0,
        0.0,
        [
            0.0,
            0.0,
            0.0,
            0.0,
            0.0,
            0.0
        ],
        0.0
    ],
    "shortest_path": {
        "percent_useful_node_count": [
            0.16666666666666666,
            0.16666666666666666,
            0.16666666666666666,
            [
                0.047619047619047616,
                0.06904761904761905,
                0.16666666666666666,
                0.19047619047619047,
                0.19047619047619047,
                0.21428571428571427
            ],
            0.15357142857142855
        ],
        "percent_useful_wire_length": 21.737502528656098,
        "percent_reachable_sensors": 0.08624,
        "percent_useful_jumper_count": [
            -1.0,
            -1.0,
            -1.0,
            [
                -1.0,
                -1.0,
                -1.0,
                -1.0,
                -1.0,
                -1.0
            ],
            -1.0
        ],
        "percent_useful_jumper_length": [
            -1.0,
            -1.0,
            -1.0,
            [
                -1.0,
                -1.0,
                -1.0,
                -1.0,
                -1.0,
                -1.0
            ],
            -1.0
        ],
        "percent_unreachable_bc_short_jumper": 0.74571,
        "percent_multiroute_reached_nodes": [
            0.7142857142857143,
            0.7142857142857143,
            0.8571428571428571,
            [
                0.625,
                0.625,
                0.6916666666666667,
                0.875,
                1.0,
                1.0
            ],
            0.7933492063492062
        ],
        "path_length_max": [
            974.4551377968435,
            960.0011570222848,
            974.4551377968435
        ],
        "path_length_avg": [
            372.30969987954495,
            365.3190690598849,
            378.0936626802504,
            [
                116.69985127391801,
                151.52542717502476,
                224.0370863234281,
                531.3498367587391,
                660.6612919941084,
                729.3603475317076
            ],
            388.6007639249406
        ],
        "path_node_count_max": [
            6.0,
            5.0,
            6.0
        ],
        "path_node_count_avg": [
            2.0,
            2.0,
            2.0,
            [
                1.0,
                1.0,
                1.0,
                3.0,
                4.0,
                4.0
            ],
            2.221590909090909
        ],
        "path_jumper_count_max": [
            0.0,
            0.0,
            0.0
        ],
        "path_jumper_count_avg": [
            0.0,
            0.0,
            0.0,
            [
                0.0,
                0.0,
                0.0,
                0.0,
                0.0,
                0.0
            ],
            0.0
        ],
        "path_sensor_jumper_length_max": [
            19.99514531020665,
            19.98330687162629,
            19.99514531020665
        ],
        "path_sensor_jumper_length_avg": [
            9.75471450087089,
            9.543961645327546,
            9.974247921618337,
            [
                0.9272797957691862,
                1.879265770176839,
                4.881254218414951,
                14.795628611293981,
                17.845577714600807,
                18.87819700122687
            ],
            9.814731557992904
        ],
        "path_router_node_branches_max": [
            2.0,
            2.0,
            2.0
        ],
        "path_router_node_branches_avg": [
            2.0,
            2.0,
            2.0,
            [
                2.0,
                2.0,
                2.0,
                2.0,
                2.0,
                2.0
            ],
            2.0
        ],
        "graph_max_wire_length": [
            674.0625931621946,
            619.6247454632966,
            714.1901919205384,
            [
                223.86505433784052,
                257.437450600807,
                539.4607202464045,
                775.2424311320129,
                861.2959964939258,
                916.5417918116254
            ],
            625.2942346942734
        ],
        "graph_avg_wire_length": [
            382.36461817745413,
            356.6103306945248,
            412.9341151480746,
            [
                144.20613569222493,
                166.55058906203843,
                315.40435844827266,
                462.9143550807536,
                534.7896002941834,
                580.9561530954223
            ],
            377.14742494970824
        ],
        "graph_max_node_count": [
            5.0,
            4.0,
            5.0,
            [
                2.0,
                2.0,
                4.0,
                5.25,
                6.0,
                6.0
            ],
            4.5
        ],
        "graph_avg_node_count": [
            2.875,
            2.7857142857142856,
            3.0366071428571417,
            [
                1.6666666666666667,
                1.6666666666666667,
                2.5714285714285716,
                3.625,
                3.75,
                3.75
            ],
            2.8995238095238096
        ],
        "graph_max_jumper_count": [
            0.0,
            0.0,
            0.0,
            [
                0.0,
                0.0,
                0.0,
                0.0,
                0.0,
                0.0
            ],
            0.0
        ],
        "graph_avg_jumper_count": [
            0.0,
            0.0,
            0.0,
            [
                0.0,
                0.0,
                0.0,
                0.0,
                0.0,
                0.0
            ],
            0.0
        ]
    },