{
    "total_wire_length": 37809.95643043978,
    "total_jumper_length": 396.4707871782323,
    "total_jumper_count": 44,
    "center_node_count": 638,
    "edge_node_count": 170,
    "total_node_count": 808,
    "reachable_node_count": [
        808.0,
        808.0,
        808.0,
        [
            808.0,
            808.0,
            808.0,
            808.0,
            808.0,
            808.0
        ],
        808.0
    ],
    "unreachable_node_count": [
        0.0,
        0.0,
        0.0,
        [
            0.0,
            0.0,
            0.0,
            0.0,
            0.0,
            0.0
        ],
        0.0
    ],
    "reachable_wire_length": [
        37809.95643043979,
        37809.95643043979,
        37809.95643043979,
        [
            37809.95643043979,
            37809.95643043979,
            37809.95643043979,
            37809.95643043979,
            37809.95643043979,
            37809.95643043979
        ],
        37809.956430439786
    ],
    "unreachable_wire_length": [
        0.0,
        0.0,
        0.0,
        [
            0.0,
            0.0,
            0.0,
            0.0,
            0.0,
            0.0
        ],
        0.0
    ],
    "reachable_jumper_length": [
        396.4707871782323,
        396.4707871782323,
        396.4707871782323,
        [
            396.4707871782323,
            396.4707871782323,
            396.4707871782323,
            396.4707871782323,
            396.4707871782323,
            396.4707871782323
        ],
        396.4707871782321
    ],
    "unreachable_jumper_length": [
        0.0,
        0.0,
        0.0,
        [
            0.0,
            0.0,
            0.0,
            0.0,
            0.0,
            0.0
        ],
        0.0
    ],
    "reachable_jumper_count": [
        44.0,
        44.0,
        44.0,
        [
            44.0,
            44.0,
            44.0,
            44.0,
            44.0,
            44.0
        ],
        44.0
    ],
    "unreachable_jumper_count": [
        0.0,
        0.0,
        0.0,
        [
            0.0,
            0.0,
            0.0,
            0.0,
            0.0,
            0.0
        ],
        0.0
    ],
    "shortest_path": {
        "percent_useful_node_count": [
            0.7858910891089109,
            0.7827970297029703,
            0.7871287128712872,
            [
                0.7611386138613861,
                0.768440594059406,
                0.775990099009901,
                0.7896039603960396,
                0.7982673267326733,
                0.8044554455445545
            ],
            0.7838118811881191
        ],
        "percent_useful_wire_length": 61.53550788449682,
        "percent_reachable_sensors": 0.81816,
        "percent_useful_jumper_count": [
            0.6136363636363636,
            0.6136363636363636,
            0.6363636363636364,
            [
                0.5,
                0.5227272727272727,
                0.5681818181818182,
                0.6590909090909091,
                0.6818181818181818,
                0.7045454545454546
            ],
            0.6118181818181818
        ],
        "percent_useful_jumper_length": [
            0.11363636363636363,
            0.09090909090909091,
            0.11363636363636363,
            [
                0.09090909090909091,
                0.09090909090909091,
                0.09090909090909091,
                0.11363636363636363,
                0.13636363636363635,
                0.13636363636363635
            ],
            0.10636363636363635
        ],
        "percent_unreachable_bc_short_jumper": 0.18184,
        "percent_multiroute_reached_nodes": [
            0.25259853864361426,
            0.24784067440604418,
            0.25590277777777776,
            [
                0.21912225705329155,
                0.229827496131975,
                0.23901025079617835,
                0.2663970380503472,
                0.2815945697192821,
                0.284857253634895
            ],
            0.2531723214030356
        ],
        "path_length_max": [
            1478.84738648926,
            1453.7362857257801,
            1478.84738648926
        ],
        "path_length_avg": [
            685.2212961500024,
            682.4612127077063,
            687.5828148323119,
            [
                215.19118071919812,
                301.5751102053704,
                475.9770545300065,
                869.4815559798775,
                1029.2026096251045,
                1120.7905531615115
            ],
            674.8132153908168
        ],
        "path_node_count_max": [
            43.0,
            43.0,
            43.0
        ],
        "path_node_count_avg": [
            18.0,
            18.0,
            18.0,
            [
                5.0,
                8.0,
                12.0,
                23.0,
                28.0,
                31.0
            ],
            18.066612887454777
        ],
        "path_jumper_count_max": [
            4.0,
            3.0,
            4.0
        ],
        "path_jumper_count_avg": [
            1.0,
            1.0,
            1.0,
            [
                0.0,
                0.0,
                0.0,
                1.0,
                2.0,
                2.0
            ],
            0.7864354160555392
        ],
        "path_sensor_jumper_length_max": [
            19.999968607388016,
            19.99737793678821,
            19.999968607388016
        ],
        "path_sensor_jumper_length_avg": [
            8.004877795569442,
            7.938824056223247,
            8.060779231272758,
            [
                0.7096010785786708,
                1.4370263286750735,
                3.7416212617876803,
                13.158644270451283,
                16.947045670053505,
                18.39589408237904
            ],
            8.629069392356714
        ],
        "path_router_node_branches_max": [
            2.0,
            2.0,
            2.0
        ],
        "path_router_node_branches_avg": [
            2.0,
            2.0,
            2.0,
            [
                2.0,
                2.0,
                2.0,
                2.0,
                2.0,
                2.0
            ],
            2.0
        ],
        "graph_max_wire_length": [
            1242.9311968092595,
            1209.3991646007976,
            1293.4842179224697,
            [
                1022.1152711197013,
                1059.4834618618909,
                1145.8040125479763,
                1337.5767990340453,
                1403.8034966650605,
                1428.3404264804929
            ],
            1239.2125000592748
        ],
        "graph_avg_wire_length": [
            673.7752535382823,
            644.3780960721014,
            696.9396621112918,
            [
                584.3806601073171,
                591.8109210962194,
                608.792493068717,
                729.9409751473852,
                769.0550994432259,
                796.0734275844276
            ],
            676.2681881114775
        ],
        "graph_max_node_count": [
            35.0,
            34.0,
            36.0,
            [
                29.0,
                30.0,
                32.75,
                38.0,
                40.0,
                42.05
            ],
            35.49
        ],
        "graph_avg_node_count": [
            18.72783430344289,
            17.945999647723024,
            19.40836753731343,
            [
                16.36934756275845,
                16.452495102065626,
                16.903690299240843,
                20.53319725629279,
                21.855782737742746,
                22.225559619458767
            ],
            18.90306629509537
        ],