{
    "total_wire_length": 56072.74359060501,
    "total_jumper_length": 6630.627615421477,
    "total_jumper_count": 335,
    "center_node_count": 1869,
    "edge_node_count": 305,
    "total_node_count": 2174,
    "reachable_node_count": [
        2174.0,
        2174.0,
        2174.0,
        [
            2174.0,
            2174.0,
            2174.0,
            2174.0,
            2174.0,
            2174.0
        ],
        2174.0
    ],
    "unreachable_node_count": [
        0.0,
        0.0,
        0.0,
        [
            0.0,
            0.0,
            0.0,
            0.0,
            0.0,
            0.0
        ],
        0.0
    ],
    "reachable_wire_length": [
        56072.74359060501,
        56072.74359060501,
        56072.74359060501,
        [
            56072.74359060501,
            56072.74359060501,
            56072.74359060501,
            56072.74359060501,
            56072.74359060501,
            56072.74359060501
        ],
        56072.74359060501
    ],
    "unreachable_wire_length": [
        0.0,
        0.0,
        0.0,
        [
            0.0,
            0.0,
            0.0,
            0.0,
            0.0,
            0.0
        ],
        0.0
    ],
    "reachable_jumper_length": [
        6630.627615421474,
        6630.627615421474,
        6630.627615421474,
        [
            6630.627615421474,
            6630.627615421474,
            6630.627615421474,
            6630.627615421474,
            6630.627615421474,
            6630.627615421474
        ],
        6630.627615421471
    ],
    "unreachable_jumper_length": [
        0.0,
        0.0,
        0.0,
        [
            0.0,
            0.0,
            0.0,
            0.0,
            0.0,
            0.0
        ],
        0.0
    ],
    "reachable_jumper_count": [
        335.0,
        335.0,
        335.0,
        [
            335.0,
            335.0,
            335.0,
            335.0,
            335.0,
            335.0
        ],
        335.0
    ],
    "unreachable_jumper_count": [
        0.0,
        0.0,
        0.0,
        [
            0.0,
            0.0,
            0.0,
            0.0,
            0.0,
            0.0
        ],
        0.0
    ],
    "shortest_path": {
        "percent_useful_node_count": [
            0.8088776448942042,
            0.8058877644894205,
            0.8114075436982521,
            [
                0.7916283348666053,
                0.7934682612695492,
                0.8022079116835327,
                0.8161223551057958,
                0.8239190432382705,
                0.828541858325667
            ],
            0.8093376264949402
        ],
        "percent_useful_wire_length": 60.40565233724423,
        "percent_reachable_sensors": 1.0,
        "percent_useful_jumper_count": [
            0.40746268656716417,
            0.3970149253731343,
            0.41492537313432837,
            [
                0.3340298507462687,
                0.35492537313432837,
                0.382089552238806,
                0.42686567164179107,
                0.4417910447761194,
                0.44791044776119404
            ],
            0.40176119402985067
        ],
        "percent_useful_jumper_length": [
            0.011940298507462687,
            0.011940298507462687,
            0.014925373134328358,
            [
                0.008955223880597015,
                0.008955223880597015,
                0.008955223880597015,
                0.014925373134328358,
                0.01791044776119403,
                0.01791044776119403
            ],
            0.012746268656716415
        ],
        "percent_unreachable_bc_short_jumper": 0.0,
        "percent_multiroute_reached_nodes": [
            0.16113683898718567,
            0.156873500908866,
            0.16487252124645893,
            [
                0.13240652855213925,
                0.13620448937639623,
                0.1521361044947695,
                0.17495288778927198,
                0.18876779461321072,
                0.19280075553071474
            ],
            0.16265455314646424
        ],
        "path_length_max": [
            1816.5189446429586,
            1797.2790791013651,
            1816.5189446429586
        ],
        "path_length_avg": [
            591.4032447762688,
            589.1881917974315,
            593.44150707742,
            [
                174.0659915111005,
                244.31068526763394,
                399.97856673689546,
                801.4392392737268,
                1025.3770144584107,
                1164.8483512257487
            ],
            618.4081038618909
        ],
        "path_node_count_max": [
            89.0,
            88.0,
            89.0
        ],
        "path_node_count_avg": [
            30.0,
            30.0,
            30.0,
            [
                8.0,
                12.0,
                20.0,
                41.0,
                51.0,
                58.0
            ],
            31.31014
        ],
        "path_jumper_count_max": [
            41.0,
            40.0,
            41.0
        ],
        "path_jumper_count_avg": [
            2.0,
            2.0,
            2.0,
            [
                0.0,
                0.0,
                1.0,
                9.0,
                16.0,
                20.0
            ],
            5.56301
        ],
        "path_sensor_jumper_length_max": [
            26.387485201888005,
            24.114057608180865,
            26.387485201888005
        ],
        "path_sensor_jumper_length_avg": [
            5.081374173032943,
            5.0424858208897785,
            5.12002003578811,
            [
                0.4386129817616098,
                0.8895760047508674,
                2.315670188524108,
                8.710049473656845,
                11.946626585059462,
                13.547527499613304
            ],
            5.804868727568587
        ],
        "path_router_node_branches_max": [
            4.0,
            4.0,
            4.0
        ],
        "path_router_node_branches_avg": [
            2.0,
            2.0,
            2.0,
            [
                2.0,
                2.0,
                2.0,
                2.0,
                3.0,
                3.0
            ],
            2.148409893992933
        ],
        "graph_max_wire_length": [
            1225.8229123363494,
            1194.5056472875856,
            1322.753008354318,
            [
                1018.0768744508782,
                1049.2756112626373,
                1125.344316228238,
                1481.4850188370726,
                1658.5646178338955,
                1739.0001959019885
            ],
            1303.2060007090558
        ],
        "graph_avg_wire_length": [
            566.0300354205713,
            542.1343257965315,
            593.3006457406718,
            [
                486.490147576807,
                493.01117458554023,
                510.2682572328475,
                689.5140670149061,
                847.7614933609303,
                902.0594525566535
            ],
            616.0895564832771
        ],
        "graph_max_node_count": [
            62.0,
            59.5,
            66.0,
            [
                50.95,
                53.0,
                56.75,
                76.0,
                82.10000000000001,
                85.05
            ],
            65.2
        ],
        "graph_avg_node_count": [
            29.810169292952963,
            28.475156730524105,
            31.13499721394142,
            [
                25.340289318550475,
                25.87444504689705,
                26.827553043874456,
                36.03575801284562,
                42.172455148068956,
                44.15065170413441
            ],
            31.903415419254515
        ],