{
    "total_wire_length": 7281.27931190353,
    "total_jumper_length": 731.5460699517608,
    "total_jumper_count": 17,
    "center_node_count": 61,
    "edge_node_count": 47,
    "total_node_count": 108,
    "reachable_node_count": [
        108.0,
        108.0,
        108.0,
        [
            108.0,
            108.0,
            108.0,
            108.0,
            108.0,
            108.0
        ],
        108.0
    ],
    "unreachable_node_count": [
        0.0,
        0.0,
        0.0,
        [
            0.0,
            0.0,
            0.0,
            0.0,
            0.0,
            0.0
        ],
        0.0
    ],
    "reachable_wire_length": [
        7281.279311903528,
        7281.279311903528,
        7281.279311903528,
        [
            7281.279311903528,
            7281.279311903528,
            7281.279311903528,
            7281.279311903528,
            7281.279311903528,
            7281.279311903528
        ],
        7281.279311903529
    ],
    "unreachable_wire_length": [
        0.0,
        0.0,
        0.0,
        [
            0.0,
            0.0,
            0.0,
            0.0,
            0.0,
            0.0
        ],
        0.0
    ],
    "reachable_jumper_length": [
        731.5460699517608,
        731.5460699517608,
        731.5460699517608,
        [
            731.5460699517608,
            731.5460699517608,
            731.5460699517608,
            731.5460699517608,
            731.5460699517608,
            731.5460699517608
        ],
        731.5460699517607
    ],
    "unreachable_jumper_length": [
        0.0,
        0.0,
        0.0,
        [
            0.0,
            0.0,
            0.0,
            0.0,
            0.0,
            0.0
        ],
        0.0
    ],
    "reachable_jumper_count": [
        17.0,
        17.0,
        17.0,
        [
            17.0,
            17.0,
            17.0,
            17.0,
            17.0,
            17.0
        ],
        17.0
    ],
    "unreachable_jumper_count": [
        0.0,
        0.0,
        0.0,
        [
            0.0,
            0.0,
            0.0,
            0.0,
            0.0,
            0.0
        ],
        0.0
    ],
    "shortest_path": {
        "percent_useful_node_count": [
            0.8148148148148148,
            0.8055555555555556,
            0.8148148148148148,
            [
                0.7870370370370371,
                0.7870370370370371,
                0.7962962962962963,
                0.8333333333333334,
                0.8342592592592594,
                0.8523148148148147
            ],
            0.8143518518518519
        ],
        "percent_useful_wire_length": 74.5043775586783,
        "percent_reachable_sensors": 0.99538,
        "percent_useful_jumper_count": [
            0.8235294117647058,
            0.7647058823529411,
            0.8235294117647058,
            [
                0.7058823529411765,
                0.7058823529411765,
                0.7647058823529411,
                0.8235294117647058,
                0.8823529411764706,
                0.8823529411764706
            ],
            0.801764705882353
        ],
        "percent_useful_jumper_length": [
            0.23529411764705882,
            0.23529411764705882,
            0.23529411764705882,
            [
                0.17647058823529413,
                0.17647058823529413,
                0.23529411764705882,
                0.25,
                0.29411764705882354,
                0.29411764705882354
            ],
            0.24117647058823524
        ],
        "percent_unreachable_bc_short_jumper": 0.00462,
        "percent_multiroute_reached_nodes": [
            0.3977272727272727,
            0.3953488372093023,
            0.4011494252873563,
            [
                0.362528750319448,
                0.3665591397849462,
                0.3813444401394808,
                0.41127450980392155,
                0.4235294117647059,
                0.42865448504983383
            ],
            0.3961747523960446
        ],
        "path_length_max": [
            1104.3091703244409,
            1094.2351992011893,
            1104.3091703244409
        ],
        "path_length_avg": [
            494.9747736094869,
            493.4588932229924,
            496.6565305886158,
            [
                168.75439531061383,
                232.33179983088687,
                352.8846660166146,
                618.8323439458765,
                721.847119887289,
                782.3458914916488
            ],
            486.0352108565784
        ],
        "path_node_count_max": [
            18.0,
            18.0,
            18.0
        ],
        "path_node_count_avg": [
            7.0,
            7.0,
            7.0,
            [
                2.0,
                3.0,
                5.0,
                9.0,
                11.0,
                13.0
            ],
            7.0572545158632884
        ],
        "path_jumper_count_max": [
            6.0,
            6.0,
            6.0
        ],
        "path_jumper_count_avg": [
            1.0,
            1.0,
            1.0,
            [
                0.0,
                0.0,
                0.0,
                1.0,
                2.0,
                3.0
            ],
            0.9818360827020837
        ],
        "path_sensor_jumper_length_max": [
            79.99831380775137,
            79.70012543216906,
            79.99831380775137
        ],
        "path_sensor_jumper_length_avg": [
            21.17092449747798,
            21.000257484086063,
            21.320116366755574,
            [
                1.7759945844004195,
                3.6177514322217816,
                9.508342817856722,
                36.56272020992484,
                50.317624947071465,
                57.11710548268585
            ],
            24.301137984829232
        ],
        "path_router_node_branches_max": [
            2.0,
            2.0,
            2.0
        ],
        "path_router_node_branches_avg": [
            2.0,
            2.0,
            2.0,
            [
                2.0,
                2.0,
                2.0,
                2.0,
                2.0,
                2.0
            ],
            2.0
        ],
        "graph_max_wire_length": [
            846.6807292783571,
            825.8867809971339,
            861.1665355601418,
            [
                702.6218775893684,
                743.6775861354013,
                781.7315340005189,
                894.9152525285892,
                954.0294284547326,
                977.2415781199464
            ],
            843.4748490982195
        ],
        "graph_avg_wire_length": [
            474.4876209392117,
            456.9295787122335,
            485.41659395611066,
            [
                408.73017647472676,
                414.89902412241435,
                437.3414412288637,
                502.1555610463378,
                540.7759533214615,
                578.3421909688083
            ],
            477.0393243852879
        ],
        "graph_max_node_count": [
            15.0,
            14.0,
            15.0,
            [
                12.0,
                13.0,
                13.0,
                16.0,
                18.0,
                18.0
            ],
            14.85
        ],
        "graph_avg_node_count": [
            7.682242990654205,
            7.527777777777778,
            7.840544327168159,
            [
                6.704761904761905,
                6.790350404312669,
                7.318396226415095,
                8.546717171717171,
                9.106178608515059,
                9.731782407407406
            ],
            7.928277105882301
        ],