{
    "total_wire_length": 5086.27207686017,
    "total_jumper_length": 445.86682173533694,
    "total_jumper_count": 8,
    "center_node_count": 21,
    "edge_node_count": 25,
    "total_node_count": 46,
    "reachable_node_count": [
        46.0,
        46.0,
        46.0,
        [
            46.0,
            46.0,
            46.0,
            46.0,
            46.0,
            46.0
        ],
        46.0
    ],
    "unreachable_node_count": [
        0.0,
        0.0,
        0.0,
        [
            0.0,
            0.0,
            0.0,
            0.0,
            0.0,
            0.0
        ],
        0.0
    ],
    "reachable_wire_length": [
        5086.272076860169,
        5086.272076860169,
        5086.272076860169,
        [
            5086.272076860169,
            5086.272076860169,
            5086.272076860169,
            5086.272076860169,
            5086.272076860169,
            5086.272076860169
        ],
        5086.272076860171
    ],
    "unreachable_wire_length": [
        0.0,
        0.0,
        0.0,
        [
            0.0,
            0.0,
            0.0,
            0.0,
            0.0,
            0.0
        ],
        0.0
    ],
    "reachable_jumper_length": [
        445.8668217353369,
        445.8668217353369,
        445.8668217353369,
        [
            445.8668217353369,
            445.8668217353369,
            445.8668217353369,
            445.8668217353369,
            445.8668217353369,
            445.8668217353369
        ],
        445.86682173533677
    ],
    "unreachable_jumper_length": [
        0.0,
        0.0,
        0.0,
        [
            0.0,
            0.0,
            0.0,
            0.0,
            0.0,
            0.0
        ],
        0.0
    ],
    "reachable_jumper_count": [
        8.0,
        8.0,
        8.0,
        [
            8.0,
            8.0,
            8.0,
            8.0,
            8.0,
            8.0
        ],
        8.0
    ],
    "unreachable_jumper_count": [
        0.0,
        0.0,
        0.0,
        [
            0.0,
            0.0,
            0.0,
            0.0,
            0.0,
            0.0
        ],
        0.0
    ],
    "shortest_path": {
        "percent_useful_node_count": [
            0.782608695652174,
            0.7608695652173914,
            0.782608695652174,
            [
                0.717391304347826,
                0.7369565217391304,
                0.7608695652173914,
                0.7880434782608696,
                0.8260869565217391,
                0.8478260869565217
            ],
            0.7756521739130434
        ],
        "percent_useful_wire_length": 79.45130683186355,
        "percent_reachable_sensors": 0.98883,
        "percent_useful_jumper_count": [
            0.875,
            0.875,
            1.0,
            [
                0.75,
                0.75,
                0.875,
                1.0,
                1.0,
                1.0
            ],
            0.91375
        ],
        "percent_useful_jumper_length": [
            0.375,
            0.375,
            0.5,
            [
                0.375,
                0.375,
                0.375,
                0.5,
                0.5,
                0.5
            ],
            0.42875
        ],
        "percent_unreachable_bc_short_jumper": 0.01117,
        "percent_multiroute_reached_nodes": [
            0.44590643274853803,
            0.4358974358974359,
            0.4594594594594595,
            [
                0.3888888888888889,
                0.39473684210526316,
                0.4166666666666667,
                0.47647527910685805,
                0.5,
                0.5143290043290043
            ],
            0.449452575599344
        ],
        "path_length_max": [
            2073.5708994736956,
            2057.628434498258,
            2073.5708994736956
        ],
        "path_length_avg": [
            726.0166171598792,
            723.2822180869648,
            728.709598451998,
            [
                223.06895378821014,
                301.9018505037889,
                493.33528187326476,
                985.7903645500263,
                1252.4142809055763,
                1413.8049359988254
            ],
            758.0493476427584
        ],
        "path_node_count_max": [
            17.0,
            17.0,
            17.0
        ],
        "path_node_count_avg": [
            5.0,
            5.0,
            5.0,
            [
                1.0,
                2.0,
                3.0,
                7.0,
                10.0,
                12.0
            ],
            5.6589201379407985
        ],
        "path_jumper_count_max": [
            4.0,
            4.0,
            4.0
        ],
        "path_jumper_count_avg": [
            1.0,
            1.0,
            1.0,
            [
                0.0,
                0.0,
                0.0,
                1.0,
                2.0,
                3.0
            ],
            0.9810988744273536
        ],
        "path_sensor_jumper_length_max": [
            159.9829866372223,
            159.90290570856644,
            159.9829866372223
        ],
        "path_sensor_jumper_length_avg": [
            42.62975065181063,
            42.31743676108926,
            42.95888253875221,
            [
                3.7088758607973538,
                7.49503441800253,
                19.738675486434587,
                75.03792434543712,
                105.2815119255789,
                121.90324369753834
            ],
            50.28918185248807
        ],
        "path_router_node_branches_max": [
            2.0,
            2.0,
            2.0
        ],
        "path_router_node_branches_avg": [
            2.0,
            2.0,
            2.0,
            [
                2.0,
                2.0,
                2.0,
                2.0,
                2.0,
                2.0
            ],
            2.0
        ],
        "graph_max_wire_length": [
            1309.9227730115615,
            1261.3957359439748,
            1435.3547442065644,
            [
                1023.5726173753251,
                1106.4072585246438,
                1188.1656438709804,
                1569.922725495532,
                1727.5386929122353,
                1808.8996679782013
            ],
            1382.0621970838142
        ],
        "graph_avg_wire_length": [
            699.8787439520158,
            656.2965482883471,
            737.4974384956502,
            [
                565.6253452632433,
                588.9841017558438,
                618.17927615428,
                809.3800751751746,
                986.0065939508006,
                1058.532827307556
            ],
            737.1305622076159
        ],
        "graph_max_node_count": [
            12.0,
            12.0,
            13.0,
            [
                10.95,
                11.0,
                11.0,
                14.25,
                16.0,
                17.0
            ],
            13.0
        ],
        "graph_avg_node_count": [
            5.826086956521739,
            5.717391304347826,
            6.282051282051282,
            [
                5.184782608695652,
                5.195652173913044,
                5.533333333333333,
                6.810507246376812,
                8.906521739130437,
                9.065217391304348
            ],
            6.506336515124846
        ],
        "graph_max_jumper_count": [
            3.0,
            3.0,
            3.0,
            [
                2.0,
                2.0,
                2.0,
                3.0,
                4.0,
                4.0
            ],
            2.9
        ],