{
    "total_wire_length": 13052.261561023966,
    "total_jumper_length": 1123.9428112092296,
    "total_jumper_count": 53,
    "center_node_count": 219,
    "edge_node_count": 101,
    "total_node_count": 320,
    "reachable_node_count": [
        320.0,
        320.0,
        320.0,
        [
            320.0,
            320.0,
            320.0,
            320.0,
            320.0,
            320.0
        ],
        320.0
    ],
    "unreachable_node_count": [
        0.0,
        0.0,
        0.0,
        [
            0.0,
            0.0,
            0.0,
            0.0,
            0.0,
            0.0
        ],
        0.0
    ],
    "reachable_wire_length": [
        13052.261561023968,
        13052.261561023968,
        13052.261561023968,
        [
            13052.261561023968,
            13052.261561023968,
            13052.261561023968,
            13052.261561023968,
            13052.261561023968,
            13052.261561023968
        ],
        13052.261561023972
    ],
    "unreachable_wire_length": [
        0.0,
        0.0,
        0.0,
        [
            0.0,
            0.0,
            0.0,
            0.0,
            0.0,
            0.0
        ],
        0.0
    ],
    "reachable_jumper_length": [
        1123.9428112092294,
        1123.9428112092294,
        1123.9428112092294,
        [
            1123.9428112092294,
            1123.9428112092294,
            1123.9428112092294,
            1123.9428112092294,
            1123.9428112092294,
            1123.9428112092294
        ],
        1123.9428112092296
    ],
    "unreachable_jumper_length": [
        0.0,
        0.0,
        0.0,
        [
            0.0,
            0.0,
            0.0,
            0.0,
            0.0,
            0.0
        ],
        0.0
    ],
    "reachable_jumper_count": [
        53.0,
        53.0,
        53.0,
        [
            53.0,
            53.0,
            53.0,
            53.0,
            53.0,
            53.0
        ],
        53.0
    ],
    "unreachable_jumper_count": [
        0.0,
        0.0,
        0.0,
        [
            0.0,
            0.0,
            0.0,
            0.0,
            0.0,
            0.0
        ],
        0.0
    ],
    "shortest_path": {
        "percent_useful_node_count": [
            0.846875,
            0.84375,
            0.85,
            [
                0.8278125,
                0.83125,
                0.840625,
                0.853125,
                0.8596875,
                0.8625
            ],
            0.8459687499999998
        ],
        "percent_useful_wire_length": 69.57045054668102,
        "percent_reachable_sensors": 1.0,
        "percent_useful_jumper_count": [
            0.7169811320754716,
            0.6981132075471698,
            0.7358490566037735,
            [
                0.6415094339622641,
                0.660377358490566,
                0.6792452830188679,
                0.7735849056603774,
                0.8113207547169812,
                0.8311320754716981
            ],
            0.7232075471698113
        ],
        "percent_useful_jumper_length": [
            0.07547169811320754,
            0.07547169811320754,
            0.07547169811320754,
            [
                0.05660377358490566,
                0.05660377358490566,
                0.05660377358490566,
                0.09433962264150944,
                0.11320754716981132,
                0.11320754716981132
            ],
            0.08018867924528301
        ],
        "percent_unreachable_bc_short_jumper": 0.0,
        "percent_multiroute_reached_nodes": [
            0.31238382899628253,
            0.3082706766917293,
            0.3184352892218061,
            [
                0.27472527472527475,
                0.28033970045582807,
                0.29749007492730933,
                0.3272058823529412,
                0.33829555300891634,
                0.34325558219085844
            ],
            0.3116008776294949
        ],
        "path_length_max": [
            1390.8943329028887,
            1373.6487636703484,
            1390.8943329028887
        ],
        "path_length_avg": [
            449.58148566944215,
            447.80326163237334,
            451.04685043383535,
            [
                137.72651716675975,
                190.21350289423884,
                310.2974225695291,
                608.2200397737469,
                774.0993935062348,
                877.2793364570009
            ],
            471.039283729249
        ],
        "path_node_count_max": [
            39.0,
            39.0,
            39.0
        ],
        "path_node_count_avg": [
            12.0,
            12.0,
            13.0,
            [
                3.0,
                5.0,
                8.0,
                17.0,
                22.0,
                25.0
            ],
            13.06065
        ],
        "path_jumper_count_max": [
            12.0,
            12.0,
            12.0
        ],
        "path_jumper_count_avg": [
            1.0,
            1.0,
            1.0,
            [
                0.0,
                0.0,
                1.0,
                2.0,
                3.0,
                5.0
            ],
            1.53905
        ],
        "path_sensor_jumper_length_max": [
            39.328395607517514,
            38.37588769980743,
            39.328395607517514
        ],
        "path_sensor_jumper_length_avg": [
            10.280692222299074,
            10.208488233175435,
            10.35290269308981,
            [
                0.8941531800458502,
                1.7956832499578599,
                4.695763135656384,
                17.557830719817453,
                24.140052118454214,
                27.3385670056653
            ],
            11.724194578072913
        ],
        "path_router_node_branches_max": [
            3.0,
            2.0,
            3.0
        ],
        "path_router_node_branches_avg": [
            2.0,
            2.0,
            2.0,
            [
                2.0,
                2.0,
                2.0,
                2.0,
                2.0,
                2.0
            ],
            2.026315789473684
        ],
        "graph_max_wire_length": [
            954.6096258666828,
            931.4909818659569,
            1009.5032535314689,
            [
                737.7999376897902,
                774.1933097055778,
                860.0292507986776,
                1062.8203427626722,
                1220.0462032091616,
                1241.3146198443103
            ],
            977.0981973867099
        ],
        "graph_avg_wire_length": [
            441.38507084970956,
            422.2808294572015,
            458.4457720369528,
            [
                362.5071401699522,
                372.1924906943573,
                395.71880665039185,
                488.86068385260904,
                591.530321334833,
                630.0900321807718
            ],
            460.9084051549806
        ],
        "graph_max_node_count": [
            29.0,
            27.0,
            29.0,
            [
                22.95,
                23.0,
                25.0,
                32.0,
                36.0,
                38.0
            ],
            29.04
        ],
        "graph_avg_node_count": [
            13.026143790849673,
            12.64870533169141,
            13.781456953642385,
            [
                10.746870042515388,
                11.021587301587301,
                11.560727967151443,
                14.4671335504886,
                17.63264204196834,
                18.29151410914179
            ],
            13.640716808589795
        ],