{
    "total_wire_length": 68288.030614358,
    "total_jumper_length": 27393.72394542821,
    "total_jumper_count": 702,
    "center_node_count": 2269,
    "edge_node_count": 337,
    "total_node_count": 2606,
    "reachable_node_count": [
        2606.0,
        2606.0,
        2606.0,
        [
            2606.0,
            2606.0,
            2606.0,
            2606.0,
            2606.0,
            2606.0
        ],
        2606.0
    ],
    "unreachable_node_count": [
        0.0,
        0.0,
        0.0,
        [
            0.0,
            0.0,
            0.0,
            0.0,
            0.0,
            0.0
        ],
        0.0
    ],
    "reachable_wire_length": [
        68288.03061435798,
        68288.03061435798,
        68288.03061435798,
        [
            68288.03061435798,
            68288.03061435798,
            68288.03061435798,
            68288.03061435798,
            68288.03061435798,
            68288.03061435798
        ],
        68288.03061435801
    ],
    "unreachable_wire_length": [
        0.0,
        0.0,
        0.0,
        [
            0.0,
            0.0,
            0.0,
            0.0,
            0.0,
            0.0
        ],
        0.0
    ],
    "reachable_jumper_length": [
        27393.72394542824,
        27393.72394542824,
        27393.72394542824,
        [
            27393.72394542824,
            27393.72394542824,
            27393.72394542824,
            27393.72394542824,
            27393.72394542824,
            27393.72394542824
        ],
        27393.723945428235
    ],
    "unreachable_jumper_length": [
        0.0,
        0.0,
        0.0,
        [
            0.0,
            0.0,
            0.0,
            0.0,
            0.0,
            0.0
        ],
        0.0
    ],
    "reachable_jumper_count": [
        702.0,
        702.0,
        702.0,
        [
            702.0,
            702.0,
            702.0,
            702.0,
            702.0,
            702.0
        ],
        702.0
    ],
    "unreachable_jumper_count": [
        0.0,
        0.0,
        0.0,
        [
            0.0,
            0.0,
            0.0,
            0.0,
            0.0,
            0.0
        ],
        0.0
    ],
    "shortest_path": {
        "percent_useful_node_count": [
            0.7933614735226401,
            0.787974865694551,
            0.796815042210284,
            [
                0.7685917114351496,
                0.7727551803530315,
                0.7824251726784344,
                0.8031465848042978,
                0.8079048349961627,
                0.8158864159631619
            ],
            0.7921412125863392
        ],
        "percent_useful_wire_length": 61.06621529004988,
        "percent_reachable_sensors": 1.0,
        "percent_useful_jumper_count": [
            0.18233618233618235,
            0.1794871794871795,
            0.18518518518518517,
            [
                0.1581196581196581,
                0.16381766381766383,
                0.17343304843304844,
                0.18945868945868946,
                0.19672364672364673,
                0.200997150997151
            ],
            0.18101139601139601
        ],
        "percent_useful_jumper_length": [
            0.005698005698005698,
            0.005698005698005698,
            0.007122507122507123,
            [
                0.004273504273504274,
                0.004273504273504274,
                0.005698005698005698,
                0.007122507122507123,
                0.007122507122507123,
                0.00719373219373219
            ],
            0.006168091168091167
        ],
        "percent_unreachable_bc_short_jumper": 0.0,
        "percent_multiroute_reached_nodes": [
            0.19274514565718984,
            0.18686059247816464,
            0.19797886836097056,
            [
                0.12437740736047699,
                0.13341649532729902,
                0.17493747921587202,
                0.20681762064380596,
                0.22032212304913099,
                0.23599623074856033
            ],
            0.1870545756290003
        ],
        "path_length_max": [
            2039.0701360355663,
            2015.1820072516355,
            2039.0701360355663
        ],
        "path_length_avg": [
            626.0860845326381,
            623.7420799874598,
            628.244496800057,
            [
                187.5522970003893,
                263.06888204468953,
                426.9516358133962,
                846.8267631801698,
                1095.8473023735137,
                1250.8876411818735
            ],
            658.1742864552112
        ],
        "path_node_count_max": [
            94.0,
            89.0,
            94.0
        ],
        "path_node_count_avg": [
            30.0,
            30.0,
            30.0,
            [
                9.0,
                13.0,
                20.0,
                40.0,
                51.0,
                58.0
            ],
            31.08188
        ],
        "path_jumper_count_max": [
            25.0,
            24.0,
            25.0
        ],
        "path_jumper_count_avg": [
            1.0,
            1.0,
            1.0,
            [
                0.0,
                0.0,
                1.0,
                5.0,
                9.0,
                11.0
            ],
            3.13702
        ],
        "path_sensor_jumper_length_max": [
            22.874238406519517,
            20.226891211358662,
            22.874238406519517
        ],
        "path_sensor_jumper_length_avg": [
            5.052042516409877,
            5.015591256980729,
            5.092227131837083,
            [
                0.43308475290222137,
                0.8917298465386598,
                2.324113511749,
                8.651223969819528,
                11.888717090269076,
                13.503090875279463
            ],
            5.77681695524326
        ],
        "path_router_node_branches_max": [
            7.0,
            5.0,
            7.0
        ],
        "path_router_node_branches_avg": [
            2.0,
            2.0,
            2.0,
            [
                2.0,
                2.0,
                2.0,
                2.0,
                3.0,
                4.0
            ],
            2.336182336182336
        ],
        "graph_max_wire_length": [
            1344.447425079065,
            1309.6952373427484,
            1387.9206045613128,
            [
                1084.8745879436058,
                1134.6294909103597,
                1197.3438296624263,
                1566.1208953175735,
                1823.9223948760914,
                1875.703550536898
            ],
            1404.167161608261
        ],
        "graph_avg_wire_length": [
            593.8154330054645,
            579.2276032038575,
            619.5059733194952,
            [
                536.1422605135589,
                538.1217055662939,
                555.9792931378471,
                730.7812914595429,
                902.237905584916,
                958.7315958080236
            ],
            655.551177135298
        ],
        "graph_max_node_count": [
            64.0,
            62.0,
            67.0,
            [
                50.0,
                53.0,
                57.0,
                76.0,
                84.0,
                88.05
            ],
            66.35
        ],
        "graph_avg_node_count": [
            29.47846292126977,
            28.254318618042227,
            30.007901359985922,
            [
                26.46351604026321,
                26.638278467626993,
                27.313891020721414,
                34.164161665210734,
                40.88282322608939,
                42.714482760138495
            ],
            31.48970754768341
        ],