{
    "total_wire_length": 139168.53719495214,
    "total_jumper_length": 605.8783634622384,
    "total_jumper_count": 125,
    "center_node_count": 4643,
    "edge_node_count": 465,
    "total_node_count": 5108,
    "reachable_node_count": [
        5108.0,
        5108.0,
        5108.0,
        [
            5108.0,
            5108.0,
            5108.0,
            5108.0,
            5108.0,
            5108.0
        ],
        5108.0
    ],
    "unreachable_node_count": [
        0.0,
        0.0,
        0.0,
        [
            0.0,
            0.0,
            0.0,
            0.0,
            0.0,
            0.0
        ],
        0.0
    ],
    "reachable_wire_length": [
        139168.53719495202,
        139168.53719495202,
        139168.53719495202,
        [
            139168.53719495202,
            139168.53719495202,
            139168.53719495202,
            139168.53719495202,
            139168.53719495202,
            139168.53719495202
        ],
        139168.537194952
    ],
    "unreachable_wire_length": [
        0.0,
        0.0,
        0.0,
        [
            0.0,
            0.0,
            0.0,
            0.0,
            0.0,
            0.0
        ],
        0.0
    ],
    "reachable_jumper_length": [
        605.8783634622386,
        605.8783634622386,
        605.8783634622386,
        [
            605.8783634622386,
            605.8783634622386,
            605.8783634622386,
            605.8783634622386,
            605.8783634622386,
            605.8783634622386
        ],
        605.8783634622386
    ],
    "unreachable_jumper_length": [
        0.0,
        0.0,
        0.0,
        [
            0.0,
            0.0,
            0.0,
            0.0,
            0.0,
            0.0
        ],
        0.0
    ],
    "reachable_jumper_count": [
        125.0,
        125.0,
        125.0,
        [
            125.0,
            125.0,
            125.0,
            125.0,
            125.0,
            125.0
        ],
        125.0
    ],
    "unreachable_jumper_count": [
        0.0,
        0.0,
        0.0,
        [
            0.0,
            0.0,
            0.0,
            0.0,
            0.0,
            0.0
        ],
        0.0
    ],
    "shortest_path": {
        "percent_useful_node_count": [
            0.6930305403288959,
            0.6886256851996868,
            0.6957713390759592,
            [
                0.6602975724353954,
                0.6654855129209084,
                0.6775156617071261,
                0.7089369616288175,
                0.7199490994518403,
                0.7369028974158183
            ],
            0.6932400156617071
        ],
        "percent_useful_wire_length": 49.51796990975166,
        "percent_reachable_sensors": 0.81935,
        "percent_useful_jumper_count": [
            0.432,
            0.424,
            0.456,
            [
                0.352,
                0.368,
                0.4,
                0.472,
                0.496,
                0.512
            ],
            0.4357600000000001
        ],
        "percent_useful_jumper_length": [
            0.032,
            0.032,
            0.04,
            [
                0.024,
                0.024,
                0.032,
                0.04,
                0.048,
                0.048
            ],
            0.0352
        ],
        "percent_unreachable_bc_short_jumper": 0.18065,
        "percent_multiroute_reached_nodes": [
            0.1338545691207152,
            0.12676718695461386,
            0.13770768797521823,
            [
                0.10569974177101212,
                0.1092503412499332,
                0.11956670567135352,
                0.14545439161898477,
                0.15424453759085213,
                0.15734011437030668
            ],
            0.1325772940364665
        ],
        "path_length_max": [
            3042.944892044731,
            3037.5490497630617,
            3042.944892044731
        ],
        "path_length_avg": [
            930.0845073499177,
            926.0833228082075,
            933.3010079351371,
            [
                269.68938712090596,
                385.5185942762361,
                627.4393460364474,
                1282.733836067261,
                1681.2406298536384,
                1901.3459588243738
            ],
            989.2033053336207
        ],
        "path_node_count_max": [
            163.0,
            161.0,
            163.0
        ],
        "path_node_count_avg": [
            48.0,
            48.0,
            48.0,
            [
                14.0,
                20.0,
                32.0,
                67.0,
                88.0,
                99.0
            ],
            51.26084091047782
        ],
        "path_jumper_count_max": [
            8.0,
            8.0,
            8.0
        ],
        "path_jumper_count_avg": [
            1.0,
            1.0,
            1.0,
            [
                0.0,
                0.0,
                1.0,
                2.0,
                3.0,
                4.0
            ],
            1.326551534753158
        ],
        "path_sensor_jumper_length_max": [
            9.999548377783528,
            9.998920460266591,
            9.999548377783528
        ],
        "path_sensor_jumper_length_avg": [
            4.015073407659461,
            3.9843757200530963,
            4.05026440092456,
            [
                0.3597564359074105,
                0.7347079202439715,
                1.9014187879130056,
                6.568956635956149,
                8.464597287579274,
                9.208421237958891
            ],
            4.325947701294813
        ],
        "path_router_node_branches_max": [
            2.0,
            2.0,
            2.0
        ],
        "path_router_node_branches_avg": [
            2.0,
            2.0,
            2.0,
            [
                2.0,
                2.0,
                2.0,
                2.0,
                2.0,
                2.0
            ],
            2.0
        ],
        "graph_max_wire_length": [
            2080.035959663475,
            1986.3013725880855,
            2118.6838848057573,
            [
                1680.3681473380047,
                1772.9269666177092,
                1887.763377651419,
                2247.923424473393,
                2853.6062279405014,
                2957.37457435876
            ],
            2157.7341492672936
        ],
        "graph_avg_wire_length": [
            895.7151649335705,
            880.1144102416027,
            918.654191739653,
            [
                774.0207450095709,
                780.6714140899912,
                810.7437959743025,
                998.2431213331363,
                1400.4398164077888,
                1493.8000026838324
            ],
            974.2028641316854
        ],
        "graph_max_node_count": [
            107.5,
            106.0,
            112.0,
            [
                86.9,
                92.9,
                100.0,
                119.25,
                152.10000000000002,
                154.14999999999998
            ],
            113.46
        ],
        "graph_avg_node_count": [
            47.03850546153748,
            46.090609786495236,
            48.61364337011778,
            [
                40.436996990669954,
                40.820074668590706,
                42.75894728857594,
                52.4928951085822,
                73.61784347207467,
                78.65375312276856
            ],
            51.13111155944807
        ],
        "graph_max_jumper_count": [
            6.0,
            5.0,
            6.0,
            [
                4.0,
                5.0,
                5.0,
                6.0,
                8.0,
                9.0
            ],
            5.95
        ],