{
    "total_wire_length": 67993.24682844969,
    "total_jumper_length": 50461.38535756939,
    "total_jumper_count": 648,
    "center_node_count": 2265,
    "edge_node_count": 233,
    "total_node_count": 2498,
    "reachable_node_count": [
        2498.0,
        2498.0,
        2498.0,
        [
            2498.0,
            2498.0,
            2498.0,
            2498.0,
            2498.0,
            2498.0
        ],
        2498.0
    ],
    "unreachable_node_count": [
        0.0,
        0.0,
        0.0,
        [
            0.0,
            0.0,
            0.0,
            0.0,
            0.0,
            0.0
        ],
        0.0
    ],
    "reachable_wire_length": [
        67993.24682844969,
        67993.24682844969,
        67993.24682844969,
        [
            67993.24682844969,
            67993.24682844969,
            67993.24682844969,
            67993.24682844969,
            67993.24682844969,
            67993.24682844969
        ],
        67993.24682844967
    ],
    "unreachable_wire_length": [
        0.0,
        0.0,
        0.0,
        [
            0.0,
            0.0,
            0.0,
            0.0,
            0.0,
            0.0
        ],
        0.0
    ],
    "reachable_jumper_length": [
        50461.3853575694,
        50461.3853575694,
        50461.3853575694,
        [
            50461.3853575694,
            50461.3853575694,
            50461.3853575694,
            50461.3853575694,
            50461.3853575694,
            50461.3853575694
        ],
        50461.38535756938
    ],
    "unreachable_jumper_length": [
        0.0,
        0.0,
        0.0,
        [
            0.0,
            0.0,
            0.0,
            0.0,
            0.0,
            0.0
        ],
        0.0
    ],
    "reachable_jumper_count": [
        648.0,
        648.0,
        648.0,
        [
            648.0,
            648.0,
            648.0,
            648.0,
            648.0,
            648.0
        ],
        648.0
    ],
    "unreachable_jumper_count": [
        0.0,
        0.0,
        0.0,
        [
            0.0,
            0.0,
            0.0,
            0.0,
            0.0,
            0.0
        ],
        0.0
    ],
    "shortest_path": {
        "percent_useful_node_count": [
            0.8042433947157727,
            0.8014411529223379,
            0.8088520816653323,
            [
                0.7841873498799039,
                0.7870296236989591,
                0.7948358686949559,
                0.8143514811849479,
                0.8198558847077662,
                0.824439551641313
            ],
            0.8045156124899921
        ],
        "percent_useful_wire_length": 62.48927179137275,
        "percent_reachable_sensors": 1.0,
        "percent_useful_jumper_count": [
            0.11265432098765432,
            0.1111111111111111,
            0.11574074074074074,
            [
                0.0941358024691358,
                0.10015432098765432,
                0.10802469135802469,
                0.12075617283950617,
                0.12515432098765433,
                0.1281635802469136
            ],
            0.11300925925925927
        ],
        "percent_useful_jumper_length": [
            0.0030864197530864196,
            0.0030864197530864196,
            0.0030864197530864196,
            [
                0.0015432098765432098,
                0.0015432098765432098,
                0.0015432098765432098,
                0.0030864197530864196,
                0.0030864197530864196,
                0.0030864197530864196
            ],
            0.0025308641975308644
        ],
        "percent_unreachable_bc_short_jumper": 0.0,
        "percent_multiroute_reached_nodes": [
            0.17107945470425223,
            0.16151733391121828,
            0.1807044410413476,
            [
                0.1211342922423458,
                0.12805194157577318,
                0.1441476088050616,
                0.19062009431069088,
                0.20631072032345918,
                0.21271397664923672
            ],
            0.16852103357864753
        ],
        "path_length_max": [
            1511.6398285485536,
            1495.1436906310673,
            1511.6398285485536
        ],
        "path_length_avg": [
            611.370905265107,
            608.7691957823121,
            613.6911718810873,
            [
                188.10522261200848,
                265.0219450791001,
                413.0048019902772,
                831.0593986704692,
                1006.8001580466312,
                1098.6685012399028
            ],
            625.977541424383
        ],
        "path_node_count_max": [
            70.0,
            67.0,
            70.0
        ],
        "path_node_count_avg": [
            27.0,
            27.0,
            27.0,
            [
                9.0,
                12.0,
                19.0,
                36.0,
                44.0,
                48.0
            ],
            27.65105
        ],
        "path_jumper_count_max": [
            17.0,
            17.0,
            17.0
        ],
        "path_jumper_count_avg": [
            1.0,
            1.0,
            1.0,
            [
                0.0,
                0.0,
                0.0,
                4.0,
                6.0,
                7.0
            ],
            2.27744
        ],
        "path_sensor_jumper_length_max": [
            20.60203059994719,
            18.356438262445586,
            20.60203059994719
        ],
        "path_sensor_jumper_length_avg": [
            5.078455684352192,
            5.044133623945916,
            5.114545252695923,
            [
                0.43950499566798273,
                0.8862763235720881,
                2.324945889918234,
                8.671561068758358,
                11.923848840957183,
                13.568662468690157
            ],
            5.795719994739392
        ],
        "path_router_node_branches_max": [
            13.0,
            7.0,
            13.0
        ],
        "path_router_node_branches_avg": [
            2.0,
            2.0,
            2.0,
            [
                2.0,
                2.0,
                2.0,
                2.0,
                3.0,
                6.0
            ],
            2.4100719424460433
        ],
        "graph_max_wire_length": [
            1201.6113022786767,
            1147.217209846434,
            1243.2550733727098,
            [
                928.9285894432435,
                963.8286811975073,
                1093.160781698422,
                1304.559186549821,
                1386.2711710524682,
                1456.855558014219
            ],
            1193.318627436172
        ],
        "graph_avg_wire_length": [
            618.9760318135941,
            598.486168081839,
            640.5140428146857,
            [
                471.0063014565675,
                494.92796632621133,
                558.4965006349476,
                668.5146807250113,
                749.8248015138969,
                794.9318165225045
            ],
            620.7390171407451
        ],
        "graph_max_node_count": [
            54.0,
            52.0,
            57.0,
            [
                44.0,
                45.0,
                50.0,
                59.25,
                64.10000000000001,
                66.05
            ],
            54.57
        ],
        "graph_avg_node_count": [
            27.520616493194556,
            26.63902622097678,
            28.713223067440733,
            [
                19.851070707070708,
                21.898908787289344,
                24.791680987469878,
                31.124439750311414,
                33.46188951160929,
                35.155513032126585
            ],
            27.86053586734713
        ],