{
    "total_wire_length": 265079.54421362723,
    "total_jumper_length": 144519.37090244915,
    "total_jumper_count": 3699,
    "center_node_count": 5306,
    "edge_node_count": 906,
    "total_node_count": 6212,
    "reachable_node_count": [
        6212.0,
        6212.0,
        6212.0,
        [
            6212.0,
            6212.0,
            6212.0,
            6212.0,
            6212.0,
            6212.0
        ],
        6212.0
    ],
    "unreachable_node_count": [
        0.0,
        0.0,
        0.0,
        [
            0.0,
            0.0,
            0.0,
            0.0,
            0.0,
            0.0
        ],
        0.0
    ],
    "reachable_wire_length": [
        265079.54421362723,
        265079.54421362723,
        265079.54421362723,
        [
            265079.54421362723,
            265079.54421362723,
            265079.54421362723,
            265079.54421362723,
            265079.54421362723,
            265079.54421362723
        ],
        265079.5442136273
    ],
    "unreachable_wire_length": [
        0.0,
        0.0,
        0.0,
        [
            0.0,
            0.0,
            0.0,
            0.0,
            0.0,
            0.0
        ],
        0.0
    ],
    "reachable_jumper_length": [
        144519.37090244962,
        144519.37090244962,
        144519.37090244962,
        [
            144519.37090244962,
            144519.37090244962,
            144519.37090244962,
            144519.37090244962,
            144519.37090244962,
            144519.37090244962
        ],
        144519.3709024496
    ],
    "unreachable_jumper_length": [
        0.0,
        0.0,
        0.0,
        [
            0.0,
            0.0,
            0.0,
            0.0,
            0.0,
            0.0
        ],
        0.0
    ],
    "reachable_jumper_count": [
        3699.0,
        3699.0,
        3699.0,
        [
            3699.0,
            3699.0,
            3699.0,
            3699.0,
            3699.0,
            3699.0
        ],
        3699.0
    ],
    "unreachable_jumper_count": [
        0.0,
        0.0,
        0.0,
        [
            0.0,
            0.0,
            0.0,
            0.0,
            0.0,
            0.0
        ],
        0.0
    ],
    "shortest_path": {
        "percent_useful_node_count": [
            0.5777527366387637,
            0.5759819703799098,
            0.5820991629104958,
            [
                0.5606084996780426,
                0.5638924661944623,
                0.5714745653573728,
                0.5867273019961364,
                0.5965872504829363,
                0.6021812620734063
            ],
            0.5795621377978106
        ],
        "percent_useful_wire_length": 26.7289050993958,
        "percent_reachable_sensors": 1.0,
        "percent_useful_jumper_count": [
            0.037037037037037035,
            0.036226007028926734,
            0.03757772370911057,
            [
                0.03295485266288186,
                0.0340632603406326,
                0.03541497702081644,
                0.03933495539334955,
                0.041389564747228984,
                0.04325493376588267
            ],
            0.03741011084076777
        ],
        "percent_useful_jumper_length": [
            0.0013517166801838335,
            0.0010813733441470668,
            0.0013517166801838335,
            [
                0.0008110300081103001,
                0.0008110300081103001,
                0.0010813733441470668,
                0.0013517166801838335,
                0.0016220600162206002,
                0.0016220600162206002
            ],
            0.0012435793457691267
        ],
        "percent_unreachable_bc_short_jumper": 0.0,
        "percent_multiroute_reached_nodes": [
            0.36666070861448297,
            0.36176959966651345,
            0.369006163322366,
            [
                0.33110432751509516,
                0.33804121770536133,
                0.3492522112981471,
                0.37512307598624733,
                0.38674490788345633,
                0.3901964896201279
            ],
            0.36383003128560903
        ],
        "path_length_max": [
            1636.7026980467642,
            1607.870791867754,
            1636.7026980467642
        ],
        "path_length_avg": [
            731.7323131214736,
            729.1964881290535,
            734.2723860756412,
            [
                226.72068860592412,
                318.269428673676,
                504.1064854814963,
                941.6770638803721,
                1117.8721376610588,
                1210.7224636886378
            ],
            725.5623456086593
        ],
        "path_node_count_max": [
            85.0,
            83.0,
            85.0
        ],
        "path_node_count_avg": [
            37.0,
            37.0,
            37.0,
            [
                11.0,
                16.0,
                25.0,
                48.0,
                57.0,
                62.0
            ],
            36.63235
        ],
        "path_jumper_count_max": [
            31.0,
            30.0,
            31.0
        ],
        "path_jumper_count_avg": [
            1.0,
            1.0,
            1.0,
            [
                0.0,
                0.0,
                0.0,
                2.0,
                4.0,
                7.0
            ],
            1.63371
        ],
        "path_sensor_jumper_length_max": [
            17.261870040738543,
            17.219280676866752,
            17.261870040738543
        ],
        "path_sensor_jumper_length_avg": [
            2.467400111560744,
            2.447693699415144,
            2.4872247268442487,
            [
                0.20313800173845212,
                0.40948355367812617,
                1.0864574395547917,
                4.650634085920229,
                8.933274005930048,
                11.41813901717029
            ],
            3.5639905360625947
        ],
        "path_router_node_branches_max": [
            12.0,
            9.0,
            12.0
        ],
        "path_router_node_branches_avg": [
            2.0,
            2.0,
            2.0,
            [
                2.0,
                2.0,
                2.0,
                2.0,
                3.0,
                5.0
            ],
            2.3864844343204252
        ],
        "graph_max_wire_length": [
            1363.255674347567,
            1318.3730191833533,
            1421.00946439331,
            [
                1137.735137210041,
                1172.923217655878,
                1249.6005990903827,
                1468.4002098012875,
                1516.8620420726716,
                1528.5412990331668
            ],
            1358.3126902113313
        ],
        "graph_avg_wire_length": [
            706.316482639073,
            683.2306324313035,
            739.6326427424074,
            [
                629.0336164514488,
                636.0737468868529,
                656.6840321212878,
                781.408855064143,
                855.451632987037,
                888.169118544664
            ],
            727.3138785989713
        ],
        "graph_max_node_count": [
            71.5,
            70.0,
            75.0,
            [
                59.95,
                61.0,
                66.0,
                77.0,
                80.0,
                82.0
            ],
            71.48
        ],
        "graph_avg_node_count": [
            36.17660003688184,
            35.10790642779999,
            37.47128541532518,
            [
                32.85854083272485,
                32.90883600207471,
                33.704748828305775,
                40.178646168705725,
                42.726646397149906,
                44.578259819703796
            ],
            37.20666485529688
        ],