{
    "total_wire_length": 73047.02887987548,
    "total_jumper_length": 93806.67904084528,
    "total_jumper_count": 1284,
    "center_node_count": 733,
    "edge_node_count": 339,
    "total_node_count": 1072,
    "reachable_node_count": [
        1072.0,
        1072.0,
        1072.0,
        [
            1072.0,
            1072.0,
            1072.0,
            1072.0,
            1072.0,
            1072.0
        ],
        1072.0
    ],
    "unreachable_node_count": [
        0.0,
        0.0,
        0.0,
        [
            0.0,
            0.0,
            0.0,
            0.0,
            0.0,
            0.0
        ],
        0.0
    ],
    "reachable_wire_length": [
        73047.02887987545,
        73047.02887987545,
        73047.02887987545,
        [
            73047.02887987545,
            73047.02887987545,
            73047.02887987545,
            73047.02887987545,
            73047.02887987545,
            73047.02887987545
        ],
        73047.02887987543
    ],
    "unreachable_wire_length": [
        0.0,
        0.0,
        0.0,
        [
            0.0,
            0.0,
            0.0,
            0.0,
            0.0,
            0.0
        ],
        0.0
    ],
    "reachable_jumper_length": [
        93806.67904084537,
        93806.67904084537,
        93806.67904084537,
        [
            93806.67904084537,
            93806.67904084537,
            93806.67904084537,
            93806.67904084537,
            93806.67904084537,
            93806.67904084537
        ],
        93806.67904084537
    ],
    "unreachable_jumper_length": [
        0.0,
        0.0,
        0.0,
        [
            0.0,
            0.0,
            0.0,
            0.0,
            0.0,
            0.0
        ],
        0.0
    ],
    "reachable_jumper_count": [
        1284.0,
        1284.0,
        1284.0,
        [
            1284.0,
            1284.0,
            1284.0,
            1284.0,
            1284.0,
            1284.0
        ],
        1284.0
    ],
    "unreachable_jumper_count": [
        0.0,
        0.0,
        0.0,
        [
            0.0,
            0.0,
            0.0,
            0.0,
            0.0,
            0.0
        ],
        0.0
    ],
    "shortest_path": {
        "percent_useful_node_count": [
            0.7192164179104478,
            0.7159514925373134,
            0.7220149253731343,
            [
                0.6995335820895522,
                0.7042910447761194,
                0.7089552238805971,
                0.726679104477612,
                0.7350746268656716,
                0.737919776119403
            ],
            0.7184514925373132
        ],
        "percent_useful_wire_length": 40.919369130422695,
        "percent_reachable_sensors": 1.0,
        "percent_useful_jumper_count": [
            0.07320872274143302,
            0.07009345794392523,
            0.07476635514018691,
            [
                0.05992990654205607,
                0.0630841121495327,
                0.06775700934579439,
                0.0778816199376947,
                0.08099688473520249,
                0.08337227414330217
            ],
            0.07234423676012461
        ],
        "percent_useful_jumper_length": [
            0.003115264797507788,
            0.003115264797507788,
            0.003115264797507788,
            [
                0.002336448598130841,
                0.002336448598130841,
                0.0029205607476635513,
                0.003894080996884735,
                0.003894080996884735,
                0.003894080996884735
            ],
            0.00322429906542056
        ],
        "percent_unreachable_bc_short_jumper": 0.0,
        "percent_multiroute_reached_nodes": [
            0.41954915944982174,
            0.41557630757223896,
            0.4240680773530995,
            [
                0.38302509907529725,
                0.3944760307591623,
                0.40673145641208885,
                0.43264113778252594,
                0.44216825270948984,
                0.44662288176193604
            ],
            0.41905433128694297
        ],
        "path_length_max": [
            1810.4616269209278,
            1769.9747338380012,
            1810.4616269209278
        ],
        "path_length_avg": [
            573.7526105252057,
            571.7517715103718,
            575.8389503109127,
            [
                181.0649726425196,
                248.59735058210603,
                395.0915178374843,
                761.4663269684775,
                973.586820524856,
                1108.518210191236
            ],
            595.6373292100277
        ],
        "path_node_count_max": [
            47.0,
            45.0,
            47.0
        ],
        "path_node_count_avg": [
            15.0,
            15.0,
            15.0,
            [
                5.0,
                7.0,
                11.0,
                20.0,
                25.0,
                28.0
            ],
            15.6071
        ],
        "path_jumper_count_max": [
            11.0,
            11.0,
            11.0
        ],
        "path_jumper_count_avg": [
            1.0,
            1.0,
            1.0,
            [
                0.0,
                0.0,
                1.0,
                2.0,
                4.0,
                5.0
            ],
            1.72246
        ],
        "path_sensor_jumper_length_max": [
            40.67910934896028,
            38.1890163539267,
            40.67910934896028
        ],
        "path_sensor_jumper_length_avg": [
            5.025839203631984,
            4.980357145033023,
            5.063974743091468,
            [
                0.4105434482111053,
                0.8312457074483528,
                2.228582877882404,
                9.446521592975387,
                18.197590560840737,
                23.131122885701352
            ],
            7.248172042896084
        ],
        "path_router_node_branches_max": [
            16.0,
            9.0,
            16.0
        ],
        "path_router_node_branches_avg": [
            2.0,
            2.0,
            2.0,
            [
                2.0,
                2.0,
                2.0,
                3.0,
                4.400000000000034,
                7.0
            ],
            2.769716088328076
        ],
        "graph_max_wire_length": [
            1234.1849060449076,
            1207.140030532178,
            1266.2598311417637,
            [
                1014.7243476469765,
                1039.0389693579243,
                1116.2111041301223,
                1349.135789821028,
                1581.6027815156176,
                1689.623371545407
            ],
            1257.690266565077
        ],
        "graph_avg_wire_length": [
            566.3439624648453,
            546.5995675349308,
            584.3166527539806,
            [
                493.88838178170784,
                499.4257244493535,
                514.4106170791423,
                627.4050376880424,
                773.5104733891126,
                891.9548359564552
            ],
            595.6637017132805
        ],
        "graph_max_node_count": [
            32.0,
            31.0,
            34.0,
            [
                26.0,
                27.0,
                29.0,
                36.25,
                41.0,
                44.05
            ],
            33.34
        ],
        "graph_avg_node_count": [
            15.457089552238806,
            14.83731975119698,
            16.1127809097841,
            [
                13.59498267352725,
                13.678151260504201,
                13.94472172180369,
                17.242274618287873,
                19.321011528883254,
                21.649377495775532
            ],
            16.071698470987727
        ],