{
    "total_wire_length": 166811.62613272606,
    "total_jumper_length": 12772.48108385679,
    "total_jumper_count": 644,
    "center_node_count": 1664,
    "edge_node_count": 532,
    "total_node_count": 2196,
    "reachable_node_count": [
        2196.0,
        2196.0,
        2196.0,
        [
            2196.0,
            2196.0,
            2196.0,
            2196.0,
            2196.0,
            2196.0
        ],
        2196.0
    ],
    "unreachable_node_count": [
        0.0,
        0.0,
        0.0,
        [
            0.0,
            0.0,
            0.0,
            0.0,
            0.0,
            0.0
        ],
        0.0
    ],
    "reachable_wire_length": [
        166811.62613272606,
        166811.62613272606,
        166811.62613272606,
        [
            166811.62613272606,
            166811.62613272606,
            166811.62613272606,
            166811.62613272606,
            166811.62613272606,
            166811.62613272606
        ],
        166811.62613272606
    ],
    "unreachable_wire_length": [
        0.0,
        0.0,
        0.0,
        [
            0.0,
            0.0,
            0.0,
            0.0,
            0.0,
            0.0
        ],
        0.0
    ],
    "reachable_jumper_length": [
        12772.481083856786,
        12772.481083856786,
        12772.481083856786,
        [
            12772.481083856786,
            12772.481083856786,
            12772.481083856786,
            12772.481083856786,
            12772.481083856786,
            12772.481083856786
        ],
        12772.481083856788
    ],
    "unreachable_jumper_length": [
        0.0,
        0.0,
        0.0,
        [
            0.0,
            0.0,
            0.0,
            0.0,
            0.0,
            0.0
        ],
        0.0
    ],
    "reachable_jumper_count": [
        644.0,
        644.0,
        644.0,
        [
            644.0,
            644.0,
            644.0,
            644.0,
            644.0,
            644.0
        ],
        644.0
    ],
    "unreachable_jumper_count": [
        0.0,
        0.0,
        0.0,
        [
            0.0,
            0.0,
            0.0,
            0.0,
            0.0,
            0.0
        ],
        0.0
    ],
    "shortest_path": {
        "percent_useful_node_count": [
            0.6798724954462659,
            0.6780510018214936,
            0.6826047358834244,
            [
                0.6666438979963569,
                0.668943533697632,
                0.6752049180327868,
                0.6877276867030966,
                0.6931238615664845,
                0.6976775956284152
            ],
            0.6808788706739527
        ],
        "percent_useful_wire_length": 32.8408533779221,
        "percent_reachable_sensors": 0.99978,
        "percent_useful_jumper_count": [
            0.20186335403726707,
            0.19798136645962733,
            0.20496894409937888,
            [
                0.16925465838509315,
                0.17841614906832298,
                0.1890527950310559,
                0.2127329192546584,
                0.2242236024844721,
                0.23610248447204968
            ],
            0.20138198757763973
        ],
        "percent_useful_jumper_length": [
            0.007763975155279503,
            0.006211180124223602,
            0.007763975155279503,
            [
                0.004658385093167702,
                0.004658385093167702,
                0.006211180124223602,
                0.007763975155279503,
                0.009316770186335404,
                0.009316770186335404
            ],
            0.007003105590062112
        ],
        "percent_unreachable_bc_short_jumper": 0.00022,
        "percent_multiroute_reached_nodes": [
            0.3708654501353438,
            0.3687203879714145,
            0.3763440860215054,
            [
                0.3475610191993464,
                0.3521074501266459,
                0.36070119321449107,
                0.3798815974312663,
                0.38662149880194996,
                0.38924222141089615
            ],
            0.37029855046129184
        ],
        "path_length_max": [
            2608.4087450466254,
            2545.540118460562,
            2608.4087450466254
        ],
        "path_length_avg": [
            851.8903269355172,
            849.3108008163764,
            854.7917460713095,
            [
                260.05912423100875,
                362.47413969281934,
                580.406166161313,
                1120.3078594381757,
                1392.408651959901,
                1581.0359690347314
            ],
            869.9672596974331
        ],
        "path_node_count_max": [
            80.0,
            78.0,
            80.0
        ],
        "path_node_count_avg": [
            23.0,
            23.0,
            23.0,
            [
                7.0,
                10.0,
                16.0,
                31.0,
                40.0,
                46.0
            ],
            24.15335373782232
        ],
        "path_jumper_count_max": [
            38.0,
            36.0,
            38.0
        ],
        "path_jumper_count_avg": [
            1.0,
            1.0,
            1.0,
            [
                0.0,
                0.0,
                1.0,
                2.0,
                8.0,
                12.0
            ],
            2.6277681089839766
        ],
        "path_sensor_jumper_length_max": [
            39.822358807925774,
            39.231867693237895,
            39.822358807925774
        ],
        "path_sensor_jumper_length_avg": [
            4.988630304230934,
            4.94902771028303,
            5.021864559930201,
            [
                0.4063784684795405,
                0.8213617984376984,
                2.202812092463591,
                9.351120035546,
                17.999882219587004,
                22.993598367233044
            ],
            7.184742344510015
        ],
        "path_router_node_branches_max": [
            5.0,
            4.0,
            5.0
        ],
        "path_router_node_branches_avg": [
            2.0,
            2.0,
            2.0,
            [
                2.0,
                2.0,
                2.0,
                2.0,
                3.0,
                3.0
            ],
            2.2460456942003515
        ],
        "graph_max_wire_length": [
            1855.501073089273,
            1813.6339259576157,
            1893.731458996952,
            [
                1541.4478526108992,
                1578.7736585938912,
                1721.342871709749,
                1993.6872428570541,
                2183.6496049119064,
                2289.4100126309168
            ],
            1870.0531857495268
        ],
        "graph_avg_wire_length": [
            830.7800314002087,
            807.9382071708434,
            859.5460875583275,
            [
                728.7381414303549,
                737.9142769084164,
                775.4727746068221,
                905.7735338067714,
                1016.7483755069129,
                1068.296830725015
            ],
            854.7439152864192
        ],
        "graph_max_node_count": [
            57.0,
            55.5,
            58.0,
            [
                48.0,
                50.0,
                53.75,
                61.0,
                68.0,
                72.0
            ],
            57.81
        ],
        "graph_avg_node_count": [
            23.532433002107798,
            22.976384962036743,
            24.61848291430567,
            [
                20.67861997515015,
                20.951515402869322,
                21.8913581180742,
                25.640817624234277,
                28.725511602957393,
                31.56460113960114
            ],
            24.421193652645997
        ],