{
    "total_wire_length": 6440.179965533162,
    "total_jumper_length": 68.70346163170518,
    "total_jumper_count": 7,
    "center_node_count": 16,
    "edge_node_count": 40,
    "total_node_count": 56,
    "reachable_node_count": [
        56.0,
        56.0,
        56.0,
        [
            56.0,
            56.0,
            56.0,
            56.0,
            56.0,
            56.0
        ],
        56.0
    ],
    "unreachable_node_count": [
        0.0,
        0.0,
        0.0,
        [
            0.0,
            0.0,
            0.0,
            0.0,
            0.0,
            0.0
        ],
        0.0
    ],
    "reachable_wire_length": [
        6440.179965533161,
        6440.179965533161,
        6440.179965533161,
        [
            6440.179965533161,
            6440.179965533161,
            6440.179965533161,
            6440.179965533161,
            6440.179965533161,
            6440.179965533161
        ],
        6440.179965533162
    ],
    "unreachable_wire_length": [
        0.0,
        0.0,
        0.0,
        [
            0.0,
            0.0,
            0.0,
            0.0,
            0.0,
            0.0
        ],
        0.0
    ],
    "reachable_jumper_length": [
        68.70346163170518,
        68.70346163170518,
        68.70346163170518,
        [
            68.70346163170518,
            68.70346163170518,
            68.70346163170518,
            68.70346163170518,
            68.70346163170518,
            68.70346163170518
        ],
        68.70346163170518
    ],
    "unreachable_jumper_length": [
        0.0,
        0.0,
        0.0,
        [
            0.0,
            0.0,
            0.0,
            0.0,
            0.0,
            0.0
        ],
        0.0
    ],
    "reachable_jumper_count": [
        7.0,
        7.0,
        7.0,
        [
            7.0,
            7.0,
            7.0,
            7.0,
            7.0,
            7.0
        ],
        7.0
    ],
    "unreachable_jumper_count": [
        0.0,
        0.0,
        0.0,
        [
            0.0,
            0.0,
            0.0,
            0.0,
            0.0,
            0.0
        ],
        0.0
    ],
    "shortest_path": {
        "percent_useful_node_count": [
            0.5357142857142857,
            0.5178571428571429,
            0.5535714285714286,
            [
                0.4642857142857143,
                0.48214285714285715,
                0.5,
                0.5535714285714286,
                0.5714285714285714,
                0.5723214285714285
            ],
            0.5301785714285714
        ],
        "percent_useful_wire_length": 46.20651078424342,
        "percent_reachable_sensors": 0.70638,
        "percent_useful_jumper_count": [
            0.8571428571428571,
            0.7142857142857143,
            0.8571428571428571,
            [
                0.7142857142857143,
                0.7142857142857143,
                0.7142857142857143,
                0.8571428571428571,
                0.8571428571428571,
                1.0
            ],
            0.8057142857142856
        ],
        "percent_useful_jumper_length": [
            0.42857142857142855,
            0.42857142857142855,
            0.42857142857142855,
            [
                0.42857142857142855,
                0.42857142857142855,
                0.42857142857142855,
                0.42857142857142855,
                0.5714285714285714,
                0.5714285714285714
            ],
            0.46285714285714286
        ],
        "percent_unreachable_bc_short_jumper": 0.29362,
        "percent_multiroute_reached_nodes": [
            0.5333333333333333,
            0.5185185185185185,
            0.5483870967741935,
            [
                0.45161290322580644,
                0.4666666666666667,
                0.5,
                0.5555555555555556,
                0.5925925925925926,
                0.607554945054945
            ],
            0.533058133622801
        ],
        "path_length_max": [
            1260.2342411936743,
            1247.8842925296651,
            1260.2342411936743
        ],
        "path_length_avg": [
            544.0300536452353,
            541.5710640491094,
            546.2234009855184,
            [
                168.34001196488538,
                223.74341197420654,
                363.0997113972199,
                718.2346780606251,
                885.1828735471377,
                973.1365152428741
            ],
            549.3724807395431
        ],
        "path_node_count_max": [
            13.0,
            13.0,
            13.0
        ],
        "path_node_count_avg": [
            5.0,
            5.0,
            5.0,
            [
                1.0,
                1.0,
                2.0,
                6.0,
                9.0,
                9.0
            ],
            4.78859820493219
        ],
        "path_jumper_count_max": [
            3.0,
            3.0,
            3.0
        ],
        "path_jumper_count_avg": [
            1.0,
            1.0,
            1.0,
            [
                0.0,
                0.0,
                0.0,
                1.0,
                2.0,
                2.0
            ],
            0.8535349245448626
        ],
        "path_sensor_jumper_length_max": [
            39.99779852487963,
            39.99623994144833,
            39.99779852487963
        ],
        "path_sensor_jumper_length_avg": [
            14.744811090827735,
            14.591519384411772,
            14.862539603988859,
            [
                1.3026488074548241,
                2.625747340481429,
                6.807722550070098,
                24.739798859220386,
                32.75641783311775,
                36.04111840824831
            ],
            16.266164013266753
        ],
        "path_router_node_branches_max": [
            4.0,
            4.0,
            4.0
        ],
        "path_router_node_branches_avg": [
            3.0,
            3.0,
            3.5,
            [
                2.0,
                2.0,
                3.0,
                3.75,
                4.0,
                4.0
            ],
            3.0714285714285716
        ],
        "graph_max_wire_length": [
            985.7746662543211,
            959.3348266725277,
            1022.2063341027995,
            [
                787.9325459464519,
                811.0951139362896,
                900.363224059602,
                1093.6326759394126,
                1192.5344755566014,
                1210.80172626814
            ],
            998.0722178435074
        ],
        "graph_avg_wire_length": [
            548.2083875422859,
            531.517132429504,
            579.4183398945261,
            [
                440.76454602565656,
                447.83123803926566,
                491.22667078395557,
                623.8953291394915,
                700.1145101892168,
                751.2381622847766
            ],
            566.0504858280249
        ],
        "graph_max_node_count": [
            11.0,
            10.0,
            11.0,
            [
                8.0,
                8.0,
                8.0,
                12.0,
                12.0,
                13.0
            ],
            10.21
        ],
        "graph_avg_node_count": [
            5.589285714285714,
            5.5,
            5.794642857142858,
            [
                4.642857142857143,
                4.785714285714286,
                4.982142857142857,
                6.453003246753246,
                7.278181818181818,
                7.339285714285714
            ],
            5.8112499999999985
        ],