{
    "total_wire_length": 9264.081952040726,
    "total_jumper_length": 2829.4418261743244,
    "total_jumper_count": 41,
    "center_node_count": 25,
    "edge_node_count": 59,
    "total_node_count": 84,
    "reachable_node_count": [
        84.0,
        84.0,
        84.0,
        [
            84.0,
            84.0,
            84.0,
            84.0,
            84.0,
            84.0
        ],
        84.0
    ],
    "unreachable_node_count": [
        0.0,
        0.0,
        0.0,
        [
            0.0,
            0.0,
            0.0,
            0.0,
            0.0,
            0.0
        ],
        0.0
    ],
    "reachable_wire_length": [
        9264.081952040724,
        9264.081952040724,
        9264.081952040724,
        [
            9264.081952040724,
            9264.081952040724,
            9264.081952040724,
            9264.081952040724,
            9264.081952040724,
            9264.081952040724
        ],
        9264.081952040726
    ],
    "unreachable_wire_length": [
        0.0,
        0.0,
        0.0,
        [
            0.0,
            0.0,
            0.0,
            0.0,
            0.0,
            0.0
        ],
        0.0
    ],
    "reachable_jumper_length": [
        2829.4418261743244,
        2829.4418261743244,
        2829.4418261743244,
        [
            2829.4418261743244,
            2829.4418261743244,
            2829.4418261743244,
            2829.4418261743244,
            2829.4418261743244,
            2829.4418261743244
        ],
        2829.441826174324
    ],
    "unreachable_jumper_length": [
        0.0,
        0.0,
        0.0,
        [
            0.0,
            0.0,
            0.0,
            0.0,
            0.0,
            0.0
        ],
        0.0
    ],
    "reachable_jumper_count": [
        41.0,
        41.0,
        41.0,
        [
            41.0,
            41.0,
            41.0,
            41.0,
            41.0,
            41.0
        ],
        41.0
    ],
    "unreachable_jumper_count": [
        0.0,
        0.0,
        0.0,
        [
            0.0,
            0.0,
            0.0,
            0.0,
            0.0,
            0.0
        ],
        0.0
    ],
    "shortest_path": {
        "percent_useful_node_count": [
            0.6309523809523809,
            0.6190476190476191,
            0.6309523809523809,
            [
                0.5952380952380952,
                0.6059523809523809,
                0.6160714285714286,
                0.6428571428571429,
                0.6547619047619048,
                0.6547619047619048
            ],
            0.6280952380952382
        ],
        "percent_useful_wire_length": 49.77615921953444,
        "percent_reachable_sensors": 1.0,
        "percent_useful_jumper_count": [
            0.4146341463414634,
            0.4146341463414634,
            0.43902439024390244,
            [
                0.36585365853658536,
                0.36585365853658536,
                0.3902439024390244,
                0.43902439024390244,
                0.4634146341463415,
                0.4878048780487805
            ],
            0.4180487804878048
        ],
        "percent_useful_jumper_length": [
            0.0975609756097561,
            0.0975609756097561,
            0.0975609756097561,
            [
                0.07317073170731707,
                0.07317073170731707,
                0.07317073170731707,
                0.0975609756097561,
                0.12195121951219512,
                0.12195121951219512
            ],
            0.09317073170731707
        ],
        "percent_unreachable_bc_short_jumper": 0.0,
        "percent_multiroute_reached_nodes": [
            0.5700280112044818,
            0.5660377358490566,
            0.5769230769230769,
            [
                0.5,
                0.5094339622641509,
                0.5519710242587601,
                0.593482905982906,
                0.6037735849056604,
                0.6113247863247864
            ],
            0.5674556108107462
        ],
        "path_length_max": [
            1199.636758144875,
            1175.2184796317792,
            1199.636758144875
        ],
        "path_length_avg": [
            515.8142644093278,
            514.2717366107984,
            517.3648869871203,
            [
                185.76087049170903,
                246.41051130180162,
                372.42668274472635,
                635.29457930232,
                746.9461543204558,
                825.4076407164907
            ],
            508.7958894835677
        ],
        "path_node_count_max": [
            13.0,
            13.0,
            13.0
        ],
        "path_node_count_avg": [
            5.0,
            5.0,
            5.0,
            [
                1.0,
                2.0,
                3.0,
                6.0,
                8.0,
                9.0
            ],
            4.77375
        ],
        "path_jumper_count_max": [
            5.0,
            5.0,
            5.0
        ],
        "path_jumper_count_avg": [
            1.0,
            1.0,
            1.0,
            [
                0.0,
                0.0,
                0.0,
                1.0,
                2.0,
                2.0
            ],
            0.88011
        ],
        "path_sensor_jumper_length_max": [
            137.5590192651125,
            136.67761801747363,
            137.5590192651125
        ],
        "path_sensor_jumper_length_avg": [
            18.735381177276473,
            18.584798758773434,
            18.880135398585097,
            [
                1.519737968249591,
                3.100029586777765,
                8.30075633407987,
                34.390738440784204,
                60.06696199670284,
                78.9175660570686
            ],
            25.73189459623341
        ],
        "path_router_node_branches_max": [
            4.0,
            3.0,
            4.0
        ],
        "path_router_node_branches_avg": [
            3.0,
            2.0,
            3.0,
            [
                2.0,
                2.0,
                2.0,
                3.0,
                3.0,
                3.549999999999997
            ],
            2.6333333333333333
        ],
        "graph_max_wire_length": [
            874.0824210476301,
            843.6613027919818,
            913.9220851226271,
            [
                747.3264986366496,
                757.2112963283564,
                797.6898924996224,
                990.4789402800992,
                1054.137760188364,
                1118.2025455000125
            ],
            897.7521920568042
        ],
        "graph_avg_wire_length": [
            484.55255873959527,
            471.6547861961242,
            492.7907955302857,
            [
                422.80701523175753,
                430.44868621483454,
                446.97625178760853,
                524.4124466422431,
                564.9625077438857,
                603.4558140352948
            ],
            497.14336917819253
        ],
        "graph_max_node_count": [
            10.0,
            10.0,
            11.0,
            [
                8.95,
                9.0,
                10.0,
                11.0,
                13.0,
                14.0
            ],
            10.68
        ],
        "graph_avg_node_count": [
            5.337349397590361,
            5.289818201376936,
            5.467595381526105,
            [
                4.773809523809524,
                4.821428571428571,
                5.113095238095237,
                5.675892857142857,
                6.7373493975903616,
                7.5686746987951805
            ],
            5.609068200847795
        ],