{
    "total_wire_length": 59710.202760137756,
    "total_jumper_length": 626.6156481553536,
    "total_jumper_count": 124,
    "center_node_count": 599,
    "edge_node_count": 399,
    "total_node_count": 998,
    "reachable_node_count": [
        998.0,
        998.0,
        998.0,
        [
            998.0,
            998.0,
            998.0,
            998.0,
            998.0,
            998.0
        ],
        998.0
    ],
    "unreachable_node_count": [
        0.0,
        0.0,
        0.0,
        [
            0.0,
            0.0,
            0.0,
            0.0,
            0.0,
            0.0
        ],
        0.0
    ],
    "reachable_wire_length": [
        59710.202760137756,
        59710.202760137756,
        59710.202760137756,
        [
            59710.202760137756,
            59710.202760137756,
            59710.202760137756,
            59710.202760137756,
            59710.202760137756,
            59710.202760137756
        ],
        59710.20276013774
    ],
    "unreachable_wire_length": [
        0.0,
        0.0,
        0.0,
        [
            0.0,
            0.0,
            0.0,
            0.0,
            0.0,
            0.0
        ],
        0.0
    ],
    "reachable_jumper_length": [
        626.6156481553537,
        626.6156481553537,
        626.6156481553537,
        [
            626.6156481553537,
            626.6156481553537,
            626.6156481553537,
            626.6156481553537,
            626.6156481553537,
            626.6156481553537
        ],
        626.6156481553536
    ],
    "unreachable_jumper_length": [
        0.0,
        0.0,
        0.0,
        [
            0.0,
            0.0,
            0.0,
            0.0,
            0.0,
            0.0
        ],
        0.0
    ],
    "reachable_jumper_count": [
        124.0,
        124.0,
        124.0,
        [
            124.0,
            124.0,
            124.0,
            124.0,
            124.0,
            124.0
        ],
        124.0
    ],
    "unreachable_jumper_count": [
        0.0,
        0.0,
        0.0,
        [
            0.0,
            0.0,
            0.0,
            0.0,
            0.0,
            0.0
        ],
        0.0
    ],
    "shortest_path": {
        "percent_useful_node_count": [
            0.6142284569138277,
            0.6122244488977956,
            0.6167334669338678,
            [
                0.5941382765531062,
                0.5991983967935872,
                0.6062124248496994,
                0.6192384769539078,
                0.6243486973947896,
                0.6293086172344688
            ],
            0.6132765531062124
        ],
        "percent_useful_wire_length": 35.365407657012774,
        "percent_reachable_sensors": 0.77036,
        "percent_useful_jumper_count": [
            0.3709677419354839,
            0.3629032258064516,
            0.3790322580645161,
            [
                0.31411290322580643,
                0.3225806451612903,
                0.3467741935483871,
                0.4032258064516129,
                0.41935483870967744,
                0.42782258064516127
            ],
            0.3721774193548387
        ],
        "percent_useful_jumper_length": [
            0.06451612903225806,
            0.056451612903225805,
            0.06451612903225806,
            [
                0.04838709677419355,
                0.04838709677419355,
                0.04838709677419355,
                0.07258064516129033,
                0.08064516129032258,
                0.08870967741935484
            ],
            0.06314516129032258
        ],
        "percent_unreachable_bc_short_jumper": 0.22964,
        "percent_multiroute_reached_nodes": [
            0.4494668333193875,
            0.44653119868637114,
            0.45454545454545453,
            [
                0.427620162601626,
                0.4305773878323001,
                0.4406658863453826,
                0.46122748415696313,
                0.4669470024062442,
                0.4697548429774688
            ],
            0.44964540326605634
        ],
        "path_length_max": [
            1651.9073548665997,
            1620.0138899946517,
            1651.9073548665997
        ],
        "path_length_avg": [
            549.2637469529916,
            547.0721316328649,
            551.3774392849334,
            [
                168.88757581513013,
                237.76753123774859,
                377.91161030580577,
                728.997454464884,
                896.9902546642936,
                988.7255892446261
            ],
            561.8030519165595
        ],
        "path_node_count_max": [
            49.0,
            46.0,
            49.0
        ],
        "path_node_count_avg": [
            16.0,
            16.0,
            16.0,
            [
                4.0,
                7.0,
                11.0,
                22.0,
                26.0,
                29.0
            ],
            16.519043044810218
        ],
        "path_jumper_count_max": [
            6.0,
            5.0,
            6.0
        ],
        "path_jumper_count_avg": [
            1.0,
            1.0,
            1.0,
            [
                0.0,
                0.0,
                1.0,
                2.0,
                3.0,
                3.0
            ],
            1.3676982190144866
        ],
        "path_sensor_jumper_length_max": [
            9.999831293730665,
            9.99970985049174,
            9.999831293730665
        ],
        "path_sensor_jumper_length_avg": [
            3.600345490979591,
            3.571752821406219,
            3.63182973263698,
            [
                0.3246457197509001,
                0.6466754909484534,
                1.6831859690227302,
                6.044919998022394,
                8.065650744368376,
                8.932719237673979
            ],
            3.9965980060685675
        ],
        "path_router_node_branches_max": [
            4.0,
            4.0,
            4.0
        ],
        "path_router_node_branches_avg": [
            2.0,
            2.0,
            2.0,
            [
                2.0,
                2.0,
                2.0,
                3.0,
                3.0,
                4.0
            ],
            2.4035087719298245
        ],
        "graph_max_wire_length": [
            1111.9235162783957,
            1082.5509640692858,
            1141.9867910475336,
            [
                938.7622387280094,
                980.3861668242191,
                1019.6514027971027,
                1217.6452845602485,
                1370.5512315585656,
                1449.8369585295732
            ],
            1139.4804161470126
        ],
        "graph_avg_wire_length": [
            537.5540610321052,
            506.84119038501336,
            579.1790914610812,
            [
                444.9203232666656,
                457.54651827000595,
                476.4656034246231,
                632.974038299832,
                700.1928083877349,
                763.6587693284735
            ],
            566.7045340799807
        ],
        "graph_max_node_count": [
            34.5,
            33.0,
            35.0,
            [
                27.95,
                29.0,
                30.0,
                36.0,
                41.10000000000001,
                43.05
            ],
            34.37
        ],
        "graph_avg_node_count": [
            17.005861725169318,
            16.384692849949648,
            17.772585669781932,
            [
                13.700809727294246,
                14.003662258392676,
                14.837985463153704,
                19.13845371386182,
                21.36115844777995,
                23.258158520276275
            ],
            17.412861231970535
        ],