{
    "total_wire_length": 72765.3988430215,
    "total_jumper_length": 2299.9225099777336,
    "total_jumper_count": 241,
    "center_node_count": 722,
    "edge_node_count": 428,
    "total_node_count": 1150,
    "reachable_node_count": [
        1150.0,
        1150.0,
        1150.0,
        [
            1150.0,
            1150.0,
            1150.0,
            1150.0,
            1150.0,
            1150.0
        ],
        1150.0
    ],
    "unreachable_node_count": [
        0.0,
        0.0,
        0.0,
        [
            0.0,
            0.0,
            0.0,
            0.0,
            0.0,
            0.0
        ],
        0.0
    ],
    "reachable_wire_length": [
        72765.39884302147,
        72765.39884302147,
        72765.39884302147,
        [
            72765.39884302147,
            72765.39884302147,
            72765.39884302147,
            72765.39884302147,
            72765.39884302147,
            72765.39884302147
        ],
        72765.39884302145
    ],
    "unreachable_wire_length": [
        0.0,
        0.0,
        0.0,
        [
            0.0,
            0.0,
            0.0,
            0.0,
            0.0,
            0.0
        ],
        0.0
    ],
    "reachable_jumper_length": [
        2299.9225099777327,
        2299.9225099777327,
        2299.9225099777327,
        [
            2299.9225099777327,
            2299.9225099777327,
            2299.9225099777327,
            2299.9225099777327,
            2299.9225099777327,
            2299.9225099777327
        ],
        2299.9225099777327
    ],
    "unreachable_jumper_length": [
        0.0,
        0.0,
        0.0,
        [
            0.0,
            0.0,
            0.0,
            0.0,
            0.0,
            0.0
        ],
        0.0
    ],
    "reachable_jumper_count": [
        241.0,
        241.0,
        241.0,
        [
            241.0,
            241.0,
            241.0,
            241.0,
            241.0,
            241.0
        ],
        241.0
    ],
    "unreachable_jumper_count": [
        0.0,
        0.0,
        0.0,
        [
            0.0,
            0.0,
            0.0,
            0.0,
            0.0,
            0.0
        ],
        0.0
    ],
    "shortest_path": {
        "percent_useful_node_count": [
            0.6691304347826087,
            0.6656521739130434,
            0.6739130434782609,
            [
                0.6547391304347826,
                0.6564347826086956,
                0.6617391304347826,
                0.677608695652174,
                0.6834782608695652,
                0.6852173913043478
            ],
            0.6696347826086958
        ],
        "percent_useful_wire_length": 36.12578326586067,
        "percent_reachable_sensors": 0.92274,
        "percent_useful_jumper_count": [
            0.3360995850622407,
            0.33195020746887965,
            0.34647302904564314,
            [
                0.29854771784232365,
                0.3029045643153527,
                0.31950207468879666,
                0.36099585062240663,
                0.3775933609958506,
                0.3817427385892116
            ],
            0.3386721991701245
        ],
        "percent_useful_jumper_length": [
            0.03319502074688797,
            0.029045643153526972,
            0.03319502074688797,
            [
                0.024896265560165973,
                0.024896265560165973,
                0.024896265560165973,
                0.03734439834024896,
                0.04149377593360996,
                0.04170124481327799
            ],
            0.032033195020746884
        ],
        "percent_unreachable_bc_short_jumper": 0.07726,
        "percent_multiroute_reached_nodes": [
            0.4429318429212436,
            0.4389750918742344,
            0.44543160085236194,
            [
                0.4156431831510238,
                0.4238156209987196,
                0.4335800637214519,
                0.4504680461711712,
                0.458044349452311,
                0.4610869967063252
            ],
            0.44157914675738363
        ],
        "path_length_max": [
            1751.8271623378553,
            1728.3249827940865,
            1751.8271623378553
        ],
        "path_length_avg": [
            592.7953882948856,
            590.5764915739715,
            595.1498627905356,
            [
                185.73903686151507,
                259.64211775281046,
                410.5531009554203,
                792.2287442339324,
                978.7606479609327,
                1084.2380710127734
            ],
            610.9809932838451
        ],
        "path_node_count_max": [
            57.0,
            55.0,
            57.0
        ],
        "path_node_count_avg": [
            17.0,
            17.0,
            17.0,
            [
                5.0,
                7.0,
                12.0,
                23.0,
                29.0,
                32.0
            ],
            17.723410711576392
        ],
        "path_jumper_count_max": [
            12.0,
            12.0,
            12.0
        ],
        "path_jumper_count_avg": [
            1.0,
            1.0,
            1.0,
            [
                0.0,
                0.0,
                1.0,
                2.0,
                3.0,
                5.0
            ],
            1.6410906647593038
        ],
        "path_sensor_jumper_length_max": [
            19.999788542639134,
            19.997565421435734,
            19.999788542639134
        ],
        "path_sensor_jumper_length_avg": [
            4.4630259958915515,
            4.424102727057268,
            4.49407369826035,
            [
                0.37698996993067535,
                0.7681252741056961,
                2.004335823773358,
                7.961760539288816,
                12.724330220662672,
                16.006472622935025
            ],
            5.642973136947424
        ],
        "path_router_node_branches_max": [
            4.0,
            4.0,
            4.0
        ],
        "path_router_node_branches_avg": [
            2.0,
            2.0,
            2.0,
            [
                2.0,
                2.0,
                2.0,
                3.0,
                3.0,
                3.0
            ],
            2.345821325648415
        ],
        "graph_max_wire_length": [
            1224.2376254620492,
            1178.126372882908,
            1264.1679936667056,
            [
                988.0999454401233,
                1041.472178587743,
                1109.4207921527234,
                1352.872489570504,
                1526.216233462243,
                1653.7716296801736
            ],
            1250.114149059423
        ],
        "graph_avg_wire_length": [
            566.5368339433053,
            548.1733560667832,
            597.3303562826634,
            [
                472.4379887414653,
                485.102179662582,
                512.4185460071384,
                662.8124522359518,
                771.0948471381066,
                853.7608837337649
            ],
            604.0086622056416
        ],
        "graph_max_node_count": [
            40.0,
            38.5,
            41.0,
            [
                33.0,
                34.0,
                37.0,
                44.25,
                49.0,
                53.05
            ],
            41.05
        ],
        "graph_avg_node_count": [
            17.470446174909583,
            16.821004566210046,
            18.444491519893806,
            [
                14.321922366757601,
                14.67627583940876,
                15.599409861697259,
                19.784559201981367,
                23.072212297705267,
                24.879979661054517
            ],
            18.3160995260452
        ],