{
    "total_wire_length": 5514.571867410588,
    "total_jumper_length": 6.7387220011583535,
    "total_jumper_count": 1,
    "center_node_count": 14,
    "edge_node_count": 30,
    "total_node_count": 44,
    "reachable_node_count": [
        20.0,
        20.0,
        24.0,
        [
            20.0,
            20.0,
            20.0,
            24.0,
            24.0,
            24.0
        ],
        21.96
    ],
    "unreachable_node_count": [
        24.0,
        20.0,
        24.0,
        [
            20.0,
            20.0,
            20.0,
            24.0,
            24.0,
            24.0
        ],
        22.04
    ],
    "reachable_wire_length": [
        2673.4923427623326,
        2673.4923427623326,
        2841.0795246482553,
        [
            2673.4923427623326,
            2673.4923427623326,
            2673.4923427623326,
            2841.0795246482553,
            2841.0795246482553,
            2841.0795246482553
        ],
        2755.6100618864352
    ],
    "unreachable_wire_length": [
        2841.0795246482553,
        2673.4923427623326,
        2841.0795246482553,
        [
            2673.4923427623326,
            2673.4923427623326,
            2673.4923427623326,
            2841.0795246482553,
            2841.0795246482553,
            2841.0795246482553
        ],
        2758.9618055241544
    ],
    "reachable_jumper_length": [
        0.0,
        0.0,
        6.7387220011583535,
        [
            0.0,
            0.0,
            0.0,
            6.7387220011583535,
            6.7387220011583535,
            6.7387220011583535
        ],
        3.301973780567593
    ],
    "unreachable_jumper_length": [
        6.7387220011583535,
        0.0,
        6.7387220011583535,
        [
            0.0,
            0.0,
            0.0,
            6.7387220011583535,
            6.7387220011583535,
            6.7387220011583535
        ],
        3.43674822059076
    ],
    "reachable_jumper_count": [
        0.0,
        0.0,
        1.0,
        [
            0.0,
            0.0,
            0.0,
            1.0,
            1.0,
            1.0
        ],
        0.49
    ],
    "unreachable_jumper_count": [
        1.0,
        0.0,
        1.0,
        [
            0.0,
            0.0,
            0.0,
            1.0,
            1.0,
            1.0
        ],
        0.51
    ],
    "shortest_path": {
        "percent_useful_node_count": [
            0.18181818181818182,
            0.1590909090909091,
            0.18181818181818182,
            [
                0.13636363636363635,
                0.13636363636363635,
                0.1590909090909091,
                0.20454545454545456,
                0.22727272727272727,
                0.22727272727272727
            ],
            0.1818181818181818
        ],
        "percent_useful_wire_length": 19.303215710008455,
        "percent_reachable_sensors": 0.13208,
        "percent_useful_jumper_count": [
            0.0,
            0.0,
            0.0,
            [
                0.0,
                0.0,
                0.0,
                1.0,
                1.0,
                1.0
            ],
            0.38
        ],
        "percent_useful_jumper_length": [
            0.0,
            0.0,
            0.0,
            [
                0.0,
                0.0,
                0.0,
                0.0,
                0.0,
                0.0
            ],
            0.0
        ],
        "percent_unreachable_bc_short_jumper": 0.73588,
        "percent_multiroute_reached_nodes": [
            0.7777777777777778,
            0.75,
            0.8333333333333334,
            [
                0.6,
                0.6636363636363636,
                0.7,
                0.8571428571428571,
                0.875,
                1.0
            ],
            0.7828344155844154
        ],
        "path_length_max": [
            743.4419471772302,
            736.9433614054076,
            743.4419471772302
        ],
        "path_length_avg": [
            298.42352441540277,
            296.12158351172985,
            300.916278828855,
            [
                112.63812239342454,
                140.76520096239494,
                207.06357974814756,
                384.1333150764202,
                473.3731866412171,
                524.2113147862227
            ],
            302.7812363722772
        ],
        "path_node_count_max": [
            5.0,
            5.0,
            5.0
        ],
        "path_node_count_avg": [
            2.0,
            2.0,
            2.0,
            [
                1.0,
                1.0,
                1.0,
                2.0,
                3.0,
                3.0
            ],
            1.8940036341611144
        ],
        "path_jumper_count_max": [
            1.0,
            1.0,
            1.0
        ],
        "path_jumper_count_avg": [
            0.0,
            0.0,
            0.0,
            [
                0.0,
                0.0,
                0.0,
                0.0,
                0.0,
                0.0
            ],
            0.027180496668685643
        ],
        "path_sensor_jumper_length_max": [
            9.99996439694578,
            9.996786998528652,
            9.99996439694578
        ],
        "path_sensor_jumper_length_avg": [
            4.826159887582483,
            4.7293402459462905,
            4.907756172303071,
            [
                0.4747904563695951,
                0.9553248449562142,
                2.3832753078205267,
                7.375155893701056,
                8.968853197449318,
                9.476805878701898
            ],
            4.896768176933492
        ],
        "path_router_node_branches_max": [
            4.0,
            3.0,
            4.0
        ],
        "path_router_node_branches_avg": [
            3.0,
            2.0,
            4.0,
            [
                2.0,
                2.0,
                2.5,
                3.5,
                4.0,
                4.0
            ],
            3.0
        ],
        "graph_max_wire_length": [
            540.8775778620421,
            516.9154642740535,
            552.9944599682101,
            [
                401.8500640817558,
                416.7402386997729,
                468.47085986959456,
                580.4433873259953,
                635.2425822838406,
                670.6246745428712
            ],
            530.3474674230001
        ],
        "graph_avg_wire_length": [
            334.9485957952503,
            323.69679105340253,
            341.5377914181196,
            [
                273.0154361510026,
                282.338050445261,
                302.20417069396774,
                362.1541851622511,
                395.00513690711773,
                447.3696897580722
            ],
            338.51892465754173
        ],
        "graph_max_node_count": [
            4.0,
            4.0,
            4.0,
            [
                3.95,
                4.0,
                4.0,
                5.0,
                5.0,
                5.049999999999997
            ],
            4.29
        ],
        "graph_avg_node_count": [
            2.875,
            2.7916666666666665,
            2.9565217391304346,
            [
                2.595,
                2.6,
                2.6666666666666665,
                3.0,
                3.3333333333333335,
                3.3541666666666656
            ],
            2.915731884057971
        ],
        "graph_max_jumper_count": [
            0.0,
            0.0,
            1.0,
            [
                0.0,
                0.0,
                0.0,
                1.0,
                1.0,
                1.0
            ],
            0.49
        ],