{
    "total_wire_length": 11263.848929844175,
    "total_jumper_length": 20.691084751263766,
    "total_jumper_count": 3,
    "center_node_count": 29,
    "edge_node_count": 47,
    "total_node_count": 76,
    "reachable_node_count": [
        76.0,
        76.0,
        76.0,
        [
            76.0,
            76.0,
            76.0,
            76.0,
            76.0,
            76.0
        ],
        76.0
    ],
    "unreachable_node_count": [
        0.0,
        0.0,
        0.0,
        [
            0.0,
            0.0,
            0.0,
            0.0,
            0.0,
            0.0
        ],
        0.0
    ],
    "reachable_wire_length": [
        11263.848929844175,
        11263.848929844175,
        11263.848929844175,
        [
            11263.848929844175,
            11263.848929844175,
            11263.848929844175,
            11263.848929844175,
            11263.848929844175,
            11263.848929844175
        ],
        11263.848929844171
    ],
    "unreachable_wire_length": [
        0.0,
        0.0,
        0.0,
        [
            0.0,
            0.0,
            0.0,
            0.0,
            0.0,
            0.0
        ],
        0.0
    ],
    "reachable_jumper_length": [
        20.691084751263766,
        20.691084751263766,
        20.691084751263766,
        [
            20.691084751263766,
            20.691084751263766,
            20.691084751263766,
            20.691084751263766,
            20.691084751263766,
            20.691084751263766
        ],
        20.691084751263762
    ],
    "unreachable_jumper_length": [
        0.0,
        0.0,
        0.0,
        [
            0.0,
            0.0,
            0.0,
            0.0,
            0.0,
            0.0
        ],
        0.0
    ],
    "reachable_jumper_count": [
        3.0,
        3.0,
        3.0,
        [
            3.0,
            3.0,
            3.0,
            3.0,
            3.0,
            3.0
        ],
        3.0
    ],
    "unreachable_jumper_count": [
        0.0,
        0.0,
        0.0,
        [
            0.0,
            0.0,
            0.0,
            0.0,
            0.0,
            0.0
        ],
        0.0
    ],
    "shortest_path": {
        "percent_useful_node_count": [
            0.4342105263157895,
            0.4342105263157895,
            0.4342105263157895,
            [
                0.4072368421052632,
                0.40789473684210525,
                0.42105263157894735,
                0.4473684210526316,
                0.4473684210526316,
                0.4605263157894737
            ],
            0.4322368421052631
        ],
        "percent_useful_wire_length": 40.81407398539415,
        "percent_reachable_sensors": 0.26393,
        "percent_useful_jumper_count": [
            0.6666666666666666,
            0.6666666666666666,
            0.6666666666666666,
            [
                0.3333333333333333,
                0.6666666666666666,
                0.6666666666666666,
                0.6666666666666666,
                1.0,
                1.0
            ],
            0.6766666666666669
        ],
        "percent_useful_jumper_length": [
            0.3333333333333333,
            0.3333333333333333,
            0.3333333333333333,
            [
                0.3333333333333333,
                0.3333333333333333,
                0.3333333333333333,
                0.3333333333333333,
                0.3333333333333333,
                0.3333333333333333
            ],
            0.3333333333333334
        ],
        "percent_unreachable_bc_short_jumper": 0.73607,
        "percent_multiroute_reached_nodes": [
            0.696969696969697,
            0.696969696969697,
            0.7077798861480076,
            [
                0.6571428571428571,
                0.6764705882352942,
                0.6870535714285715,
                0.7272727272727273,
                0.7575757575757576,
                0.7575757575757576
            ],
            0.7067606818387178
        ],
        "path_length_max": [
            1787.2891943432664,
            1758.222827935711,
            1787.2891943432664
        ],
        "path_length_avg": [
            695.9232953167565,
            687.1763112228402,
            704.4450596469969,
            [
                183.23024907835307,
                258.72781043275864,
                421.0508986406671,
                1085.3805413046978,
                1330.386926708532,
                1421.9326990040004
            ],
            753.3844466451093
        ],
        "path_node_count_max": [
            14.0,
            13.0,
            14.0
        ],
        "path_node_count_avg": [
            5.0,
            5.0,
            5.0,
            [
                1.0,
                2.0,
                3.0,
                8.0,
                10.0,
                10.0
            ],
            5.337248512863259
        ],
        "path_jumper_count_max": [
            2.0,
            2.0,
            2.0
        ],
        "path_jumper_count_avg": [
            1.0,
            1.0,
            1.0,
            [
                0.0,
                0.0,
                0.0,
                1.0,
                1.0,
                1.0
            ],
            0.5369605577236388
        ],
        "path_sensor_jumper_length_max": [
            9.999435156483825,
            9.99902745954882,
            9.999435156483825
        ],
        "path_sensor_jumper_length_avg": [
            4.803019557595807,
            4.748084727497577,
            4.852630804786447,
            [
                0.47157302731033734,
                0.9178521468262592,
                2.3402313179412624,
                7.3299090705620555,
                8.918585585935075,
                9.462258798206893
            ],
            4.857672632124253
        ],
        "path_router_node_branches_max": [
            4.0,
            4.0,
            4.0
        ],
        "path_router_node_branches_avg": [
            3.0,
            3.0,
            3.0,
            [
                2.0,
                2.0,
                2.0,
                3.0,
                4.0,
                4.0
            ],
            2.92
        ],
        "graph_max_wire_length": [
            1510.5589011822453,
            1439.9149820593366,
            1576.425015416905,
            [
                1050.95373613129,
                1133.2527182498811,
                1312.3105329582002,
                1604.9860584829503,
                1672.532002744821,
                1740.8855665710578
            ],
            1452.862981945963
        ],
        "graph_avg_wire_length": [
            831.9724059641441,
            774.6898351003043,
            860.3992580216332,
            [
                638.7377154460463,
                665.9581138432119,
                709.0649313386195,
                909.1379044149862,
                945.8705027276208,
                979.8363673066877
            ],
            816.4217543529062
        ],
        "graph_max_node_count": [
            12.0,
            12.0,
            12.0,
            [
                9.0,
                10.0,
                11.0,
                13.0,
                14.0,
                14.0
            ],
            11.93
        ],
        "graph_avg_node_count": [
            6.706666666666667,
            6.339260312944523,
            6.842105263157895,
            [
                5.266666666666667,
                5.448,
                5.836666666666667,
                7.16,
                7.266666666666667,
                7.830263157894737
            ],
            6.520101899972619
        ],