{
    "total_wire_length": 63523.066161164395,
    "total_jumper_length": 133805.5499660509,
    "total_jumper_count": 2074,
    "center_node_count": 1270,
    "edge_node_count": 438,
    "total_node_count": 1708,
    "reachable_node_count": [
        1708.0,
        1708.0,
        1708.0,
        [
            1708.0,
            1708.0,
            1708.0,
            1708.0,
            1708.0,
            1708.0
        ],
        1708.0
    ],
    "unreachable_node_count": [
        0.0,
        0.0,
        0.0,
        [
            0.0,
            0.0,
            0.0,
            0.0,
            0.0,
            0.0
        ],
        0.0
    ],
    "reachable_wire_length": [
        63523.06616116438,
        63523.06616116438,
        63523.06616116438,
        [
            63523.06616116438,
            63523.06616116438,
            63523.06616116438,
            63523.06616116438,
            63523.06616116438,
            63523.06616116438
        ],
        63523.06616116438
    ],
    "unreachable_wire_length": [
        0.0,
        0.0,
        0.0,
        [
            0.0,
            0.0,
            0.0,
            0.0,
            0.0,
            0.0
        ],
        0.0
    ],
    "reachable_jumper_length": [
        133805.54996605113,
        133805.54996605113,
        133805.54996605113,
        [
            133805.54996605113,
            133805.54996605113,
            133805.54996605113,
            133805.54996605113,
            133805.54996605113,
            133805.54996605113
        ],
        133805.54996605113
    ],
    "unreachable_jumper_length": [
        0.0,
        0.0,
        0.0,
        [
            0.0,
            0.0,
            0.0,
            0.0,
            0.0,
            0.0
        ],
        0.0
    ],
    "reachable_jumper_count": [
        2074.0,
        2074.0,
        2074.0,
        [
            2074.0,
            2074.0,
            2074.0,
            2074.0,
            2074.0,
            2074.0
        ],
        2074.0
    ],
    "unreachable_jumper_count": [
        0.0,
        0.0,
        0.0,
        [
            0.0,
            0.0,
            0.0,
            0.0,
            0.0,
            0.0
        ],
        0.0
    ],
    "shortest_path": {
        "percent_useful_node_count": [
            0.6785714285714286,
            0.6768149882903981,
            0.6809206674473068,
            [
                0.6661007025761124,
                0.6692037470725996,
                0.673155737704918,
                0.6850117096018735,
                0.6908665105386417,
                0.6962236533957846
            ],
            0.6794086651053862
        ],
        "percent_useful_wire_length": 35.57866492641572,
        "percent_reachable_sensors": 1.0,
        "percent_useful_jumper_count": [
            0.037608486017357765,
            0.03712632594021215,
            0.03857280617164899,
            [
                0.03326904532304725,
                0.034233365477338476,
                0.03567984570877531,
                0.040139826422372224,
                0.04243008678881389,
                0.04339440694310511
            ],
            0.0381099324975892
        ],
        "percent_useful_jumper_length": [
            0.0019286403085824494,
            0.0019286403085824494,
            0.0019286403085824494,
            [
                0.0014464802314368371,
                0.0014464802314368371,
                0.0019286403085824494,
                0.0019286403085824494,
                0.0024108003857280617,
                0.0024108003857280617
            ],
            0.001943105110896818
        ],
        "percent_unreachable_bc_short_jumper": 0.0,
        "percent_multiroute_reached_nodes": [
            0.40445141903760407,
            0.40017064846416384,
            0.4070265638389032,
            [
                0.3718097903985406,
                0.38725497420781135,
                0.3965507983903925,
                0.41607928290790486,
                0.4223521162446748,
                0.42693719198909513
            ],
            0.4040088357553866
        ],
        "path_length_max": [
            802.6369168816491,
            775.5842752770966,
            802.6369168816491
        ],
        "path_length_avg": [
            373.64778073917444,
            372.11339125627404,
            374.9750367396363,
            [
                118.09770310869673,
                163.48234409811155,
                256.7870205169155,
                473.68723812406665,
                553.5837075101706,
                601.517835481647
            ],
            366.17339471811056
        ],
        "path_node_count_max": [
            42.0,
            42.0,
            42.0
        ],
        "path_node_count_avg": [
            19.0,
            19.0,
            19.0,
            [
                6.0,
                8.0,
                13.0,
                25.0,
                29.0,
                31.0
            ],
            18.86719
        ],
        "path_jumper_count_max": [
            9.0,
            9.0,
            9.0
        ],
        "path_jumper_count_avg": [
            1.0,
            1.0,
            1.0,
            [
                0.0,
                0.0,
                0.0,
                1.0,
                2.0,
                3.0
            ],
            0.9173
        ],
        "path_sensor_jumper_length_max": [
            21.183013261261507,
            20.336070577993105,
            21.183013261261507
        ],
        "path_sensor_jumper_length_avg": [
            2.492561622025066,
            2.4751383321820395,
            2.514079311641621,
            [
                0.2050967440585388,
                0.4191959867473913,
                1.108440498464845,
                4.682916997865762,
                9.038617963957691,
                11.517363381918678
            ],
            3.597688410867026
        ],
        "path_router_node_branches_max": [
            16.0,
            13.0,
            16.0
        ],
        "path_router_node_branches_avg": [
            2.0,
            2.0,
            2.0,
            [
                2.0,
                2.0,
                2.0,
                3.0,
                4.0,
                7.0
            ],
            2.813953488372093
        ],
        "graph_max_wire_length": [
            678.8558188682996,
            644.6848885810754,
            697.4869275638454,
            [
                568.0461295178746,
                589.6298445243098,
                618.4577399997022,
                729.3396206841051,
                752.4148604065804,
                775.478435437685
            ],
            673.0472719318468
        ],
        "graph_avg_wire_length": [
            363.1549972761106,
            348.3495933778866,
            373.71233626718606,
            [
                320.64866088395615,
                323.3547839098338,
                327.6982372726209,
                390.8480987807837,
                428.0011117497863,
                439.8382747945737
            ],
            366.4909541356557
        ],
        "graph_max_node_count": [
            37.0,
            36.0,
            39.0,
            [
                31.0,
                32.0,
                34.0,
                39.0,
                42.0,
                42.05
            ],
            36.79
        ],
        "graph_avg_node_count": [
            19.12429659975082,
            18.497859327217125,
            19.46647651911008,
            [
                17.32389516869652,
                17.407217552615162,
                17.70533272187113,
                20.766436401838963,
                22.049472042257506,
                23.18998054367628
            ],
            19.428518582976555
        ],