{
    "total_wire_length": 45415.22066568336,
    "total_jumper_length": 21732.875144758655,
    "total_jumper_count": 563,
    "center_node_count": 456,
    "edge_node_count": 274,
    "total_node_count": 730,
    "reachable_node_count": [
        730.0,
        730.0,
        730.0,
        [
            730.0,
            730.0,
            730.0,
            730.0,
            730.0,
            730.0
        ],
        730.0
    ],
    "unreachable_node_count": [
        0.0,
        0.0,
        0.0,
        [
            0.0,
            0.0,
            0.0,
            0.0,
            0.0,
            0.0
        ],
        0.0
    ],
    "reachable_wire_length": [
        45415.220665683366,
        45415.220665683366,
        45415.220665683366,
        [
            45415.220665683366,
            45415.220665683366,
            45415.220665683366,
            45415.220665683366,
            45415.220665683366,
            45415.220665683366
        ],
        45415.220665683366
    ],
    "unreachable_wire_length": [
        0.0,
        0.0,
        0.0,
        [
            0.0,
            0.0,
            0.0,
            0.0,
            0.0,
            0.0
        ],
        0.0
    ],
    "reachable_jumper_length": [
        21732.875144758695,
        21732.875144758695,
        21732.875144758695,
        [
            21732.875144758695,
            21732.875144758695,
            21732.875144758695,
            21732.875144758695,
            21732.875144758695,
            21732.875144758695
        ],
        21732.875144758695
    ],
    "unreachable_jumper_length": [
        0.0,
        0.0,
        0.0,
        [
            0.0,
            0.0,
            0.0,
            0.0,
            0.0,
            0.0
        ],
        0.0
    ],
    "reachable_jumper_count": [
        563.0,
        563.0,
        563.0,
        [
            563.0,
            563.0,
            563.0,
            563.0,
            563.0,
            563.0
        ],
        563.0
    ],
    "unreachable_jumper_count": [
        0.0,
        0.0,
        0.0,
        [
            0.0,
            0.0,
            0.0,
            0.0,
            0.0,
            0.0
        ],
        0.0
    ],
    "shortest_path": {
        "percent_useful_node_count": [
            0.7253424657534246,
            0.7232876712328767,
            0.7287671232876712,
            [
                0.7041095890410959,
                0.7094520547945206,
                0.7178082191780822,
                0.7342465753424657,
                0.7398630136986302,
                0.7425342465753424
            ],
            0.7253972602739727
        ],
        "percent_useful_wire_length": 40.49998794516273,
        "percent_reachable_sensors": 1.0,
        "percent_useful_jumper_count": [
            0.12877442273534634,
            0.12788632326820604,
            0.13143872113676733,
            [
                0.11190053285968028,
                0.11705150976909415,
                0.12433392539964476,
                0.1349911190053286,
                0.1438721136767318,
                0.1475133214920071
            ],
            0.12953818827708705
        ],
        "percent_useful_jumper_length": [
            0.007104795737122558,
            0.007104795737122558,
            0.008880994671403197,
            [
                0.0053285968028419185,
                0.0053285968028419185,
                0.007104795737122558,
                0.008880994671403197,
                0.008880994671403197,
                0.010657193605683837
            ],
            0.00788632326820604
        ],
        "percent_unreachable_bc_short_jumper": 0.0,
        "percent_multiroute_reached_nodes": [
            0.44476106808802796,
            0.43622241942946427,
            0.45131086142322097,
            [
                0.4075289098615893,
                0.40997886529801425,
                0.42448745910577973,
                0.4612816653062378,
                0.4727659310415313,
                0.47920371181816895
            ],
            0.4430513081474657
        ],
        "path_length_max": [
            966.286823075777,
            945.7439401684787,
            966.286823075777
        ],
        "path_length_avg": [
            456.5408494811852,
            454.9476932099234,
            458.09491444076207,
            [
                148.2665217571089,
                202.99880443809897,
                316.9689310677786,
                575.9306031178547,
                675.2351973861244,
                731.6544041563021
            ],
            447.4805053238
        ],
        "path_node_count_max": [
            28.0,
            27.0,
            28.0
        ],
        "path_node_count_avg": [
            12.0,
            12.0,
            13.0,
            [
                4.0,
                5.0,
                9.0,
                16.0,
                18.0,
                20.0
            ],
            12.1972
        ],
        "path_jumper_count_max": [
            11.0,
            11.0,
            11.0
        ],
        "path_jumper_count_avg": [
            1.0,
            1.0,
            1.0,
            [
                0.0,
                0.0,
                0.0,
                1.0,
                2.0,
                3.0
            ],
            1.06379
        ],
        "path_sensor_jumper_length_max": [
            37.27906120793409,
            36.48714489515558,
            37.27906120793409
        ],
        "path_sensor_jumper_length_avg": [
            4.947592118164515,
            4.908482456320141,
            4.992664738200644,
            [
                0.41972480453610433,
                0.8337186619805219,
                2.191472114390388,
                9.286388081829225,
                17.818873609572524,
                22.847453078206012
            ],
            7.118810254601934
        ],
        "path_router_node_branches_max": [
            7.0,
            6.0,
            7.0
        ],
        "path_router_node_branches_avg": [
            2.0,
            2.0,
            2.0,
            [
                2.0,
                2.0,
                2.0,
                3.0,
                4.0,
                5.0
            ],
            2.5822784810126582
        ],
        "graph_max_wire_length": [
            807.2862742917789,
            788.8526009454915,
            827.1829247448494,
            [
                673.1215906131373,
                707.7137233998739,
                757.0703884510094,
                874.0341424580089,
                917.9076421958439,
                933.6032286993056
            ],
            811.2822931675719
        ],
        "graph_avg_wire_length": [
            451.34749126989084,
            424.44961573017946,
            459.62986374235686,
            [
                386.4627583215619,
                392.5953736121574,
                399.32698687358044,
                475.354377950538,
                509.9374518997586,
                535.4177850280419
            ],
            446.7451777434901
        ],
        "graph_max_node_count": [
            24.0,
            23.0,
            25.0,
            [
                20.95,
                21.0,
                22.0,
                26.0,
                27.0,
                28.0
            ],
            23.97
        ],
        "graph_avg_node_count": [
            12.843307712969278,
            12.236805555555556,
            13.168724279835391,
            [
                11.346643835616439,
                11.421506849315069,
                11.64962079101581,
                13.676954732510287,
                14.862038235736867,
                15.052876712328766
            ],
            12.94106280011646
        ],