{
    "total_wire_length": 54837.75525982775,
    "total_jumper_length": 414.13778899355793,
    "total_jumper_count": 78,
    "center_node_count": 547,
    "edge_node_count": 293,
    "total_node_count": 840,
    "reachable_node_count": [
        840.0,
        840.0,
        840.0,
        [
            840.0,
            840.0,
            840.0,
            840.0,
            840.0,
            840.0
        ],
        840.0
    ],
    "unreachable_node_count": [
        0.0,
        0.0,
        0.0,
        [
            0.0,
            0.0,
            0.0,
            0.0,
            0.0,
            0.0
        ],
        0.0
    ],
    "reachable_wire_length": [
        54837.75525982775,
        54837.75525982775,
        54837.75525982775,
        [
            54837.75525982775,
            54837.75525982775,
            54837.75525982775,
            54837.75525982775,
            54837.75525982775,
            54837.75525982775
        ],
        54837.75525982775
    ],
    "unreachable_wire_length": [
        0.0,
        0.0,
        0.0,
        [
            0.0,
            0.0,
            0.0,
            0.0,
            0.0,
            0.0
        ],
        0.0
    ],
    "reachable_jumper_length": [
        414.1377889935581,
        414.1377889935581,
        414.1377889935581,
        [
            414.1377889935581,
            414.1377889935581,
            414.1377889935581,
            414.1377889935581,
            414.1377889935581,
            414.1377889935581
        ],
        414.1377889935582
    ],
    "unreachable_jumper_length": [
        0.0,
        0.0,
        0.0,
        [
            0.0,
            0.0,
            0.0,
            0.0,
            0.0,
            0.0
        ],
        0.0
    ],
    "reachable_jumper_count": [
        78.0,
        78.0,
        78.0,
        [
            78.0,
            78.0,
            78.0,
            78.0,
            78.0,
            78.0
        ],
        78.0
    ],
    "unreachable_jumper_count": [
        0.0,
        0.0,
        0.0,
        [
            0.0,
            0.0,
            0.0,
            0.0,
            0.0,
            0.0
        ],
        0.0
    ],
    "shortest_path": {
        "percent_useful_node_count": [
            0.6577380952380952,
            0.6547619047619048,
            0.6601190476190476,
            [
                0.6369047619047619,
                0.6438095238095238,
                0.6488095238095238,
                0.6645833333333333,
                0.669047619047619,
                0.6738095238095239
            ],
            0.656654761904762
        ],
        "percent_useful_wire_length": 35.79254275537286,
        "percent_reachable_sensors": 0.77417,
        "percent_useful_jumper_count": [
            0.44871794871794873,
            0.4358974358974359,
            0.44871794871794873,
            [
                0.358974358974359,
                0.38461538461538464,
                0.4230769230769231,
                0.47435897435897434,
                0.48717948717948717,
                0.5
            ],
            0.4411538461538463
        ],
        "percent_useful_jumper_length": [
            0.0641025641025641,
            0.05128205128205128,
            0.0641025641025641,
            [
                0.038461538461538464,
                0.038461538461538464,
                0.05128205128205128,
                0.0641025641025641,
                0.07692307692307693,
                0.07692307692307693
            ],
            0.05987179487179486
        ],
        "percent_unreachable_bc_short_jumper": 0.22583,
        "percent_multiroute_reached_nodes": [
            0.43605891315388523,
            0.4318169794601172,
            0.4386273589823793,
            [
                0.40712153518123667,
                0.41455661557710355,
                0.42479003769452156,
                0.4472911096256685,
                0.4642645962330211,
                0.4689034185726057
            ],
            0.4365320698240564
        ],
        "path_length_max": [
            1053.1482203896317,
            1036.4873460631632,
            1053.1482203896317
        ],
        "path_length_avg": [
            487.781003397519,
            486.0539602485971,
            489.7725795894476,
            [
                161.48639170734978,
                221.89457738398457,
                341.4867077367072,
                624.7466619793861,
                731.9519694347745,
                791.5432135859772
            ],
            483.1372248144909
        ],
        "path_node_count_max": [
            30.0,
            29.0,
            30.0
        ],
        "path_node_count_avg": [
            14.0,
            13.0,
            14.0,
            [
                4.0,
                6.0,
                9.0,
                17.0,
                20.0,
                22.0
            ],
            13.394228657788341
        ],
        "path_jumper_count_max": [
            6.0,
            6.0,
            6.0
        ],
        "path_jumper_count_avg": [
            1.0,
            1.0,
            1.0,
            [
                0.0,
                0.0,
                0.0,
                1.0,
                2.0,
                2.0
            ],
            0.7694304868439749
        ],
        "path_sensor_jumper_length_max": [
            9.998110972657159,
            9.996000617700538,
            9.998110972657159
        ],
        "path_sensor_jumper_length_avg": [
            3.6035895115050294,
            3.5749768075580994,
            3.634154873660808,
            [
                0.31968981501907534,
                0.6425763514473712,
                1.6528661767523065,
                6.0415460140882065,
                8.01758434664006,
                8.8961789218095
            ],
            3.9821005980980626
        ],
        "path_router_node_branches_max": [
            4.0,
            4.0,
            4.0
        ],
        "path_router_node_branches_avg": [
            2.0,
            2.0,
            2.0,
            [
                2.0,
                2.0,
                2.0,
                3.0,
                3.0,
                3.0
            ],
            2.3220338983050848
        ],
        "graph_max_wire_length": [
            883.6185582483465,
            861.0928723725026,
            905.3676000522206,
            [
                757.0631303762669,
                780.9666503648906,
                814.5622675452555,
                949.9169748343078,
                1012.1637294285033,
                1029.676041123413
            ],
            886.0891224827755
        ],
        "graph_avg_wire_length": [
            478.8364566579565,
            464.91315774798284,
            491.28839017002497,
            [
                436.2755914090943,
                438.48781045494286,
                448.39966317983175,
                518.4749555838515,
                560.3624891003323,
                590.105009218196
            ],
            490.4986313918232
        ],
        "graph_max_node_count": [
            26.0,
            25.0,
            26.0,
            [
                22.0,
                22.0,
                24.0,
                27.25,
                29.10000000000001,
                30.0
            ],
            25.91
        ],
        "graph_avg_node_count": [
            13.878203208983098,
            13.504171632896306,
            14.264038231780166,
            [
                12.711424840914715,
                12.869608294930876,
                13.17358181549236,
                15.40756640558488,
                16.613146564014826,
                16.807218156079635
            ],
            14.310842206310374
        ],