{
    "total_wire_length": 47248.68006335212,
    "total_jumper_length": 2366.8514072411535,
    "total_jumper_count": 102,
    "center_node_count": 236,
    "edge_node_count": 188,
    "total_node_count": 424,
    "reachable_node_count": [
        424.0,
        424.0,
        424.0,
        [
            424.0,
            424.0,
            424.0,
            424.0,
            424.0,
            424.0
        ],
        424.0
    ],
    "unreachable_node_count": [
        0.0,
        0.0,
        0.0,
        [
            0.0,
            0.0,
            0.0,
            0.0,
            0.0,
            0.0
        ],
        0.0
    ],
    "reachable_wire_length": [
        47248.68006335212,
        47248.68006335212,
        47248.68006335212,
        [
            47248.68006335212,
            47248.68006335212,
            47248.68006335212,
            47248.68006335212,
            47248.68006335212,
            47248.68006335212
        ],
        47248.68006335211
    ],
    "unreachable_wire_length": [
        0.0,
        0.0,
        0.0,
        [
            0.0,
            0.0,
            0.0,
            0.0,
            0.0,
            0.0
        ],
        0.0
    ],
    "reachable_jumper_length": [
        2366.851407241154,
        2366.851407241154,
        2366.851407241154,
        [
            2366.851407241154,
            2366.851407241154,
            2366.851407241154,
            2366.851407241154,
            2366.851407241154,
            2366.851407241154
        ],
        2366.851407241154
    ],
    "unreachable_jumper_length": [
        0.0,
        0.0,
        0.0,
        [
            0.0,
            0.0,
            0.0,
            0.0,
            0.0,
            0.0
        ],
        0.0
    ],
    "reachable_jumper_count": [
        102.0,
        102.0,
        102.0,
        [
            102.0,
            102.0,
            102.0,
            102.0,
            102.0,
            102.0
        ],
        102.0
    ],
    "unreachable_jumper_count": [
        0.0,
        0.0,
        0.0,
        [
            0.0,
            0.0,
            0.0,
            0.0,
            0.0,
            0.0
        ],
        0.0
    ],
    "shortest_path": {
        "percent_useful_node_count": [
            0.6981132075471698,
            0.6957547169811321,
            0.7016509433962264,
            [
                0.6650943396226415,
                0.6792452830188679,
                0.6880896226415094,
                0.7081367924528301,
                0.7216981132075472,
                0.7240566037735849
            ],
            0.6982783018867924
        ],
        "percent_useful_wire_length": 40.58021176080098,
        "percent_reachable_sensors": 0.91997,
        "percent_useful_jumper_count": [
            0.4215686274509804,
            0.4068627450980392,
            0.43137254901960786,
            [
                0.3431372549019608,
                0.35294117647058826,
                0.39215686274509803,
                0.46078431372549017,
                0.5,
                0.5200980392156863
            ],
            0.425
        ],
        "percent_useful_jumper_length": [
            0.049019607843137254,
            0.0392156862745098,
            0.049019607843137254,
            [
                0.029411764705882353,
                0.029411764705882353,
                0.0392156862745098,
                0.049019607843137254,
                0.058823529411764705,
                0.058823529411764705
            ],
            0.044607843137254896
        ],
        "percent_unreachable_bc_short_jumper": 0.08003,
        "percent_multiroute_reached_nodes": [
            0.4871932946244615,
            0.4846409225930456,
            0.49146757679180886,
            [
                0.4602516556291391,
                0.4635518763796909,
                0.477048435268147,
                0.49832209134534716,
                0.5089139725009291,
                0.5203813242308052
            ],
            0.4880876469376863
        ],
        "path_length_max": [
            1424.2303194259214,
            1406.6019049170943,
            1424.2303194259214
        ],
        "path_length_avg": [
            699.3742565646891,
            696.7693754192444,
            702.1233341093301,
            [
                231.0491078100108,
                318.3877463157906,
                489.9004453098555,
                878.2389592059224,
                1025.9103155397484,
                1104.6767266996198
            ],
            683.7391770738857
        ],
        "path_node_count_max": [
            24.0,
            24.0,
            24.0
        ],
        "path_node_count_avg": [
            10.0,
            10.0,
            10.0,
            [
                3.0,
                4.0,
                7.0,
                13.0,
                15.0,
                17.0
            ],
            9.93513918932139
        ],
        "path_jumper_count_max": [
            14.0,
            13.0,
            14.0
        ],
        "path_jumper_count_avg": [
            1.0,
            1.0,
            1.0,
            [
                0.0,
                0.0,
                0.0,
                1.0,
                2.0,
                3.0
            ],
            1.1018076676413362
        ],
        "path_sensor_jumper_length_max": [
            39.999905166897626,
            39.99825690122287,
            39.999905166897626
        ],
        "path_sensor_jumper_length_avg": [
            8.995088830167761,
            8.932095949365056,
            9.066467181866521,
            [
                0.7443667117853324,
                1.5371157629105434,
                4.064940243908533,
                16.125999968847616,
                25.62639189590325,
                32.07423543620696
            ],
            11.381370741772049
        ],
        "path_router_node_branches_max": [
            4.0,
            4.0,
            4.0
        ],
        "path_router_node_branches_avg": [
            2.0,
            2.0,
            2.0,
            [
                2.0,
                2.0,
                2.0,
                3.0,
                3.0,
                3.0
            ],
            2.3191489361702127
        ],
        "graph_max_wire_length": [
            1228.3124331514182,
            1180.878194132426,
            1252.517891333303,
            [
                1054.7645789972878,
                1090.0232085277246,
                1123.1548259955077,
                1287.4384988001193,
                1351.7684091310823,
                1385.2122147888847
            ],
            1215.8713375431853
        ],
        "graph_avg_wire_length": [
            693.5583213337686,
            663.68820593481,
            716.0804445914517,
            [
                589.6426919856468,
                599.0803476280242,
                626.9303406476203,
                740.9264104190174,
                790.6515184233783,
                801.48596333405
            ],
            690.2050856540327
        ],
        "graph_max_node_count": [
            20.0,
            19.0,
            20.0,
            [
                16.0,
                17.0,
                18.0,
                21.0,
                23.0,
                23.049999999999997
            ],
            19.84
        ],
        "graph_avg_node_count": [
            10.595429859557687,
            10.444296554468487,
            10.943799819096615,
            [
                9.27313801909095,
                9.433207659212119,
                9.888484540735725,
                11.820049044697406,
                12.538494916485114,
                12.950980091053621
            ],
            10.857102736571045
        ],