{
    "total_wire_length": 69413.04632328522,
    "total_jumper_length": 197397.67918414966,
    "total_jumper_count": 2907,
    "center_node_count": 1388,
    "edge_node_count": 468,
    "total_node_count": 1856,
    "reachable_node_count": [
        1856.0,
        1856.0,
        1856.0,
        [
            1856.0,
            1856.0,
            1856.0,
            1856.0,
            1856.0,
            1856.0
        ],
        1856.0
    ],
    "unreachable_node_count": [
        0.0,
        0.0,
        0.0,
        [
            0.0,
            0.0,
            0.0,
            0.0,
            0.0,
            0.0
        ],
        0.0
    ],
    "reachable_wire_length": [
        69413.0463232852,
        69413.0463232852,
        69413.0463232852,
        [
            69413.0463232852,
            69413.0463232852,
            69413.0463232852,
            69413.0463232852,
            69413.0463232852,
            69413.0463232852
        ],
        69413.04632328522
    ],
    "unreachable_wire_length": [
        0.0,
        0.0,
        0.0,
        [
            0.0,
            0.0,
            0.0,
            0.0,
            0.0,
            0.0
        ],
        0.0
    ],
    "reachable_jumper_length": [
        197397.67918414975,
        197397.67918414975,
        197397.67918414975,
        [
            197397.67918414975,
            197397.67918414975,
            197397.67918414975,
            197397.67918414975,
            197397.67918414975,
            197397.67918414975
        ],
        197397.67918414978
    ],
    "unreachable_jumper_length": [
        0.0,
        0.0,
        0.0,
        [
            0.0,
            0.0,
            0.0,
            0.0,
            0.0,
            0.0
        ],
        0.0
    ],
    "reachable_jumper_count": [
        2907.0,
        2907.0,
        2907.0,
        [
            2907.0,
            2907.0,
            2907.0,
            2907.0,
            2907.0,
            2907.0
        ],
        2907.0
    ],
    "unreachable_jumper_count": [
        0.0,
        0.0,
        0.0,
        [
            0.0,
            0.0,
            0.0,
            0.0,
            0.0,
            0.0
        ],
        0.0
    ],
    "shortest_path": {
        "percent_useful_node_count": [
            0.6810344827586207,
            0.6783405172413793,
            0.6831896551724138,
            [
                0.6664870689655172,
                0.6685883620689655,
                0.6740301724137931,
                0.6865571120689655,
                0.6923491379310345,
                0.69453125
            ],
            0.6806303879310345
        ],
        "percent_useful_wire_length": 38.05630815718419,
        "percent_reachable_sensors": 1.0,
        "percent_useful_jumper_count": [
            0.037495700034399726,
            0.036807705538355696,
            0.03783969728242174,
            [
                0.03061575507395941,
                0.03199174406604747,
                0.03534571723426212,
                0.0392156862745098,
                0.0412796697626419,
                0.04196766425868593
            ],
            0.037010663914688685
        ],
        "percent_useful_jumper_length": [
            0.0013759889920880633,
            0.0013759889920880633,
            0.0013759889920880633,
            [
                0.0010319917440660474,
                0.0010319917440660474,
                0.0010319917440660474,
                0.0013759889920880633,
                0.0017199862401100791,
                0.0017199862401100791
            ],
            0.0013312693498452016
        ],
        "percent_unreachable_bc_short_jumper": 0.0,
        "percent_multiroute_reached_nodes": [
            0.41481161836481617,
            0.4108832807570978,
            0.4212629896083134,
            [
                0.35524666553521156,
                0.3739389361983346,
                0.39708182659153984,
                0.42890995260663506,
                0.4349383350462487,
                0.43971093163864244
            ],
            0.4094792789650268
        ],
        "path_length_max": [
            1289.748627446118,
            1275.636046722039,
            1289.748627446118
        ],
        "path_length_avg": [
            404.5421677257592,
            403.2789879984454,
            405.9541760634998,
            [
                121.45557512110086,
                168.68964683142744,
                276.02863220304056,
                544.9505352830099,
                704.6351695002434,
                802.2735573323058
            ],
            424.0157099638684
        ],
        "path_node_count_max": [
            64.0,
            62.0,
            64.0
        ],
        "path_node_count_avg": [
            20.0,
            20.0,
            20.0,
            [
                6.0,
                9.0,
                14.0,
                27.0,
                34.0,
                38.0
            ],
            20.93583
        ],
        "path_jumper_count_max": [
            10.0,
            10.0,
            10.0
        ],
        "path_jumper_count_avg": [
            1.0,
            1.0,
            1.0,
            [
                0.0,
                0.0,
                1.0,
                2.0,
                4.0,
                5.0
            ],
            1.66517
        ],
        "path_sensor_jumper_length_max": [
            22.394147487996623,
            20.492985918365065,
            22.394147487996623
        ],
        "path_sensor_jumper_length_avg": [
            2.502715858925446,
            2.480764936837528,
            2.52027761647358,
            [
                0.20503925600555986,
                0.42382485062338443,
                1.1052239163834832,
                4.672891652837512,
                8.923798249506802,
                11.406937097996739
            ],
            3.5853779912662973
        ],
        "path_router_node_branches_max": [
            21.0,
            16.0,
            21.0
        ],
        "path_router_node_branches_avg": [
            2.0,
            2.0,
            2.0,
            [
                2.0,
                2.0,
                2.0,
                2.0,
                5.0,
                10.0
            ],
            2.9979253112033195
        ],
        "graph_max_wire_length": [
            877.7996682212826,
            853.1699190571126,
            924.4716430455601,
            [
                726.4732481644846,
                758.6783709169124,
                816.6151269465108,
                987.6363789383033,
                1138.2180048060277,
                1250.7471536475587
            ],
            918.2322203301625
        ],
        "graph_avg_wire_length": [
            395.35120194509364,
            379.20133111951577,
            410.46941656981323,
            [
                342.2028632767723,
                343.875474203494,
                358.6079444911792,
                460.7461776342467,
                548.0826309613382,
                651.5032342259431
            ],
            423.6357076070641
        ],
        "graph_max_node_count": [
            45.0,
            43.0,
            47.0,
            [
                36.95,
                37.0,
                40.0,
                52.0,
                57.10000000000001,
                58.0
            ],
            45.9
        ],
        "graph_avg_node_count": [
            20.130472882544133,
            19.48141891891892,
            21.427611446476398,
            [
                17.679518413597734,
                17.778807892125386,
                18.410440996316566,
                22.718188478831674,
                26.430233602875116,
                27.717328196161354
            ],
            21.22144384799651
        ],