{
    "total_wire_length": 59703.3441799488,
    "total_jumper_length": 1802.6472957403487,
    "total_jumper_count": 175,
    "center_node_count": 599,
    "edge_node_count": 319,
    "total_node_count": 918,
    "reachable_node_count": [
        918.0,
        918.0,
        918.0,
        [
            918.0,
            918.0,
            918.0,
            918.0,
            918.0,
            918.0
        ],
        918.0
    ],
    "unreachable_node_count": [
        0.0,
        0.0,
        0.0,
        [
            0.0,
            0.0,
            0.0,
            0.0,
            0.0,
            0.0
        ],
        0.0
    ],
    "reachable_wire_length": [
        59703.34417994878,
        59703.34417994878,
        59703.34417994878,
        [
            59703.34417994878,
            59703.34417994878,
            59703.34417994878,
            59703.34417994878,
            59703.34417994878,
            59703.34417994878
        ],
        59703.344179948785
    ],
    "unreachable_wire_length": [
        0.0,
        0.0,
        0.0,
        [
            0.0,
            0.0,
            0.0,
            0.0,
            0.0,
            0.0
        ],
        0.0
    ],
    "reachable_jumper_length": [
        1802.6472957403482,
        1802.6472957403482,
        1802.6472957403482,
        [
            1802.6472957403482,
            1802.6472957403482,
            1802.6472957403482,
            1802.6472957403482,
            1802.6472957403482,
            1802.6472957403482
        ],
        1802.647295740348
    ],
    "unreachable_jumper_length": [
        0.0,
        0.0,
        0.0,
        [
            0.0,
            0.0,
            0.0,
            0.0,
            0.0,
            0.0
        ],
        0.0
    ],
    "reachable_jumper_count": [
        175.0,
        175.0,
        175.0,
        [
            175.0,
            175.0,
            175.0,
            175.0,
            175.0,
            175.0
        ],
        175.0
    ],
    "unreachable_jumper_count": [
        0.0,
        0.0,
        0.0,
        [
            0.0,
            0.0,
            0.0,
            0.0,
            0.0,
            0.0
        ],
        0.0
    ],
    "shortest_path": {
        "percent_useful_node_count": [
            0.6851851851851852,
            0.681917211328976,
            0.6900871459694988,
            [
                0.6633986928104575,
                0.6706971677559913,
                0.6764705882352942,
                0.6971677559912854,
                0.7038126361655773,
                0.7092047930283225
            ],
            0.6860239651416122
        ],
        "percent_useful_wire_length": 36.73767955356202,
        "percent_reachable_sensors": 0.91708,
        "percent_useful_jumper_count": [
            0.3142857142857143,
            0.3114285714285714,
            0.32571428571428573,
            [
                0.2282857142857143,
                0.2622857142857143,
                0.2914285714285714,
                0.34285714285714286,
                0.37142857142857144,
                0.3942857142857143
            ],
            0.31559999999999994
        ],
        "percent_useful_jumper_length": [
            0.025714285714285714,
            0.022857142857142857,
            0.02857142857142857,
            [
                0.017142857142857144,
                0.017142857142857144,
                0.017142857142857144,
                0.02857142857142857,
                0.03428571428571429,
                0.03428571428571429
            ],
            0.02497142857142858
        ],
        "percent_unreachable_bc_short_jumper": 0.08292,
        "percent_multiroute_reached_nodes": [
            0.41565852158412125,
            0.4138729561033515,
            0.4198717948717949,
            [
                0.39130196716699817,
                0.39915756407510533,
                0.40951854348956457,
                0.4279655986198742,
                0.4355252274607113,
                0.43871620385893256
            ],
            0.4169722315878339
        ],
        "path_length_max": [
            1673.6329603499057,
            1655.1232700693943,
            1673.6329603499057
        ],
        "path_length_avg": [
            565.2891864945989,
            563.0716234885455,
            567.2065278008423,
            [
                166.2235517941361,
                232.1223051494683,
                382.0880532682194,
                765.0959710226829,
                966.7643269559405,
                1089.236527238357
            ],
            587.4040548274115
        ],
        "path_node_count_max": [
            51.0,
            51.0,
            51.0
        ],
        "path_node_count_avg": [
            16.0,
            16.0,
            16.0,
            [
                4.0,
                6.0,
                11.0,
                22.0,
                28.0,
                32.0
            ],
            16.68167444497754
        ],
        "path_jumper_count_max": [
            13.0,
            12.0,
            13.0
        ],
        "path_jumper_count_avg": [
            1.0,
            1.0,
            1.0,
            [
                0.0,
                0.0,
                1.0,
                2.0,
                2.0,
                4.0
            ],
            1.2877611549701227
        ],
        "path_sensor_jumper_length_max": [
            19.99936534027269,
            19.996618126654155,
            19.99936534027269
        ],
        "path_sensor_jumper_length_avg": [
            4.48713755111883,
            4.451308654053722,
            4.520194689144043,
            [
                0.3766231033612799,
                0.765672493302231,
                2.024961550942242,
                8.033675605928329,
                12.915467656219436,
                16.08620268319536
            ],
            5.690361335226117
        ],
        "path_router_node_branches_max": [
            4.0,
            4.0,
            4.0
        ],
        "path_router_node_branches_avg": [
            2.0,
            2.0,
            2.0,
            [
                2.0,
                2.0,
                2.0,
                3.0,
                3.0,
                3.0
            ],
            2.286290322580645
        ],
        "graph_max_wire_length": [
            1234.4901061932806,
            1186.6017874747242,
            1261.213720760032,
            [
                1011.6976874188133,
                1037.4021638086813,
                1105.539690736658,
                1405.3056925073217,
                1525.7440849752595,
                1588.5014751973229
            ],
            1256.3154928966835
        ],
        "graph_avg_wire_length": [
            553.5100749197159,
            539.5370759200129,
            587.7861770742321,
            [
                474.64093288304787,
                484.76977488608355,
                515.5025607728352,
                665.4312151138123,
                761.3070341082439,
                830.3606406309224
            ],
            594.066522527144
        ],
        "graph_max_node_count": [
            38.5,
            37.0,
            40.0,
            [
                31.0,
                32.0,
                35.0,
                43.0,
                47.0,
                49.0
            ],
            39.17
        ],
        "graph_avg_node_count": [
            16.39952466002805,
            16.09670511916518,
            17.319408032220068,
            [
                14.108283920016115,
                14.492410789800436,
                15.268563753319851,
                19.61885178443485,
                22.25472000020498,
                24.9880077333096
            ],
            17.600993899049218
        ],