{
    "total_wire_length": 18362.255005945368,
    "total_jumper_length": 70.5586244472036,
    "total_jumper_count": 7,
    "center_node_count": 46,
    "edge_node_count": 78,
    "total_node_count": 124,
    "reachable_node_count": [
        100.0,
        100.0,
        100.0,
        [
            24.0,
            24.0,
            100.0,
            100.0,
            100.0,
            100.0
        ],
        84.8
    ],
    "unreachable_node_count": [
        24.0,
        24.0,
        24.0,
        [
            24.0,
            24.0,
            24.0,
            24.0,
            100.0,
            100.0
        ],
        39.2
    ],
    "reachable_wire_length": [
        14823.100119585624,
        14823.100119585624,
        14823.100119585624,
        [
            3539.154886359738,
            3539.154886359738,
            14823.100119585624,
            14823.100119585624,
            14823.100119585624,
            14823.100119585624
        ],
        12566.311072940449
    ],
    "unreachable_wire_length": [
        3539.154886359738,
        3539.154886359738,
        3539.154886359738,
        [
            3539.154886359738,
            3539.154886359738,
            3539.154886359738,
            3539.154886359738,
            14823.100119585624,
            14823.100119585624
        ],
        5795.943933004915
    ],
    "reachable_jumper_length": [
        51.336649709825494,
        51.336649709825494,
        51.336649709825494,
        [
            19.221974737378098,
            19.221974737378098,
            51.336649709825494,
            51.336649709825494,
            51.336649709825494,
            51.336649709825494
        ],
        44.913714715336035
    ],
    "unreachable_jumper_length": [
        19.221974737378098,
        19.221974737378098,
        19.221974737378098,
        [
            19.221974737378098,
            19.221974737378098,
            19.221974737378098,
            19.221974737378098,
            51.336649709825494,
            51.336649709825494
        ],
        25.644909731867575
    ],
    "reachable_jumper_count": [
        6.0,
        6.0,
        6.0,
        [
            1.0,
            1.0,
            6.0,
            6.0,
            6.0,
            6.0
        ],
        5.0
    ],
    "unreachable_jumper_count": [
        1.0,
        1.0,
        1.0,
        [
            1.0,
            1.0,
            1.0,
            1.0,
            6.0,
            6.0
        ],
        2.0
    ],
    "shortest_path": {
        "percent_useful_node_count": [
            0.3951612903225806,
            0.3870967741935484,
            0.3951612903225806,
            [
                0.07258064516129033,
                0.08064516129032258,
                0.3790322580645161,
                0.4032258064516129,
                0.4032258064516129,
                0.4112903225806452
            ],
            0.3320967741935484
        ],
        "percent_useful_wire_length": 27.340796506629605,
        "percent_reachable_sensors": 0.34554,
        "percent_useful_jumper_count": [
            0.8571428571428571,
            0.7142857142857143,
            0.8571428571428571,
            [
                0.0,
                0.0,
                0.7142857142857143,
                0.8571428571428571,
                0.8571428571428571,
                0.8571428571428571
            ],
            0.6571428571428573
        ],
        "percent_useful_jumper_length": [
            0.2857142857142857,
            0.2857142857142857,
            0.2857142857142857,
            [
                0.0,
                0.0,
                0.2857142857142857,
                0.42857142857142855,
                0.42857142857142855,
                0.42857142857142855
            ],
            0.2785714285714285
        ],
        "percent_unreachable_bc_short_jumper": 0.49665,
        "percent_multiroute_reached_nodes": [
            0.6,
            0.5918367346938775,
            0.6122448979591837,
            [
                0.5509203681472589,
                0.56,
                0.58,
                0.6382978723404256,
                0.7323232323232328,
                0.8009090909090909
            ],
            0.626228125456244
        ],
        "path_length_max": [
            1807.27247129607,
            1773.473377990279,
            1807.27247129607
        ],
        "path_length_avg": [
            665.5864467710512,
            661.4010824076745,
            670.1013159571229,
            [
                192.39532865595362,
                267.58987547114543,
                441.8923789160759,
                921.054629443251,
                1200.871095413389,
                1335.7814923848375
            ],
            701.3572054205476
        ],
        "path_node_count_max": [
            16.0,
            16.0,
            16.0
        ],
        "path_node_count_avg": [
            6.0,
            6.0,
            6.0,
            [
                1.0,
                2.0,
                3.0,
                8.0,
                11.0,
                12.0
            ],
            5.998813451409388
        ],
        "path_jumper_count_max": [
            3.0,
            3.0,
            3.0
        ],
        "path_jumper_count_avg": [
            1.0,
            1.0,
            1.0,
            [
                0.0,
                0.0,
                0.0,
                1.0,
                2.0,
                2.0
            ],
            0.8392950164959194
        ],
        "path_sensor_jumper_length_max": [
            19.999707708338992,
            19.99784571390325,
            19.999707708338992
        ],
        "path_sensor_jumper_length_avg": [
            8.827412642610106,
            8.73824870851973,
            8.936894067463511,
            [
                0.8171354237385478,
                1.6481607852973084,
                4.202778170726954,
                13.975049638353703,
                17.516731665328326,
                18.717234579677708
            ],
            9.203181365389906
        ],
        "path_router_node_branches_max": [
            4.0,
            4.0,
            4.0
        ],
        "path_router_node_branches_avg": [
            3.0,
            2.5,
            3.0,
            [
                2.0,
                2.0,
                2.0,
                3.0,
                4.0,
                4.0
            ],
            2.8666666666666667
        ],
        "graph_max_wire_length": [
            1362.6323848455881,
            1287.6860571520992,
            1443.6246348100947,
            [
                540.106668467499,
                630.2439522169867,
                1145.6868954156455,
                1613.6787131369838,
                1705.0782532719172,
                1761.9594352656854
            ],
            1288.810788596532
        ],
        "graph_avg_wire_length": [
            678.1752676427129,
            642.9280406481848,
            710.7631290485145,
            [
                321.1583045928648,
                342.2289310105866,
                591.4050913243077,
                790.5061813434838,
                907.4850034761515,
                981.8661620310252
            ],
            667.6319609354733
        ],
        "graph_max_node_count": [
            13.0,
            12.0,
            14.0,
            [
                5.0,
                5.0,
                10.0,
                15.0,
                15.0,
                16.0
            ],
            11.77
        ],
        "graph_avg_node_count": [
            6.5,
            6.3149999999999995,
            6.750125,
            [
                2.953894927536232,
                3.3208333333333337,
                5.7025,
                7.28,
                8.44,
                9.15
            ],
            6.298238349331828
        ],