{
    "total_wire_length": 5640.8958245321155,
    "total_jumper_length": 439.29486062634567,
    "total_jumper_count": 16,
    "center_node_count": 17,
    "edge_node_count": 43,
    "total_node_count": 60,
    "reachable_node_count": [
        60.0,
        60.0,
        60.0,
        [
            60.0,
            60.0,
            60.0,
            60.0,
            60.0,
            60.0
        ],
        60.0
    ],
    "unreachable_node_count": [
        0.0,
        0.0,
        0.0,
        [
            0.0,
            0.0,
            0.0,
            0.0,
            0.0,
            0.0
        ],
        0.0
    ],
    "reachable_wire_length": [
        5640.8958245321155,
        5640.8958245321155,
        5640.8958245321155,
        [
            5640.8958245321155,
            5640.8958245321155,
            5640.8958245321155,
            5640.8958245321155,
            5640.8958245321155,
            5640.8958245321155
        ],
        5640.8958245321155
    ],
    "unreachable_wire_length": [
        0.0,
        0.0,
        0.0,
        [
            0.0,
            0.0,
            0.0,
            0.0,
            0.0,
            0.0
        ],
        0.0
    ],
    "reachable_jumper_length": [
        439.2948606263458,
        439.2948606263458,
        439.2948606263458,
        [
            439.2948606263458,
            439.2948606263458,
            439.2948606263458,
            439.2948606263458,
            439.2948606263458,
            439.2948606263458
        ],
        439.2948606263458
    ],
    "unreachable_jumper_length": [
        0.0,
        0.0,
        0.0,
        [
            0.0,
            0.0,
            0.0,
            0.0,
            0.0,
            0.0
        ],
        0.0
    ],
    "reachable_jumper_count": [
        16.0,
        16.0,
        16.0,
        [
            16.0,
            16.0,
            16.0,
            16.0,
            16.0,
            16.0
        ],
        16.0
    ],
    "unreachable_jumper_count": [
        0.0,
        0.0,
        0.0,
        [
            0.0,
            0.0,
            0.0,
            0.0,
            0.0,
            0.0
        ],
        0.0
    ],
    "shortest_path": {
        "percent_useful_node_count": [
            0.6,
            0.5833333333333334,
            0.6,
            [
                0.5491666666666667,
                0.565,
                0.5666666666666667,
                0.6166666666666667,
                0.6333333333333333,
                0.6341666666666665
            ],
            0.5951666666666666
        ],
        "percent_useful_wire_length": 46.741440339654226,
        "percent_reachable_sensors": 0.89113,
        "percent_useful_jumper_count": [
            0.5625,
            0.5625,
            0.5625,
            [
                0.5,
                0.5,
                0.5625,
                0.625,
                0.6312500000000005,
                0.6875
            ],
            0.579375
        ],
        "percent_useful_jumper_length": [
            0.25,
            0.1875,
            0.25,
            [
                0.1875,
                0.1875,
                0.1875,
                0.3125,
                0.3125,
                0.3125
            ],
            0.240625
        ],
        "percent_unreachable_bc_short_jumper": 0.10887,
        "percent_multiroute_reached_nodes": [
            0.5,
            0.5,
            0.5131670131670132,
            [
                0.43572418572418575,
                0.44973684210526316,
                0.47368421052631576,
                0.5294117647058824,
                0.5588235294117647,
                0.5625
            ],
            0.5022669453733383
        ],
        "path_length_max": [
            1057.205305988141,
            1052.4615551098473,
            1057.205305988141
        ],
        "path_length_avg": [
            412.7742505428202,
            411.41549587471786,
            413.9311688337972,
            [
                163.82674850030227,
                208.3160678826166,
                302.9299131621198,
                516.3869689339576,
                631.8245972803077,
                711.5801293687111
            ],
            418.39376287869953
        ],
        "path_node_count_max": [
            11.0,
            10.0,
            11.0
        ],
        "path_node_count_avg": [
            5.0,
            5.0,
            5.0,
            [
                1.0,
                1.0,
                2.0,
                6.0,
                8.0,
                9.0
            ],
            4.334485428613109
        ],
        "path_jumper_count_max": [
            3.0,
            3.0,
            3.0
        ],
        "path_jumper_count_avg": [
            1.0,
            1.0,
            1.0,
            [
                0.0,
                0.0,
                0.0,
                1.0,
                2.0,
                2.0
            ],
            0.8637123651992414
        ],
        "path_sensor_jumper_length_max": [
            79.99473032663442,
            79.98809694404824,
            79.99473032663442
        ],
        "path_sensor_jumper_length_avg": [
            16.900940119845302,
            16.75213451097769,
            17.050710272486217,
            [
                1.379170786107328,
                2.7926660487799726,
                7.415551155737264,
                31.001463620560962,
                49.908307551024144,
                63.311654042306664
            ],
            21.862643598720222
        ],
        "path_router_node_branches_max": [
            4.0,
            4.0,
            4.0
        ],
        "path_router_node_branches_avg": [
            3.0,
            2.0,
            3.0,
            [
                2.0,
                2.0,
                2.0,
                3.0,
                4.0,
                4.0
            ],
            2.8823529411764706
        ],
        "graph_max_wire_length": [
            755.738876077848,
            715.795596233329,
            787.7209873420891,
            [
                589.9334234489199,
                613.7791218399882,
                666.2894847364255,
                830.2398284276444,
                946.1637770189873,
                966.3898454402721
            ],
            761.2332491157547
        ],
        "graph_avg_wire_length": [
            398.68870685041156,
            380.8826452341025,
            407.74821253683683,
            [
                319.6252603451741,
                328.9177842316521,
                348.743881755695,
                453.2501047549443,
                515.6408823235329,
                600.24714189485
            ],
            410.86073203503906
        ],
        "graph_max_node_count": [
            10.0,
            9.0,
            10.0,
            [
                7.95,
                8.0,
                8.0,
                10.0,
                11.0,
                11.0
            ],
            9.37
        ],
        "graph_avg_node_count": [
            5.066666666666666,
            5.050423728813559,
            5.283333333333333,
            [
                4.429166666666667,
                4.5649999999999995,
                4.758333333333333,
                5.594279661016949,
                6.6,
                7.5
            ],
            5.333140051830177
        ],
        "graph_max_jumper_count": [
            2.0,
            2.0,
            2.0,
            [
                1.0,
                2.0,
                2.0,
                3.0,
                3.0,
                3.0
            ],
            2.26
        ],