{
    "total_wire_length": 17931.50576892808,
    "total_jumper_length": 13759.724449373893,
    "total_jumper_count": 200,
    "center_node_count": 93,
    "edge_node_count": 119,
    "total_node_count": 212,
    "reachable_node_count": [
        212.0,
        212.0,
        212.0,
        [
            212.0,
            212.0,
            212.0,
            212.0,
            212.0,
            212.0
        ],
        212.0
    ],
    "unreachable_node_count": [
        0.0,
        0.0,
        0.0,
        [
            0.0,
            0.0,
            0.0,
            0.0,
            0.0,
            0.0
        ],
        0.0
    ],
    "reachable_wire_length": [
        17931.505768928084,
        17931.505768928084,
        17931.505768928084,
        [
            17931.505768928084,
            17931.505768928084,
            17931.505768928084,
            17931.505768928084,
            17931.505768928084,
            17931.505768928084
        ],
        17931.505768928084
    ],
    "unreachable_wire_length": [
        0.0,
        0.0,
        0.0,
        [
            0.0,
            0.0,
            0.0,
            0.0,
            0.0,
            0.0
        ],
        0.0
    ],
    "reachable_jumper_length": [
        13759.724449373885,
        13759.724449373885,
        13759.724449373885,
        [
            13759.724449373885,
            13759.724449373885,
            13759.724449373885,
            13759.724449373885,
            13759.724449373885,
            13759.724449373885
        ],
        13759.724449373884
    ],
    "unreachable_jumper_length": [
        0.0,
        0.0,
        0.0,
        [
            0.0,
            0.0,
            0.0,
            0.0,
            0.0,
            0.0
        ],
        0.0
    ],
    "reachable_jumper_count": [
        200.0,
        200.0,
        200.0,
        [
            200.0,
            200.0,
            200.0,
            200.0,
            200.0,
            200.0
        ],
        200.0
    ],
    "unreachable_jumper_count": [
        0.0,
        0.0,
        0.0,
        [
            0.0,
            0.0,
            0.0,
            0.0,
            0.0,
            0.0
        ],
        0.0
    ],
    "shortest_path": {
        "percent_useful_node_count": [
            0.7169811320754716,
            0.7122641509433962,
            0.7216981132075472,
            [
                0.6886792452830188,
                0.6933962264150944,
                0.7075471698113207,
                0.7311320754716981,
                0.745754716981132,
                0.7547169811320755
            ],
            0.7190094339622641
        ],
        "percent_useful_wire_length": 50.899529553071304,
        "percent_reachable_sensors": 1.0,
        "percent_useful_jumper_count": [
            0.21,
            0.205,
            0.215,
            [
                0.185,
                0.19,
                0.19875,
                0.225,
                0.23050000000000004,
                0.24
            ],
            0.21084999999999998
        ],
        "percent_useful_jumper_length": [
            0.02,
            0.02,
            0.02,
            [
                0.015,
                0.015,
                0.015,
                0.025,
                0.025,
                0.025
            ],
            0.019999999999999997
        ],
        "percent_unreachable_bc_short_jumper": 0.0,
        "percent_multiroute_reached_nodes": [
            0.4884729364595136,
            0.48366013071895425,
            0.4934637730690362,
            [
                0.4574882049950223,
                0.4653647398149261,
                0.477124183006536,
                0.5008278145695364,
                0.5179574468085106,
                0.5226105533005768
            ],
            0.48922326070647704
        ],
        "path_length_max": [
            1472.949948859021,
            1443.959577059242,
            1472.949948859021
        ],
        "path_length_avg": [
            489.3684974739813,
            487.31547725228614,
            491.1924232923112,
            [
                158.6742426852802,
                212.29338026699781,
                335.22439492482056,
                679.6612454628457,
                856.0948484119754,
                950.5915233325941
            ],
            516.3412175254142
        ],
        "path_node_count_max": [
            23.0,
            23.0,
            23.0
        ],
        "path_node_count_avg": [
            8.0,
            8.0,
            8.0,
            [
                2.0,
                3.0,
                5.0,
                11.0,
                14.0,
                15.0
            ],
            8.29228
        ],
        "path_jumper_count_max": [
            7.0,
            7.0,
            7.0
        ],
        "path_jumper_count_avg": [
            1.0,
            1.0,
            1.0,
            [
                0.0,
                0.0,
                1.0,
                2.0,
                3.0,
                4.0
            ],
            1.32319
        ],
        "path_sensor_jumper_length_max": [
            105.2576131166497,
            103.49642357594192,
            105.2576131166497
        ],
        "path_sensor_jumper_length_avg": [
            9.751211341713862,
            9.67311791965229,
            9.835554416085321,
            [
                0.7915411216713718,
                1.6354489060824946,
                4.3027385951548585,
                18.367359517994938,
                35.228309451561685,
                45.95504948875359
            ],
            14.191517809143436
        ],
        "path_router_node_branches_max": [
            6.0,
            4.0,
            6.0
        ],
        "path_router_node_branches_avg": [
            3.0,
            2.0,
            3.0,
            [
                2.0,
                2.0,
                2.0,
                3.0,
                4.0,
                4.0
            ],
            2.7183098591549295
        ],
        "graph_max_wire_length": [
            1027.6690669551735,
            993.8065233127131,
            1062.3069963800795,
            [
                771.9302861310857,
                812.5752166797387,
                907.8977543870883,
                1127.1633340297872,
                1233.2679896083791,
                1316.7438749730252
            ],
            1027.429822005126
        ],
        "graph_avg_wire_length": [
            482.65042595464655,
            471.51415356199186,
            509.2248842817972,
            [
                382.4720652532959,
                401.0377332469163,
                424.74243018201327,
                560.2235103475036,
                659.548372640749,
                713.9266676101145
            ],
            505.4342331485193
        ],
        "graph_max_node_count": [
            17.5,
            17.0,
            18.0,
            [
                14.0,
                14.0,
                15.0,
                20.0,
                22.0,
                23.0
            ],
            17.7
        ],
        "graph_avg_node_count": [
            8.65626612260213,
            8.383635703918722,
            8.823026086261565,
            [
                6.909090909090909,
                7.151428571428572,
                7.515843639974722,
                10.019308943089431,
                11.108415003192764,
                11.887356244384545
            ],
            8.885897000517447
        ],
        "graph_max_jumper_count": [
            5.0,
            4.0,
            5.0,
            [
                4.0,
                4.0,
                4.0,
                5.0,
                6.0,
                6.0
            ],
            4.67
        ],