{
    "total_wire_length": 74578.68756052585,
    "total_jumper_length": 34251.97622105502,
    "total_jumper_count": 471,
    "center_node_count": 375,
    "edge_node_count": 237,
    "total_node_count": 612,
    "reachable_node_count": [
        612.0,
        612.0,
        612.0,
        [
            612.0,
            612.0,
            612.0,
            612.0,
            612.0,
            612.0
        ],
        612.0
    ],
    "unreachable_node_count": [
        0.0,
        0.0,
        0.0,
        [
            0.0,
            0.0,
            0.0,
            0.0,
            0.0,
            0.0
        ],
        0.0
    ],
    "reachable_wire_length": [
        74578.68756052588,
        74578.68756052588,
        74578.68756052588,
        [
            74578.68756052588,
            74578.68756052588,
            74578.68756052588,
            74578.68756052588,
            74578.68756052588,
            74578.68756052588
        ],
        74578.68756052587
    ],
    "unreachable_wire_length": [
        0.0,
        0.0,
        0.0,
        [
            0.0,
            0.0,
            0.0,
            0.0,
            0.0,
            0.0
        ],
        0.0
    ],
    "reachable_jumper_length": [
        34251.97622105506,
        34251.97622105506,
        34251.97622105506,
        [
            34251.97622105506,
            34251.97622105506,
            34251.97622105506,
            34251.97622105506,
            34251.97622105506,
            34251.97622105506
        ],
        34251.976221055076
    ],
    "unreachable_jumper_length": [
        0.0,
        0.0,
        0.0,
        [
            0.0,
            0.0,
            0.0,
            0.0,
            0.0,
            0.0
        ],
        0.0
    ],
    "reachable_jumper_count": [
        471.0,
        471.0,
        471.0,
        [
            471.0,
            471.0,
            471.0,
            471.0,
            471.0,
            471.0
        ],
        471.0
    ],
    "unreachable_jumper_count": [
        0.0,
        0.0,
        0.0,
        [
            0.0,
            0.0,
            0.0,
            0.0,
            0.0,
            0.0
        ],
        0.0
    ],
    "shortest_path": {
        "percent_useful_node_count": [
            0.7524509803921569,
            0.7483660130718954,
            0.7565359477124183,
            [
                0.7303104575163398,
                0.7366013071895425,
                0.7434640522875817,
                0.7618464052287581,
                0.7712418300653595,
                0.7762254901960784
            ],
            0.7526960784313725
        ],
        "percent_useful_wire_length": 43.077763056625614,
        "percent_reachable_sensors": 1.0,
        "percent_useful_jumper_count": [
            0.1740976645435244,
            0.16985138004246284,
            0.1762208067940552,
            [
                0.14437367303609341,
                0.14861995753715498,
                0.1592356687898089,
                0.18099787685774946,
                0.18683651804670912,
                0.19543524416135882
            ],
            0.17082802547770698
        ],
        "percent_useful_jumper_length": [
            0.008492569002123142,
            0.0074309978768577496,
            0.008492569002123142,
            [
                0.006369426751592357,
                0.006369426751592357,
                0.006369426751592357,
                0.010615711252653927,
                0.010615711252653927,
                0.012738853503184714
            ],
            0.00840764331210191
        ],
        "percent_unreachable_bc_short_jumper": 0.0,
        "percent_multiroute_reached_nodes": [
            0.44515492446581684,
            0.44060031816676226,
            0.44759825327510916,
            [
                0.4116948291195528,
                0.42238021909477214,
                0.4315831172572746,
                0.45360890952512345,
                0.4633994884425919,
                0.47008616883463444
            ],
            0.4420508794731139
        ],
        "path_length_max": [
            2712.665806635041,
            2691.7775542740333,
            2712.665806635041
        ],
        "path_length_avg": [
            884.6617759738504,
            881.7787032499191,
            888.039494003096,
            [
                278.2564670224783,
                380.359491661757,
                603.7753612063362,
                1181.6417145267255,
                1512.5785878609067,
                1699.5515958757787
            ],
            920.638318408866
        ],
        "path_node_count_max": [
            41.0,
            40.0,
            41.0
        ],
        "path_node_count_avg": [
            13.0,
            13.0,
            13.0,
            [
                4.0,
                5.0,
                9.0,
                17.0,
                22.0,
                25.0
            ],
            13.19766
        ],
        "path_jumper_count_max": [
            15.0,
            15.0,
            15.0
        ],
        "path_jumper_count_avg": [
            1.0,
            1.0,
            1.0,
            [
                0.0,
                0.0,
                1.0,
                3.0,
                6.0,
                8.0
            ],
            2.10557
        ],
        "path_sensor_jumper_length_max": [
            82.67075116092913,
            78.95654541145585,
            82.67075116092913
        ],
        "path_sensor_jumper_length_avg": [
            9.967888337343531,
            9.894086735712529,
            10.046422959943396,
            [
                0.8136333059709678,
                1.6718461983146191,
                4.424142714727194,
                18.773136944747417,
                36.20073561246231,
                46.177834781051445
            ],
            14.413470334663721
        ],
        "path_router_node_branches_max": [
            6.0,
            6.0,
            6.0
        ],
        "path_router_node_branches_avg": [
            2.0,
            2.0,
            2.0,
            [
                2.0,
                2.0,
                2.0,
                3.0,
                3.0,
                4.0
            ],
            2.448453608247423
        ],
        "graph_max_wire_length": [
            1858.2023973020155,
            1792.7282029614555,
            1909.7898223924517,
            [
                1507.1391585964263,
                1570.7946968725444,
                1728.5657538660375,
                2092.825579499079,
                2473.9551417163293,
                2548.1661423680725
            ],
            1924.1549824805263
        ],
        "graph_avg_wire_length": [
            847.0391628043517,
            822.263380000492,
            895.5702635172775,
            [
                731.3886223229184,
                749.8249208044416,
                788.927770244753,
                998.2118807200977,
                1235.7317199638446,
                1292.6506262367232
            ],
            914.7084534835084
        ],
        "graph_max_node_count": [
            27.0,
            27.0,
            29.0,
            [
                23.0,
                24.0,
                25.0,
                32.0,
                38.0,
                40.0
            ],
            29.02
        ],
        "graph_avg_node_count": [
            13.007352941176471,
            12.580065359477125,
            13.53960396039604,
            [
                11.210376752992524,
                11.309638213680046,
                11.750816993464053,
                15.108888777489948,
                18.619281045751634,
                20.331704545454546
            ],
            13.847387566817432
        ],