{
    "total_wire_length": 196256.4866556067,
    "total_jumper_length": 17474.08176205088,
    "total_jumper_count": 875,
    "center_node_count": 1959,
    "edge_node_count": 729,
    "total_node_count": 2688,
    "reachable_node_count": [
        2688.0,
        2688.0,
        2688.0,
        [
            2688.0,
            2688.0,
            2688.0,
            2688.0,
            2688.0,
            2688.0
        ],
        2688.0
    ],
    "unreachable_node_count": [
        0.0,
        0.0,
        0.0,
        [
            0.0,
            0.0,
            0.0,
            0.0,
            0.0,
            0.0
        ],
        0.0
    ],
    "reachable_wire_length": [
        196256.4866556068,
        196256.4866556068,
        196256.4866556068,
        [
            196256.4866556068,
            196256.4866556068,
            196256.4866556068,
            196256.4866556068,
            196256.4866556068,
            196256.4866556068
        ],
        196256.4866556069
    ],
    "unreachable_wire_length": [
        0.0,
        0.0,
        0.0,
        [
            0.0,
            0.0,
            0.0,
            0.0,
            0.0,
            0.0
        ],
        0.0
    ],
    "reachable_jumper_length": [
        17474.081762050882,
        17474.081762050882,
        17474.081762050882,
        [
            17474.081762050882,
            17474.081762050882,
            17474.081762050882,
            17474.081762050882,
            17474.081762050882,
            17474.081762050882
        ],
        17474.08176205089
    ],
    "unreachable_jumper_length": [
        0.0,
        0.0,
        0.0,
        [
            0.0,
            0.0,
            0.0,
            0.0,
            0.0,
            0.0
        ],
        0.0
    ],
    "reachable_jumper_count": [
        875.0,
        875.0,
        875.0,
        [
            875.0,
            875.0,
            875.0,
            875.0,
            875.0,
            875.0
        ],
        875.0
    ],
    "unreachable_jumper_count": [
        0.0,
        0.0,
        0.0,
        [
            0.0,
            0.0,
            0.0,
            0.0,
            0.0,
            0.0
        ],
        0.0
    ],
    "shortest_path": {
        "percent_useful_node_count": [
            0.6374627976190477,
            0.6346726190476191,
            0.6398809523809523,
            [
                0.6182477678571429,
                0.6212797619047619,
                0.6290922619047619,
                0.6440662202380952,
                0.6501116071428572,
                0.6574218749999999
            ],
            0.6364583333333332
        ],
        "percent_useful_wire_length": 31.535211190839053,
        "percent_reachable_sensors": 0.99999,
        "percent_useful_jumper_count": [
            0.168,
            0.16342857142857142,
            0.17314285714285715,
            [
                0.13937142857142856,
                0.14388571428571428,
                0.15285714285714286,
                0.17857142857142858,
                0.18742857142857142,
                0.19314285714285714
            ],
            0.16613714285714284
        ],
        "percent_useful_jumper_length": [
            0.009142857142857144,
            0.008,
            0.009142857142857144,
            [
                0.006857142857142857,
                0.006857142857142857,
                0.007714285714285714,
                0.010285714285714285,
                0.011542857142857153,
                0.012571428571428572
            ],
            0.00902857142857143
        ],
        "percent_unreachable_bc_short_jumper": 1e-05,
        "percent_multiroute_reached_nodes": [
            0.4003585898101867,
            0.3981411787916953,
            0.4036648147825633,
            [
                0.37327860553879594,
                0.37724956366440715,
                0.38899329119958426,
                0.40851823977716073,
                0.41641380782411747,
                0.4192372415110431
            ],
            0.39863122204694174
        ],
        "path_length_max": [
            2719.457599206759,
            2708.6053923658023,
            2719.457599206759
        ],
        "path_length_avg": [
            946.4846931516406,
            942.8955821874146,
            950.1442602785243,
            [
                283.04596026417795,
                399.02269332345935,
                649.4472881241027,
                1273.6021512516509,
                1564.1282871834321,
                1730.1748548259627
            ],
            973.4688654477588
        ],
        "path_node_count_max": [
            82.0,
            81.0,
            82.0
        ],
        "path_node_count_avg": [
            26.0,
            26.0,
            26.0,
            [
                7.0,
                11.0,
                18.0,
                36.0,
                44.0,
                49.0
            ],
            27.164461644616445
        ],
        "path_jumper_count_max": [
            27.0,
            26.0,
            27.0
        ],
        "path_jumper_count_avg": [
            1.0,
            1.0,
            1.0,
            [
                0.0,
                0.0,
                1.0,
                3.0,
                6.0,
                9.0
            ],
            2.4996649966499667
        ],
        "path_sensor_jumper_length_max": [
            38.56037670519986,
            35.957193913935505,
            38.56037670519986
        ],
        "path_sensor_jumper_length_avg": [
            5.021686330803363,
            4.982127213655394,
            5.061933213610873,
            [
                0.4247607647978496,
                0.8585445483228238,
                2.2302593365663963,
                9.374681763371118,
                18.029957119118084,
                23.024800277277222
            ],
            7.216362557120578
        ],
        "path_router_node_branches_max": [
            5.0,
            4.0,
            5.0
        ],
        "path_router_node_branches_avg": [
            2.0,
            2.0,
            2.0,
            [
                2.0,
                2.0,
                2.0,
                2.0,
                3.0,
                3.0
            ],
            2.2373595505617976
        ],
        "graph_max_wire_length": [
            1923.1883265227698,
            1868.9427465064457,
            1991.9938171374845,
            [
                1547.8985945961444,
                1663.9798217311788,
                1769.4664762992256,
                2118.7119518505756,
                2466.640319643664,
                2594.1292851301764
            ],
            1985.785861734568
        ],
        "graph_avg_wire_length": [
            912.034158131734,
            859.3972682193827,
            978.8130297589807,
            [
                746.8876635841565,
                759.619434958273,
                805.052001131968,
                1089.1340347466507,
                1247.0517460753167,
                1339.6967525099237
            ],
            960.8021465117959
        ],
        "graph_max_node_count": [
            61.0,
            60.0,
            63.0,
            [
                49.95,
                52.0,
                55.0,
                66.0,
                73.10000000000001,
                77.0
            ],
            61.66
        ],
        "graph_avg_node_count": [
            26.476757772513235,
            24.690049663026716,
            28.136229832429912,
            [
                21.51536918382577,
                21.807453821214388,
                23.494211146979787,
                30.417599599904577,
                35.00210739636592,
                38.22354663323949
            ],
            27.53935663514637
        ],