{
    "total_wire_length": 20250.96929563884,
    "total_jumper_length": 1764.6963823720723,
    "total_jumper_count": 50,
    "center_node_count": 99,
    "edge_node_count": 81,
    "total_node_count": 180,
    "reachable_node_count": [
        180.0,
        180.0,
        180.0,
        [
            180.0,
            180.0,
            180.0,
            180.0,
            180.0,
            180.0
        ],
        180.0
    ],
    "unreachable_node_count": [
        0.0,
        0.0,
        0.0,
        [
            0.0,
            0.0,
            0.0,
            0.0,
            0.0,
            0.0
        ],
        0.0
    ],
    "reachable_wire_length": [
        20250.969295638846,
        20250.969295638846,
        20250.969295638846,
        [
            20250.969295638846,
            20250.969295638846,
            20250.969295638846,
            20250.969295638846,
            20250.969295638846,
            20250.969295638846
        ],
        20250.969295638846
    ],
    "unreachable_wire_length": [
        0.0,
        0.0,
        0.0,
        [
            0.0,
            0.0,
            0.0,
            0.0,
            0.0,
            0.0
        ],
        0.0
    ],
    "reachable_jumper_length": [
        1764.6963823720725,
        1764.6963823720725,
        1764.6963823720725,
        [
            1764.6963823720725,
            1764.6963823720725,
            1764.6963823720725,
            1764.6963823720725,
            1764.6963823720725,
            1764.6963823720725
        ],
        1764.6963823720719
    ],
    "unreachable_jumper_length": [
        0.0,
        0.0,
        0.0,
        [
            0.0,
            0.0,
            0.0,
            0.0,
            0.0,
            0.0
        ],
        0.0
    ],
    "reachable_jumper_count": [
        50.0,
        50.0,
        50.0,
        [
            50.0,
            50.0,
            50.0,
            50.0,
            50.0,
            50.0
        ],
        50.0
    ],
    "unreachable_jumper_count": [
        0.0,
        0.0,
        0.0,
        [
            0.0,
            0.0,
            0.0,
            0.0,
            0.0,
            0.0
        ],
        0.0
    ],
    "shortest_path": {
        "percent_useful_node_count": [
            0.7277777777777777,
            0.7222222222222222,
            0.7277777777777777,
            [
                0.6944444444444444,
                0.7055555555555556,
                0.7166666666666667,
                0.7388888888888889,
                0.7444444444444445,
                0.75
            ],
            0.7257222222222223
        ],
        "percent_useful_wire_length": 42.05309662222741,
        "percent_reachable_sensors": 1.0,
        "percent_useful_jumper_count": [
            0.44,
            0.44,
            0.46,
            [
                0.36,
                0.38,
                0.4,
                0.48,
                0.5,
                0.5
            ],
            0.44099999999999995
        ],
        "percent_useful_jumper_length": [
            0.04,
            0.02,
            0.04,
            [
                0.02,
                0.02,
                0.02,
                0.04,
                0.04,
                0.04
            ],
            0.030600000000000002
        ],
        "percent_unreachable_bc_short_jumper": 0.0,
        "percent_multiroute_reached_nodes": [
            0.4961536185573111,
            0.4888888888888889,
            0.5038167938931297,
            [
                0.45864661654135336,
                0.46606050008742783,
                0.47692307692307695,
                0.5193798449612403,
                0.5344044026273744,
                0.552306976744186
            ],
            0.5000594905622793
        ],
        "path_length_max": [
            1267.8624417137048,
            1255.023461006767,
            1267.8624417137048
        ],
        "path_length_avg": [
            499.3036692300475,
            497.1122535799022,
            501.259105438348,
            [
                164.46352603432948,
                222.13566328412452,
                330.5052601622981,
                692.2190881113579,
                852.6203304084116,
                937.4444453627895
            ],
            519.740128373466
        ],
        "path_node_count_max": [
            21.0,
            20.0,
            21.0
        ],
        "path_node_count_avg": [
            7.0,
            7.0,
            7.0,
            [
                2.0,
                3.0,
                4.0,
                11.0,
                13.0,
                15.0
            ],
            7.8049
        ],
        "path_jumper_count_max": [
            7.0,
            7.0,
            7.0
        ],
        "path_jumper_count_avg": [
            1.0,
            1.0,
            1.0,
            [
                0.0,
                0.0,
                0.0,
                2.0,
                3.0,
                3.0
            ],
            1.17498
        ],
        "path_sensor_jumper_length_max": [
            79.76669419035166,
            77.77818919369653,
            79.76669419035166
        ],
        "path_sensor_jumper_length_avg": [
            9.904560593992684,
            9.830587185794533,
            9.976050981922588,
            [
                0.8167618936007498,
                1.6644449087961914,
                4.4281212879097165,
                18.620899934651796,
                35.294809374278984,
                45.352699329787384
            ],
            14.237344534623967
        ],
        "path_router_node_branches_max": [
            4.0,
            4.0,
            4.0
        ],
        "path_router_node_branches_avg": [
            2.0,
            2.0,
            3.0,
            [
                2.0,
                2.0,
                2.0,
                3.0,
                3.0,
                3.8499999999999943
            ],
            2.46875
        ],
        "graph_max_wire_length": [
            968.0737688468812,
            943.314133028334,
            1019.7301297891034,
            [
                762.5272676033316,
                790.990089872591,
                865.3863351239421,
                1074.8903610515893,
                1176.188412035309,
                1193.108942040043
            ],
            977.9515393745845
        ],
        "graph_avg_wire_length": [
            489.9962188056553,
            474.77541750858603,
            504.6814776821436,
            [
                382.43963910620005,
                396.69176494391644,
                452.5909315673272,
                537.6235479172578,
                608.2305473133489,
                628.6254359520362
            ],
            499.37207056764584
        ],
        "graph_max_node_count": [
            16.0,
            16.0,
            17.0,
            [
                13.0,
                13.0,
                15.0,
                18.0,
                19.0,
                20.0
            ],
            16.37
        ],
        "graph_avg_node_count": [
            8.196796840719614,
            7.946745562130178,
            8.352962095534005,
            [
                6.717868289637953,
                7.243931888544892,
                7.709883700806479,
                9.035233918128654,
                9.919946362722092,
                10.119062798243938
            ],
            8.362188025003475
        ],
        "graph_max_jumper_count": [
            5.0,
            5.0,
            5.0,
            [
                4.0,
                4.0,
                4.0,
                6.0,
                6.0,
                7.0
            ],
            5.15
        ],