{
    "total_wire_length": 42271.55423933765,
    "total_jumper_length": 1142.7701471808891,
    "total_jumper_count": 55,
    "center_node_count": 213,
    "edge_node_count": 135,
    "total_node_count": 348,
    "reachable_node_count": [
        348.0,
        348.0,
        348.0,
        [
            348.0,
            348.0,
            348.0,
            348.0,
            348.0,
            348.0
        ],
        348.0
    ],
    "unreachable_node_count": [
        0.0,
        0.0,
        0.0,
        [
            0.0,
            0.0,
            0.0,
            0.0,
            0.0,
            0.0
        ],
        0.0
    ],
    "reachable_wire_length": [
        42271.554239337675,
        42271.554239337675,
        42271.554239337675,
        [
            42271.554239337675,
            42271.554239337675,
            42271.554239337675,
            42271.554239337675,
            42271.554239337675,
            42271.554239337675
        ],
        42271.554239337675
    ],
    "unreachable_wire_length": [
        0.0,
        0.0,
        0.0,
        [
            0.0,
            0.0,
            0.0,
            0.0,
            0.0,
            0.0
        ],
        0.0
    ],
    "reachable_jumper_length": [
        1142.7701471808891,
        1142.7701471808891,
        1142.7701471808891,
        [
            1142.7701471808891,
            1142.7701471808891,
            1142.7701471808891,
            1142.7701471808891,
            1142.7701471808891,
            1142.7701471808891
        ],
        1142.7701471808887
    ],
    "unreachable_jumper_length": [
        0.0,
        0.0,
        0.0,
        [
            0.0,
            0.0,
            0.0,
            0.0,
            0.0,
            0.0
        ],
        0.0
    ],
    "reachable_jumper_count": [
        55.0,
        55.0,
        55.0,
        [
            55.0,
            55.0,
            55.0,
            55.0,
            55.0,
            55.0
        ],
        55.0
    ],
    "unreachable_jumper_count": [
        0.0,
        0.0,
        0.0,
        [
            0.0,
            0.0,
            0.0,
            0.0,
            0.0,
            0.0
        ],
        0.0
    ],
    "shortest_path": {
        "percent_useful_node_count": [
            0.7011494252873564,
            0.6982758620689655,
            0.7068965517241379,
            [
                0.6777298850574712,
                0.6839080459770115,
                0.6918103448275862,
                0.7126436781609196,
                0.7183908045977011,
                0.7241379310344828
            ],
            0.701637931034483
        ],
        "percent_useful_wire_length": 40.480949715597596,
        "percent_reachable_sensors": 0.91844,
        "percent_useful_jumper_count": [
            0.43636363636363634,
            0.41818181818181815,
            0.45454545454545453,
            [
                0.34545454545454546,
                0.3618181818181818,
                0.3954545454545455,
                0.4727272727272727,
                0.509090909090909,
                0.5272727272727272
            ],
            0.43472727272727274
        ],
        "percent_useful_jumper_length": [
            0.03636363636363636,
            0.01818181818181818,
            0.03636363636363636,
            [
                0.01818181818181818,
                0.01818181818181818,
                0.01818181818181818,
                0.03636363636363636,
                0.03636363636363636,
                0.03636363636363636
            ],
            0.02781818181818182
        ],
        "percent_unreachable_bc_short_jumper": 0.08156,
        "percent_multiroute_reached_nodes": [
            0.4773662551440329,
            0.46987951807228917,
            0.48042568395263374,
            [
                0.4483920634920635,
                0.45181651188896826,
                0.46473029045643155,
                0.48792741935483874,
                0.5,
                0.5044014327042292
            ],
            0.476235496328062
        ],
        "path_length_max": [
            1725.9654092814505,
            1708.7839173879331,
            1725.9654092814505
        ],
        "path_length_avg": [
            683.8952485319719,
            680.9936531264178,
            687.1301137910461,
            [
                220.07880287819023,
                295.64287473902544,
                453.70522207970146,
                950.9433851447304,
                1163.4690371712625,
                1271.9989276743077
            ],
            710.0214077490234
        ],
        "path_node_count_max": [
            25.0,
            25.0,
            25.0
        ],
        "path_node_count_avg": [
            10.0,
            10.0,
            10.0,
            [
                3.0,
                4.0,
                6.0,
                14.0,
                17.0,
                18.0
            ],
            10.055071643221114
        ],
        "path_jumper_count_max": [
            7.0,
            7.0,
            7.0
        ],
        "path_jumper_count_avg": [
            1.0,
            1.0,
            1.0,
            [
                0.0,
                0.0,
                0.0,
                1.0,
                2.0,
                2.0
            ],
            0.9119267453508122
        ],
        "path_sensor_jumper_length_max": [
            39.997601429622506,
            39.99239709686739,
            39.997601429622506
        ],
        "path_sensor_jumper_length_avg": [
            9.022482981070276,
            8.954359731794597,
            9.089259912762643,
            [
                0.7412043419838176,
                1.5106506987035015,
                4.02370294315002,
                16.14845600482712,
                26.2156803374482,
                32.59383076060764
            ],
            11.460701127214385
        ],
        "path_router_node_branches_max": [
            4.0,
            4.0,
            4.0
        ],
        "path_router_node_branches_avg": [
            2.0,
            2.0,
            2.0,
            [
                2.0,
                2.0,
                2.0,
                3.0,
                3.0,
                4.0
            ],
            2.3781512605042017
        ],
        "graph_max_wire_length": [
            1356.088125287391,
            1336.6215740970251,
            1411.276316473621,
            [
                1020.3323370931314,
                1108.3337817112385,
                1210.4892959456233,
                1476.6311071995253,
                1578.3463706258076,
                1644.5547607062554
            ],
            1351.3593623404863
        ],
        "graph_avg_wire_length": [
            705.6427922149176,
            688.0401093949292,
            733.5719683277346,
            [
                557.8990320657177,
                582.1466240362688,
                644.2442754015038,
                765.2359903331732,
                830.930005509171,
                894.1475595967323
            ],
            709.93269211277
        ],
        "graph_max_node_count": [
            21.0,
            20.0,
            21.0,
            [
                16.95,
                17.9,
                19.0,
                23.0,
                24.0,
                25.0
            ],
            20.84
        ],
        "graph_avg_node_count": [
            10.726944667201284,
            10.557471264367816,
            10.952216165969492,
            [
                9.085488505747126,
                9.344867335784556,
                10.0,
                11.433089414595027,
                12.465697674418607,
                13.289462494186433
            ],
            10.871675604297893
        ],