{
    "total_wire_length": 72618.4717885078,
    "total_jumper_length": 18408.569288305327,
    "total_jumper_count": 942,
    "center_node_count": 1453,
    "edge_node_count": 385,
    "total_node_count": 1838,
    "reachable_node_count": [
        1838.0,
        1838.0,
        1838.0,
        [
            1838.0,
            1838.0,
            1838.0,
            1838.0,
            1838.0,
            1838.0
        ],
        1838.0
    ],
    "unreachable_node_count": [
        0.0,
        0.0,
        0.0,
        [
            0.0,
            0.0,
            0.0,
            0.0,
            0.0,
            0.0
        ],
        0.0
    ],
    "reachable_wire_length": [
        72618.47178850781,
        72618.47178850781,
        72618.47178850781,
        [
            72618.47178850781,
            72618.47178850781,
            72618.47178850781,
            72618.47178850781,
            72618.47178850781,
            72618.47178850781
        ],
        72618.4717885078
    ],
    "unreachable_wire_length": [
        0.0,
        0.0,
        0.0,
        [
            0.0,
            0.0,
            0.0,
            0.0,
            0.0,
            0.0
        ],
        0.0
    ],
    "reachable_jumper_length": [
        18408.569288305338,
        18408.569288305338,
        18408.569288305338,
        [
            18408.569288305338,
            18408.569288305338,
            18408.569288305338,
            18408.569288305338,
            18408.569288305338,
            18408.569288305338
        ],
        18408.56928830533
    ],
    "unreachable_jumper_length": [
        0.0,
        0.0,
        0.0,
        [
            0.0,
            0.0,
            0.0,
            0.0,
            0.0,
            0.0
        ],
        0.0
    ],
    "reachable_jumper_count": [
        942.0,
        942.0,
        942.0,
        [
            942.0,
            942.0,
            942.0,
            942.0,
            942.0,
            942.0
        ],
        942.0
    ],
    "unreachable_jumper_count": [
        0.0,
        0.0,
        0.0,
        [
            0.0,
            0.0,
            0.0,
            0.0,
            0.0,
            0.0
        ],
        0.0
    ],
    "shortest_path": {
        "percent_useful_node_count": [
            0.719260065288357,
            0.7151795429815017,
            0.7225244831338411,
            [
                0.6990206746463546,
                0.7028835690968444,
                0.7098748639825898,
                0.7268770402611534,
                0.7307399347116431,
                0.7334330794341676
            ],
            0.7177094668117519
        ],
        "percent_useful_wire_length": 34.96793418598548,
        "percent_reachable_sensors": 1.0,
        "percent_useful_jumper_count": [
            0.14437367303609341,
            0.13853503184713375,
            0.1464968152866242,
            [
                0.11884288747346072,
                0.12186836518046709,
                0.12845010615711253,
                0.1541932059447983,
                0.1613588110403397,
                0.16348195329087048
            ],
            0.14142250530785563
        ],
        "percent_useful_jumper_length": [
            0.0021231422505307855,
            0.0010615711252653928,
            0.0021231422505307855,
            [
                0.0010615711252653928,
                0.0010615711252653928,
                0.0010615711252653928,
                0.0021231422505307855,
                0.0021231422505307855,
                0.0021231422505307855
            ],
            0.001613588110403397
        ],
        "percent_unreachable_bc_short_jumper": 0.0,
        "percent_multiroute_reached_nodes": [
            0.36363700031223645,
            0.3572489313931609,
            0.36824257480770084,
            [
                0.33390336265103054,
                0.3406264321577334,
                0.34987886941022517,
                0.3753577451682428,
                0.38335534147152517,
                0.3889719946842634
            ],
            0.36198980600103203
        ],
        "path_length_max": [
            1457.27943245742,
            1439.507129781365,
            1457.27943245742
        ],
        "path_length_avg": [
            459.8382819632068,
            457.35137924502214,
            462.1504699547769,
            [
                123.29412892522953,
                171.68264839109602,
                286.8392585838879,
                703.7789302867624,
                886.9635897510086,
                991.2835497116765
            ],
            505.4507894352688
        ],
        "path_node_count_max": [
            72.0,
            71.0,
            72.0
        ],
        "path_node_count_avg": [
            24.0,
            24.0,
            24.0,
            [
                6.0,
                9.0,
                15.0,
                35.0,
                44.0,
                50.0
            ],
            25.51714
        ],
        "path_jumper_count_max": [
            52.0,
            52.0,
            52.0
        ],
        "path_jumper_count_avg": [
            2.0,
            2.0,
            2.0,
            [
                0.0,
                0.0,
                0.0,
                14.0,
                22.0,
                28.0
            ],
            7.83879
        ],
        "path_sensor_jumper_length_max": [
            22.143823864791088,
            20.69807208861382,
            22.143823864791088
        ],
        "path_sensor_jumper_length_avg": [
            2.4710475202848885,
            2.455012138542372,
            2.488957290914666,
            [
                0.20221608630508323,
                0.4127930764765784,
                1.0997332477301345,
                4.6611943192532035,
                8.986518490210347,
                11.489863736880125
            ],
            3.5768349745412484
        ],
        "path_router_node_branches_max": [
            6.0,
            6.0,
            6.0
        ],
        "path_router_node_branches_avg": [
            2.0,
            2.0,
            2.0,
            [
                2.0,
                2.0,
                2.0,
                2.0,
                3.0,
                4.0
            ],
            2.3333333333333335
        ],
        "graph_max_wire_length": [
            1036.334580984154,
            1003.0663571480687,
            1079.5423839227683,
            [
                858.746427273496,
                885.0444311832791,
                945.0784951879863,
                1242.7192517869737,
                1384.349099812728,
                1418.5410308198243
            ],
            1088.3909040390242
        ],
        "graph_avg_wire_length": [
            466.13648108136204,
            446.1127995243536,
            493.6453140479863,
            [
                373.96250599218524,
                385.2822200713409,
                419.4178472391199,
                580.405436085416,
                694.0081310986612,
                732.6729841951883
            ],
            505.5409603986602
        ],
        "graph_max_node_count": [
            52.0,
            50.0,
            55.0,
            [
                42.95,
                45.0,
                48.0,
                61.25,
                69.10000000000001,
                70.0
            ],
            54.46
        ],
        "graph_avg_node_count": [
            24.201672950138295,
            23.333510833334323,
            25.61777531218956,
            [
                19.987505719672633,
                20.610665307349446,
                21.92287030104423,
                29.680464893736122,
                34.75223068552775,
                35.909465706283655
            ],
            26.02995789002968
        ],