{
    "total_wire_length": 21446.007899951557,
    "total_jumper_length": 84.19436931572601,
    "total_jumper_count": 17,
    "center_node_count": 359,
    "edge_node_count": 127,
    "total_node_count": 486,
    "reachable_node_count": [
        486.0,
        486.0,
        486.0,
        [
            486.0,
            486.0,
            486.0,
            486.0,
            486.0,
            486.0
        ],
        486.0
    ],
    "unreachable_node_count": [
        0.0,
        0.0,
        0.0,
        [
            0.0,
            0.0,
            0.0,
            0.0,
            0.0,
            0.0
        ],
        0.0
    ],
    "reachable_wire_length": [
        21446.007899951564,
        21446.007899951564,
        21446.007899951564,
        [
            21446.007899951564,
            21446.007899951564,
            21446.007899951564,
            21446.007899951564,
            21446.007899951564,
            21446.007899951564
        ],
        21446.007899951568
    ],
    "unreachable_wire_length": [
        0.0,
        0.0,
        0.0,
        [
            0.0,
            0.0,
            0.0,
            0.0,
            0.0,
            0.0
        ],
        0.0
    ],
    "reachable_jumper_length": [
        84.19436931572601,
        84.19436931572601,
        84.19436931572601,
        [
            84.19436931572601,
            84.19436931572601,
            84.19436931572601,
            84.19436931572601,
            84.19436931572601,
            84.19436931572601
        ],
        84.19436931572602
    ],
    "unreachable_jumper_length": [
        0.0,
        0.0,
        0.0,
        [
            0.0,
            0.0,
            0.0,
            0.0,
            0.0,
            0.0
        ],
        0.0
    ],
    "reachable_jumper_count": [
        17.0,
        17.0,
        17.0,
        [
            17.0,
            17.0,
            17.0,
            17.0,
            17.0,
            17.0
        ],
        17.0
    ],
    "unreachable_jumper_count": [
        0.0,
        0.0,
        0.0,
        [
            0.0,
            0.0,
            0.0,
            0.0,
            0.0,
            0.0
        ],
        0.0
    ],
    "shortest_path": {
        "percent_useful_node_count": [
            0.7160493827160493,
            0.7119341563786008,
            0.720164609053498,
            [
                0.6911522633744855,
                0.6934156378600823,
                0.7037037037037037,
                0.7283950617283951,
                0.7386831275720165,
                0.742798353909465
            ],
            0.7160493827160495
        ],
        "percent_useful_wire_length": 60.33327094892077,
        "percent_reachable_sensors": 0.51448,
        "percent_useful_jumper_count": [
            0.7647058823529411,
            0.7647058823529411,
            0.8235294117647058,
            [
                0.6470588235294118,
                0.6470588235294118,
                0.7058823529411765,
                0.838235294117647,
                0.8823529411764706,
                0.9411764705882353
            ],
            0.7858823529411764
        ],
        "percent_useful_jumper_length": [
            0.23529411764705882,
            0.17647058823529413,
            0.23529411764705882,
            [
                0.17647058823529413,
                0.17647058823529413,
                0.17647058823529413,
                0.23529411764705882,
                0.29411764705882354,
                0.29411764705882354
            ],
            0.21764705882352936
        ],
        "percent_unreachable_bc_short_jumper": 0.48552,
        "percent_multiroute_reached_nodes": [
            0.32528919348719315,
            0.31845238095238093,
            0.3313844537815126,
            [
                0.29134182252288104,
                0.2958778354185739,
                0.3085658744070514,
                0.3411519036519036,
                0.36309695347879783,
                0.3735498250291618
            ],
            0.3264288224066489
        ],
        "path_length_max": [
            1724.6577008198346,
            1701.255536879827,
            1724.6577008198346
        ],
        "path_length_avg": [
            592.3994307963561,
            589.3191297349334,
            595.0903677411499,
            [
                171.7446866119126,
                246.9764601976773,
                404.05592319343424,
                826.2760016894877,
                1069.0992632558302,
                1210.7459954928825
            ],
            629.7992759422282
        ],
        "path_node_count_max": [
            49.0,
            48.0,
            49.0
        ],
        "path_node_count_avg": [
            16.0,
            16.0,
            16.0,
            [
                4.0,
                6.0,
                11.0,
                23.0,
                30.0,
                33.0
            ],
            17.200474265277563
        ],
        "path_jumper_count_max": [
            4.0,
            4.0,
            4.0
        ],
        "path_jumper_count_avg": [
            1.0,
            1.0,
            1.0,
            [
                0.0,
                0.0,
                0.0,
                2.0,
                2.0,
                2.0
            ],
            1.0049175866894728
        ],
        "path_sensor_jumper_length_max": [
            9.999948073172755,
            9.999684335487073,
            9.999948073172755
        ],
        "path_sensor_jumper_length_avg": [
            4.505559338715113,
            4.466395547367087,
            4.546925766114053,
            [
                0.42304092399795673,
                0.8497067916653757,
                2.1670502087337282,
                7.086535880662769,
                8.802464352833484,
                9.398676553858966
            ],
            4.669422139176681
        ],
        "path_router_node_branches_max": [
            2.0,
            2.0,
            2.0
        ],
        "path_router_node_branches_avg": [
            2.0,
            2.0,
            2.0,
            [
                2.0,
                2.0,
                2.0,
                2.0,
                2.0,
                2.0
            ],
            2.0
        ],
        "graph_max_wire_length": [
            1306.8743226427293,
            1269.0465210033578,
            1365.5608761583794,
            [
                1012.1280612858715,
                1050.7118559947119,
                1138.7605202904558,
                1455.1741894229503,
                1547.2394914567037,
                1642.0063134908085
            ],
            1316.49908304505
        ],
        "graph_avg_wire_length": [
            591.0267582907604,
            569.075223487323,
            610.9601331184679,
            [
                511.4130067189239,
                514.9748569215245,
                536.9800021436669,
                699.6072612619068,
                811.3533560632826,
                893.2023391948615
            ],
            634.400696685465
        ],
        "graph_max_node_count": [
            37.0,
            37.0,
            39.0,
            [
                28.95,
                31.0,
                33.0,
                41.0,
                44.0,
                46.05
            ],
            37.36
        ],
        "graph_avg_node_count": [
            16.8113810741688,
            16.311525901535482,
            17.467214594517554,
            [
                14.430421196118104,
                14.71080038407462,
                15.290068499022668,
                19.765494511266347,
                23.088127121840817,
                26.050541968599035
            ],
            18.012896220963587
        ],