{
    "total_wire_length": 24921.816244764716,
    "total_jumper_length": 6644.9730569945505,
    "total_jumper_count": 86,
    "center_node_count": 210,
    "edge_node_count": 94,
    "total_node_count": 304,
    "reachable_node_count": [
        304.0,
        304.0,
        304.0,
        [
            304.0,
            304.0,
            304.0,
            304.0,
            304.0,
            304.0
        ],
        304.0
    ],
    "unreachable_node_count": [
        0.0,
        0.0,
        0.0,
        [
            0.0,
            0.0,
            0.0,
            0.0,
            0.0,
            0.0
        ],
        0.0
    ],
    "reachable_wire_length": [
        24921.816244764716,
        24921.816244764716,
        24921.816244764716,
        [
            24921.816244764716,
            24921.816244764716,
            24921.816244764716,
            24921.816244764716,
            24921.816244764716,
            24921.816244764716
        ],
        24921.816244764716
    ],
    "unreachable_wire_length": [
        0.0,
        0.0,
        0.0,
        [
            0.0,
            0.0,
            0.0,
            0.0,
            0.0,
            0.0
        ],
        0.0
    ],
    "reachable_jumper_length": [
        6644.973056994555,
        6644.973056994555,
        6644.973056994555,
        [
            6644.973056994555,
            6644.973056994555,
            6644.973056994555,
            6644.973056994555,
            6644.973056994555,
            6644.973056994555
        ],
        6644.973056994557
    ],
    "unreachable_jumper_length": [
        0.0,
        0.0,
        0.0,
        [
            0.0,
            0.0,
            0.0,
            0.0,
            0.0,
            0.0
        ],
        0.0
    ],
    "reachable_jumper_count": [
        86.0,
        86.0,
        86.0,
        [
            86.0,
            86.0,
            86.0,
            86.0,
            86.0,
            86.0
        ],
        86.0
    ],
    "unreachable_jumper_count": [
        0.0,
        0.0,
        0.0,
        [
            0.0,
            0.0,
            0.0,
            0.0,
            0.0,
            0.0
        ],
        0.0
    ],
    "shortest_path": {
        "percent_useful_node_count": [
            0.8651315789473685,
            0.8651315789473685,
            0.868421052631579,
            [
                0.8519736842105263,
                0.8552631578947368,
                0.8585526315789473,
                0.875,
                0.8848684210526315,
                0.8881578947368421
            ],
            0.8678289473684209
        ],
        "percent_useful_wire_length": 75.04114034602674,
        "percent_reachable_sensors": 1.0,
        "percent_useful_jumper_count": [
            0.5232558139534884,
            0.5116279069767442,
            0.5232558139534884,
            [
                0.4645348837209302,
                0.47674418604651164,
                0.5,
                0.5465116279069767,
                0.5697674418604651,
                0.5703488372093023
            ],
            0.5204651162790698
        ],
        "percent_useful_jumper_length": [
            0.046511627906976744,
            0.046511627906976744,
            0.05813953488372093,
            [
                0.03488372093023256,
                0.03488372093023256,
                0.046511627906976744,
                0.05813953488372093,
                0.06976744186046512,
                0.06976744186046512
            ],
            0.05162790697674419
        ],
        "percent_unreachable_bc_short_jumper": 0.0,
        "percent_multiroute_reached_nodes": [
            0.3065134099616858,
            0.29791156560564597,
            0.3116627668909038,
            [
                0.27088971778857274,
                0.2754338219821842,
                0.286123227917121,
                0.3193916349809886,
                0.3284996952369895,
                0.3371824447482342
            ],
            0.30336679525825466
        ],
        "path_length_max": [
            2403.715259121478,
            2389.763027669327,
            2403.715259121478
        ],
        "path_length_avg": [
            825.6518311688699,
            823.1813821374016,
            828.4121571936844,
            [
                268.67679735511655,
                368.11698872877497,
                574.4509032332483,
                1086.606145187677,
                1360.9626590059065,
                1531.2912890713535
            ],
            850.3469103369674
        ],
        "path_node_count_max": [
            35.0,
            34.0,
            35.0
        ],
        "path_node_count_avg": [
            12.0,
            12.0,
            12.0,
            [
                3.0,
                5.0,
                8.0,
                15.0,
                19.0,
                22.0
            ],
            11.87375
        ],
        "path_jumper_count_max": [
            13.0,
            13.0,
            13.0
        ],
        "path_jumper_count_avg": [
            1.0,
            1.0,
            1.0,
            [
                0.0,
                0.0,
                1.0,
                3.0,
                5.0,
                6.0
            ],
            1.8702
        ],
        "path_sensor_jumper_length_max": [
            83.45988016451221,
            82.77089488485518,
            83.45988016451221
        ],
        "path_sensor_jumper_length_avg": [
            19.371551299229782,
            19.227533932124274,
            19.504244979932285,
            [
                1.6661390415657023,
                3.3707343306925357,
                8.848044586843436,
                33.24210461503716,
                45.841806045725704,
                52.13725239542384
            ],
            22.21294366994332
        ],
        "path_router_node_branches_max": [
            4.0,
            3.0,
            4.0
        ],
        "path_router_node_branches_avg": [
            2.0,
            2.0,
            2.0,
            [
                2.0,
                2.0,
                2.0,
                2.0,
                2.0,
                3.0
            ],
            2.125
        ],
        "graph_max_wire_length": [
            1662.9226094245407,
            1585.4306937261595,
            1727.3391179814957,
            [
                1351.5449815889876,
                1396.1704114048277,
                1481.1428928945807,
                1846.7184859846307,
                2151.395061576558,
                2320.907092015791
            ],
            1703.239742859597
        ],
        "graph_avg_wire_length": [
            790.5269107267509,
            770.1166568574375,
            819.8066069394326,
            [
                678.1931261403547,
                693.948667897406,
                722.8307325839472,
                898.3830754559617,
                1027.9507481821304,
                1193.8111823412496
            ],
            835.9871410280119
        ],
        "graph_max_node_count": [
            24.0,
            23.0,
            25.0,
            [
                20.0,
                20.0,
                22.0,
                28.0,
                32.0,
                34.0
            ],
            25.09
        ],
        "graph_avg_node_count": [
            11.854257790298268,
            11.30208676810024,
            12.364766841739746,
            [
                10.257530905077262,
                10.435610465116278,
                10.76024171456799,
                13.592691961503842,
                15.788919563894998,
                17.474449750830566
            ],
            12.450259350773216
        ],