{
    "total_wire_length": 19384.548062802136,
    "total_jumper_length": 370.2103364179633,
    "total_jumper_count": 19,
    "center_node_count": 160,
    "edge_node_count": 80,
    "total_node_count": 240,
    "reachable_node_count": [
        240.0,
        240.0,
        240.0,
        [
            240.0,
            240.0,
            240.0,
            240.0,
            240.0,
            240.0
        ],
        240.0
    ],
    "unreachable_node_count": [
        0.0,
        0.0,
        0.0,
        [
            0.0,
            0.0,
            0.0,
            0.0,
            0.0,
            0.0
        ],
        0.0
    ],
    "reachable_wire_length": [
        19384.548062802136,
        19384.548062802136,
        19384.548062802136,
        [
            19384.548062802136,
            19384.548062802136,
            19384.548062802136,
            19384.548062802136,
            19384.548062802136,
            19384.548062802136
        ],
        19384.548062802136
    ],
    "unreachable_wire_length": [
        0.0,
        0.0,
        0.0,
        [
            0.0,
            0.0,
            0.0,
            0.0,
            0.0,
            0.0
        ],
        0.0
    ],
    "reachable_jumper_length": [
        370.21033641796333,
        370.21033641796333,
        370.21033641796333,
        [
            370.21033641796333,
            370.21033641796333,
            370.21033641796333,
            370.21033641796333,
            370.21033641796333,
            370.21033641796333
        ],
        370.21033641796333
    ],
    "unreachable_jumper_length": [
        0.0,
        0.0,
        0.0,
        [
            0.0,
            0.0,
            0.0,
            0.0,
            0.0,
            0.0
        ],
        0.0
    ],
    "reachable_jumper_count": [
        19.0,
        19.0,
        19.0,
        [
            19.0,
            19.0,
            19.0,
            19.0,
            19.0,
            19.0
        ],
        19.0
    ],
    "unreachable_jumper_count": [
        0.0,
        0.0,
        0.0,
        [
            0.0,
            0.0,
            0.0,
            0.0,
            0.0,
            0.0
        ],
        0.0
    ],
    "shortest_path": {
        "percent_useful_node_count": [
            0.7833333333333333,
            0.7791666666666667,
            0.7833333333333333,
            [
                0.7622916666666666,
                0.7662500000000001,
                0.775,
                0.7875,
                0.7920833333333334,
                0.7958333333333333
            ],
            0.7802499999999999
        ],
        "percent_useful_wire_length": 66.17784231395851,
        "percent_reachable_sensors": 0.83114,
        "percent_useful_jumper_count": [
            0.7894736842105263,
            0.7894736842105263,
            0.7894736842105263,
            [
                0.6842105263157895,
                0.7368421052631579,
                0.7894736842105263,
                0.8421052631578947,
                0.8947368421052632,
                0.8947368421052632
            ],
            0.8031578947368417
        ],
        "percent_useful_jumper_length": [
            0.21052631578947367,
            0.21052631578947367,
            0.2631578947368421,
            [
                0.15789473684210525,
                0.15789473684210525,
                0.21052631578947367,
                0.2631578947368421,
                0.3157894736842105,
                0.3157894736842105
            ],
            0.22894736842105265
        ],
        "percent_unreachable_bc_short_jumper": 0.16886,
        "percent_multiroute_reached_nodes": [
            0.35106382978723405,
            0.3467669498938849,
            0.357325746799431,
            [
                0.3172043010752688,
                0.3263045313819308,
                0.3403141361256545,
                0.37384604559527157,
                0.3902293358815098,
                0.39684752910430027
            ],
            0.3557657772994517
        ],
        "path_length_max": [
            1726.7582548089176,
            1710.38829548894,
            1726.7582548089176
        ],
        "path_length_avg": [
            760.0234683243675,
            757.4718125742,
            762.7715357904261,
            [
                248.15945161245756,
                345.08378539374684,
                534.4658194662136,
                956.6646176859354,
                1127.2475314890994,
                1220.2062917849812
            ],
            747.0173396009474
        ],
        "path_node_count_max": [
            25.0,
            25.0,
            25.0
        ],
        "path_node_count_avg": [
            11.0,
            11.0,
            11.0,
            [
                3.0,
                4.0,
                7.0,
                13.0,
                16.0,
                17.0
            ],
            10.28492191447891
        ],
        "path_jumper_count_max": [
            3.0,
            3.0,
            3.0
        ],
        "path_jumper_count_avg": [
            1.0,
            1.0,
            1.0,
            [
                0.0,
                0.0,
                0.0,
                1.0,
                2.0,
                2.0
            ],
            0.7736723055080973
        ],
        "path_sensor_jumper_length_max": [
            39.9980780974343,
            39.99588618121721,
            39.9980780974343
        ],
        "path_sensor_jumper_length_avg": [
            15.889533418515768,
            15.771210858349404,
            16.010031414405123,
            [
                1.4605364623280612,
                2.9062819972354355,
                7.41884803768138,
                26.139834053946263,
                33.70548706793489,
                36.643259460649894
            ],
            17.13536535034494
        ],
        "path_router_node_branches_max": [
            2.0,
            2.0,
            2.0
        ],
        "path_router_node_branches_avg": [
            2.0,
            2.0,
            2.0,
            [
                2.0,
                2.0,
                2.0,
                2.0,
                2.0,
                2.0
            ],
            2.0
        ],
        "graph_max_wire_length": [
            1349.5046621844585,
            1305.360469569405,
            1380.443856260395,
            [
                1106.5283466999094,
                1171.6982241150554,
                1225.7265570565971,
                1452.071379600513,
                1545.461126142339,
                1579.9578987680366
            ],
            1345.7282052459414
        ],
        "graph_avg_wire_length": [
            742.2106162180744,
            703.6533770499078,
            759.4509372448678,
            [
                633.2080508662398,
                643.0517302941038,
                663.5968419676649,
                825.0669733581882,
                860.5000553718785,
                898.9993309192467
            ],
            747.1184803569324
        ],
        "graph_max_node_count": [
            20.0,
            19.0,
            21.0,
            [
                17.0,
                17.0,
                19.0,
                22.0,
                23.10000000000001,
                24.0
            ],
            20.38
        ],
        "graph_avg_node_count": [
            10.715939153439153,
            10.43125,
            11.2375,
            [
                9.543514644351465,
                9.581171548117155,
                9.925,
                12.10438550420168,
                13.078600777753321,
                13.317708333333334
            ],
            11.089225155858273
        ],