{
    "total_wire_length": 50845.16918491283,
    "total_jumper_length": 26597.304868390565,
    "total_jumper_count": 359,
    "center_node_count": 847,
    "edge_node_count": 197,
    "total_node_count": 1044,
    "reachable_node_count": [
        1044.0,
        1044.0,
        1044.0,
        [
            1044.0,
            1044.0,
            1044.0,
            1044.0,
            1044.0,
            1044.0
        ],
        1044.0
    ],
    "unreachable_node_count": [
        0.0,
        0.0,
        0.0,
        [
            0.0,
            0.0,
            0.0,
            0.0,
            0.0,
            0.0
        ],
        0.0
    ],
    "reachable_wire_length": [
        50845.16918491283,
        50845.16918491283,
        50845.16918491283,
        [
            50845.16918491283,
            50845.16918491283,
            50845.16918491283,
            50845.16918491283,
            50845.16918491283,
            50845.16918491283
        ],
        50845.169184912826
    ],
    "unreachable_wire_length": [
        0.0,
        0.0,
        0.0,
        [
            0.0,
            0.0,
            0.0,
            0.0,
            0.0,
            0.0
        ],
        0.0
    ],
    "reachable_jumper_length": [
        26597.30486839059,
        26597.30486839059,
        26597.30486839059,
        [
            26597.30486839059,
            26597.30486839059,
            26597.30486839059,
            26597.30486839059,
            26597.30486839059,
            26597.30486839059
        ],
        26597.304868390598
    ],
    "unreachable_jumper_length": [
        0.0,
        0.0,
        0.0,
        [
            0.0,
            0.0,
            0.0,
            0.0,
            0.0,
            0.0
        ],
        0.0
    ],
    "reachable_jumper_count": [
        359.0,
        359.0,
        359.0,
        [
            359.0,
            359.0,
            359.0,
            359.0,
            359.0,
            359.0
        ],
        359.0
    ],
    "unreachable_jumper_count": [
        0.0,
        0.0,
        0.0,
        [
            0.0,
            0.0,
            0.0,
            0.0,
            0.0,
            0.0
        ],
        0.0
    ],
    "shortest_path": {
        "percent_useful_node_count": [
            0.8390804597701149,
            0.8362068965517241,
            0.8419540229885057,
            [
                0.8198275862068966,
                0.8274904214559387,
                0.8323754789272031,
                0.8457854406130269,
                0.8544061302681992,
                0.855411877394636
            ],
            0.8389750957854405
        ],
        "percent_useful_wire_length": 68.01442029055481,
        "percent_reachable_sensors": 1.0,
        "percent_useful_jumper_count": [
            0.22562674094707522,
            0.22284122562674094,
            0.23119777158774374,
            [
                0.1892757660167131,
                0.2030640668523677,
                0.21727019498607242,
                0.23676880222841226,
                0.2479108635097493,
                0.25083565459610024
            ],
            0.2255153203342618
        ],
        "percent_useful_jumper_length": [
            0.011142061281337047,
            0.011142061281337047,
            0.011142061281337047,
            [
                0.008356545961002786,
                0.008356545961002786,
                0.008356545961002786,
                0.013927576601671309,
                0.013927576601671309,
                0.016713091922005572
            ],
            0.011420612813370474
        ],
        "percent_unreachable_bc_short_jumper": 0.0,
        "percent_multiroute_reached_nodes": [
            0.23559255811815538,
            0.23130034522439585,
            0.24235560588901472,
            [
                0.19212261088884797,
                0.20755289311627342,
                0.22197044429640256,
                0.24850047036444822,
                0.26020892938208,
                0.26718803883251646
            ],
            0.23524069157084548
        ],
        "path_length_max": [
            2351.938681712004,
            2309.677414144065,
            2351.938681712004
        ],
        "path_length_avg": [
            775.5225707481177,
            772.401385170626,
            778.6473330869206,
            [
                235.31577019243653,
                330.2346786898273,
                529.6850748428955,
                1030.1165070036368,
                1320.2075060786535,
                1483.0902558562152
            ],
            804.1593307368452
        ],
        "path_node_count_max": [
            58.0,
            56.0,
            58.0
        ],
        "path_node_count_avg": [
            19.0,
            19.0,
            20.0,
            [
                6.0,
                8.0,
                13.0,
                26.0,
                32.0,
                37.0
            ],
            19.99436
        ],
        "path_jumper_count_max": [
            14.0,
            14.0,
            14.0
        ],
        "path_jumper_count_avg": [
            1.0,
            1.0,
            1.0,
            [
                0.0,
                0.0,
                1.0,
                3.0,
                6.0,
                7.0
            ],
            2.15345
        ],
        "path_sensor_jumper_length_max": [
            43.6979183279412,
            40.639824375854296,
            43.6979183279412
        ],
        "path_sensor_jumper_length_avg": [
            9.627588345390123,
            9.55042724489623,
            9.701635990725693,
            [
                0.8124553604844482,
                1.6537991831475163,
                4.396940571191325,
                16.373964159668517,
                22.501028714105495,
                25.661890530928567
            ],
            10.967594124911518
        ],
        "path_router_node_branches_max": [
            6.0,
            6.0,
            6.0
        ],
        "path_router_node_branches_avg": [
            2.0,
            2.0,
            2.0,
            [
                2.0,
                2.0,
                2.0,
                2.0,
                4.0,
                4.0
            ],
            2.4088669950738915
        ],
        "graph_max_wire_length": [
            1604.6699962572475,
            1557.955571865498,
            1653.9205101326315,
            [
                1294.979713140167,
                1364.0556883453198,
                1486.6380421216036,
                1838.5583614345094,
                2182.737168485838,
                2257.1020539433184
            ],
            1676.2629862720257
        ],
        "graph_avg_wire_length": [
            741.2125144792033,
            709.757633387002,
            788.2007180090309,
            [
                661.8131099546049,
                667.1830908091501,
                685.2430570142287,
                865.4873975931407,
                1084.5865449025143,
                1151.5038678990577
            ],
            800.7926769955119
        ],
        "graph_max_node_count": [
            40.0,
            39.0,
            42.0,
            [
                32.0,
                33.0,
                35.0,
                46.0,
                53.10000000000001,
                56.0
            ],
            41.34
        ],
        "graph_avg_node_count": [
            18.973272347006926,
            18.346271982211658,
            20.344887626643434,
            [
                17.366993141345347,
                17.41060610234991,
                17.801947990202045,
                22.139196231936527,
                25.357471264367828,
                27.951723004375523
            ],
            20.487675695244
        ],