{
    "total_wire_length": 14043.4113047424,
    "total_jumper_length": 1527.0451628342262,
    "total_jumper_count": 39,
    "center_node_count": 116,
    "edge_node_count": 86,
    "total_node_count": 202,
    "reachable_node_count": [
        202.0,
        202.0,
        202.0,
        [
            202.0,
            202.0,
            202.0,
            202.0,
            202.0,
            202.0
        ],
        202.0
    ],
    "unreachable_node_count": [
        0.0,
        0.0,
        0.0,
        [
            0.0,
            0.0,
            0.0,
            0.0,
            0.0,
            0.0
        ],
        0.0
    ],
    "reachable_wire_length": [
        14043.411304742402,
        14043.411304742402,
        14043.411304742402,
        [
            14043.411304742402,
            14043.411304742402,
            14043.411304742402,
            14043.411304742402,
            14043.411304742402,
            14043.411304742402
        ],
        14043.411304742396
    ],
    "unreachable_wire_length": [
        0.0,
        0.0,
        0.0,
        [
            0.0,
            0.0,
            0.0,
            0.0,
            0.0,
            0.0
        ],
        0.0
    ],
    "reachable_jumper_length": [
        1527.0451628342264,
        1527.0451628342264,
        1527.0451628342264,
        [
            1527.0451628342264,
            1527.0451628342264,
            1527.0451628342264,
            1527.0451628342264,
            1527.0451628342264,
            1527.0451628342264
        ],
        1527.0451628342269
    ],
    "unreachable_jumper_length": [
        0.0,
        0.0,
        0.0,
        [
            0.0,
            0.0,
            0.0,
            0.0,
            0.0,
            0.0
        ],
        0.0
    ],
    "reachable_jumper_count": [
        39.0,
        39.0,
        39.0,
        [
            39.0,
            39.0,
            39.0,
            39.0,
            39.0,
            39.0
        ],
        39.0
    ],
    "unreachable_jumper_count": [
        0.0,
        0.0,
        0.0,
        [
            0.0,
            0.0,
            0.0,
            0.0,
            0.0,
            0.0
        ],
        0.0
    ],
    "shortest_path": {
        "percent_useful_node_count": [
            0.8168316831683168,
            0.8118811881188119,
            0.8217821782178217,
            [
                0.772029702970297,
                0.7821782178217822,
                0.801980198019802,
                0.8267326732673267,
                0.8366336633663366,
                0.8415841584158416
            ],
            0.8128712871287129
        ],
        "percent_useful_wire_length": 73.62950128310776,
        "percent_reachable_sensors": 0.97164,
        "percent_useful_jumper_count": [
            0.7435897435897436,
            0.717948717948718,
            0.7435897435897436,
            [
                0.6410256410256411,
                0.6410256410256411,
                0.6923076923076923,
                0.7692307692307693,
                0.7948717948717948,
                0.8205128205128205
            ],
            0.7282051282051282
        ],
        "percent_useful_jumper_length": [
            0.1794871794871795,
            0.1794871794871795,
            0.20512820512820512,
            [
                0.15384615384615385,
                0.15384615384615385,
                0.15384615384615385,
                0.20512820512820512,
                0.23076923076923078,
                0.23076923076923078
            ],
            0.18564102564102558
        ],
        "percent_unreachable_bc_short_jumper": 0.02836,
        "percent_multiroute_reached_nodes": [
            0.40606060606060607,
            0.4,
            0.41317365269461076,
            [
                0.3684049079754601,
                0.3756818181818182,
                0.38551026957637996,
                0.42771084337349397,
                0.4439609872611465,
                0.45011146496815285
            ],
            0.40804977030378753
        ],
        "path_length_max": [
            1924.9795034896838,
            1904.43028138778,
            1924.9795034896838
        ],
        "path_length_avg": [
            696.8529272212127,
            694.2401172603455,
            699.1075198996531,
            [
                226.06960897240384,
                310.86237811727125,
                489.754992649817,
                924.4523754964123,
                1130.9716996823097,
                1257.2877210725728
            ],
            715.6230739336002
        ],
        "path_node_count_max": [
            28.0,
            28.0,
            28.0
        ],
        "path_node_count_avg": [
            10.0,
            10.0,
            10.0,
            [
                3.0,
                4.0,
                7.0,
                14.0,
                17.0,
                19.0
            ],
            10.498744390926682
        ],
        "path_jumper_count_max": [
            7.0,
            7.0,
            7.0
        ],
        "path_jumper_count_avg": [
            1.0,
            1.0,
            1.0,
            [
                0.0,
                0.0,
                1.0,
                2.0,
                3.0,
                4.0
            ],
            1.4661397225309785
        ],
        "path_sensor_jumper_length_max": [
            79.91598416455747,
            79.876238152611,
            79.91598416455747
        ],
        "path_sensor_jumper_length_avg": [
            19.842093438606195,
            19.710313452214198,
            20.00275513746242,
            [
                1.7434628081753891,
                3.47362453484797,
                9.034707725863512,
                34.325457816599396,
                47.21106572806432,
                53.806992470213004
            ],
            22.88918566216597
        ],
        "path_router_node_branches_max": [
            3.0,
            2.0,
            3.0
        ],
        "path_router_node_branches_avg": [
            2.0,
            2.0,
            2.0,
            [
                2.0,
                2.0,
                2.0,
                2.0,
                2.0,
                2.0
            ],
            2.0140845070422535
        ],
        "graph_max_wire_length": [
            1344.4906009631027,
            1287.5138742897425,
            1397.0090950144659,
            [
                1045.8564273719503,
                1077.2494087155587,
                1155.445135715102,
                1481.1350771771279,
                1637.788306320121,
                1737.5389904155006
            ],
            1350.5108701983895
        ],
        "graph_avg_wire_length": [
            658.9498998617792,
            640.3743677796595,
            698.8114710738508,
            [
                544.0898612503628,
                558.3329714705773,
                595.9490436220644,
                772.7495772245043,
                890.7731355838079,
                967.7662601589872
            ],
            699.6219392067443
        ],
        "graph_max_node_count": [
            21.0,
            21.0,
            22.0,
            [
                17.0,
                17.0,
                18.75,
                24.0,
                25.10000000000001,
                26.0
            ],
            21.41
        ],
        "graph_avg_node_count": [
            10.662140270630836,
            10.061739783653847,
            11.320757250268528,
            [
                8.723557789452414,
                8.909045226130653,
                9.385536798707449,
                12.350906756539882,
                14.415439190977924,
                15.065656565656566
            ],
            11.183155826344905
        ],