{
    "total_wire_length": 48019.926143747376,
    "total_jumper_length": 13698.736885702241,
    "total_jumper_count": 186,
    "center_node_count": 401,
    "edge_node_count": 175,
    "total_node_count": 576,
    "reachable_node_count": [
        576.0,
        576.0,
        576.0,
        [
            576.0,
            576.0,
            576.0,
            576.0,
            576.0,
            576.0
        ],
        576.0
    ],
    "unreachable_node_count": [
        0.0,
        0.0,
        0.0,
        [
            0.0,
            0.0,
            0.0,
            0.0,
            0.0,
            0.0
        ],
        0.0
    ],
    "reachable_wire_length": [
        48019.926143747405,
        48019.926143747405,
        48019.926143747405,
        [
            48019.926143747405,
            48019.926143747405,
            48019.926143747405,
            48019.926143747405,
            48019.926143747405,
            48019.926143747405
        ],
        48019.92614374742
    ],
    "unreachable_wire_length": [
        0.0,
        0.0,
        0.0,
        [
            0.0,
            0.0,
            0.0,
            0.0,
            0.0,
            0.0
        ],
        0.0
    ],
    "reachable_jumper_length": [
        13698.73688570224,
        13698.73688570224,
        13698.73688570224,
        [
            13698.73688570224,
            13698.73688570224,
            13698.73688570224,
            13698.73688570224,
            13698.73688570224,
            13698.73688570224
        ],
        13698.73688570224
    ],
    "unreachable_jumper_length": [
        0.0,
        0.0,
        0.0,
        [
            0.0,
            0.0,
            0.0,
            0.0,
            0.0,
            0.0
        ],
        0.0
    ],
    "reachable_jumper_count": [
        186.0,
        186.0,
        186.0,
        [
            186.0,
            186.0,
            186.0,
            186.0,
            186.0,
            186.0
        ],
        186.0
    ],
    "unreachable_jumper_count": [
        0.0,
        0.0,
        0.0,
        [
            0.0,
            0.0,
            0.0,
            0.0,
            0.0,
            0.0
        ],
        0.0
    ],
    "shortest_path": {
        "percent_useful_node_count": [
            0.8550347222222222,
            0.8506944444444444,
            0.8576605902777777,
            [
                0.8314236111111111,
                0.8348958333333333,
                0.84375,
                0.8645833333333334,
                0.8717013888888889,
                0.8750868055555555
            ],
            0.854392361111111
        ],
        "percent_useful_wire_length": 71.55513192747492,
        "percent_reachable_sensors": 1.0,
        "percent_useful_jumper_count": [
            0.45698924731182794,
            0.45161290322580644,
            0.46774193548387094,
            [
                0.4032258064516129,
                0.4134408602150538,
                0.43010752688172044,
                0.4838709677419355,
                0.5053763440860215,
                0.5161290322580645
            ],
            0.45881720430107525
        ],
        "percent_useful_jumper_length": [
            0.043010752688172046,
            0.03763440860215054,
            0.043010752688172046,
            [
                0.03225806451612903,
                0.03225806451612903,
                0.03763440860215054,
                0.04838709677419355,
                0.05430107526881725,
                0.05913978494623656
            ],
            0.04290322580645162
        ],
        "percent_unreachable_bc_short_jumper": 0.0,
        "percent_multiroute_reached_nodes": [
            0.29399759903961586,
            0.2878964754973796,
            0.301537367326841,
            [
                0.2507812314346142,
                0.2549258586953959,
                0.27905846493543895,
                0.3082829428067523,
                0.3217873733463493,
                0.32797307309638224
            ],
            0.2928821718029894
        ],
        "path_length_max": [
            3098.0290900876166,
            3015.9609551648955,
            3098.0290900876166
        ],
        "path_length_avg": [
            1110.9058948261873,
            1107.7748660995346,
            1114.9968410080144,
            [
                353.0605791267058,
                488.1778448270794,
                775.0147091874495,
                1460.8002163823637,
                1775.1056298638116,
                1953.8127388927767
            ],
            1128.6937202448376
        ],
        "path_node_count_max": [
            41.0,
            40.0,
            41.0
        ],
        "path_node_count_avg": [
            16.0,
            16.0,
            16.0,
            [
                4.0,
                6.0,
                11.0,
                21.0,
                25.0,
                27.0
            ],
            15.69032
        ],
        "path_jumper_count_max": [
            17.0,
            16.0,
            17.0
        ],
        "path_jumper_count_avg": [
            2.0,
            2.0,
            2.0,
            [
                0.0,
                0.0,
                1.0,
                4.0,
                7.0,
                8.0
            ],
            2.68067
        ],
        "path_sensor_jumper_length_max": [
            79.99567501517716,
            78.38180666913247,
            79.99567501517716
        ],
        "path_sensor_jumper_length_avg": [
            19.266638460412608,
            19.118995060563023,
            19.41910939505276,
            [
                1.6416638275489777,
                3.3536968225428465,
                8.829106238121827,
                32.98960199832148,
                45.41639340856299,
                51.67865761074057
            ],
            22.0480223175766
        ],
        "path_router_node_branches_max": [
            4.0,
            3.0,
            4.0
        ],
        "path_router_node_branches_avg": [
            2.0,
            2.0,
            2.0,
            [
                2.0,
                2.0,
                2.0,
                2.0,
                3.0,
                3.0
            ],
            2.1333333333333333
        ],
        "graph_max_wire_length": [
            2162.859484850612,
            2111.1627889608417,
            2187.356291343301,
            [
                1681.836089063084,
                1817.980536833962,
                1948.4200510630455,
                2322.2040608490615,
                2582.399227447862,
                2726.466629837565
            ],
            2172.3414611773287
        ],
        "graph_avg_wire_length": [
            1076.7724815961433,
            1035.5193827971098,
            1133.2658379918128,
            [
                871.1060473107988,
                881.543876400767,
                944.2241067607464,
                1235.2374153329245,
                1339.218510456229,
                1421.400991151198
            ],
            1111.2520483510532
        ],
        "graph_max_node_count": [
            30.5,
            29.0,
            31.0,
            [
                24.0,
                25.0,
                27.75,
                33.25,
                37.0,
                39.0
            ],
            30.68
        ],
        "graph_avg_node_count": [
            15.917807524591826,
            15.446636217828233,
            16.65142488716957,
            [
                12.657194822721138,
                12.863693270735524,
                14.12670028142589,
                17.887853442693718,
                19.73511933957156,
                21.16523725834798
            ],
            16.23010516559915
        ],