{
    "total_wire_length": 107734.64673276678,
    "total_jumper_length": 346.72190088773226,
    "total_jumper_count": 67,
    "center_node_count": 3592,
    "edge_node_count": 306,
    "total_node_count": 3898,
    "reachable_node_count": [
        3898.0,
        3898.0,
        3898.0,
        [
            3898.0,
            3898.0,
            3898.0,
            3898.0,
            3898.0,
            3898.0
        ],
        3898.0
    ],
    "unreachable_node_count": [
        0.0,
        0.0,
        0.0,
        [
            0.0,
            0.0,
            0.0,
            0.0,
            0.0,
            0.0
        ],
        0.0
    ],
    "reachable_wire_length": [
        107734.6467327668,
        107734.6467327668,
        107734.6467327668,
        [
            107734.6467327668,
            107734.6467327668,
            107734.6467327668,
            107734.6467327668,
            107734.6467327668,
            107734.6467327668
        ],
        107734.64673276678
    ],
    "unreachable_wire_length": [
        0.0,
        0.0,
        0.0,
        [
            0.0,
            0.0,
            0.0,
            0.0,
            0.0,
            0.0
        ],
        0.0
    ],
    "reachable_jumper_length": [
        346.7219008877322,
        346.7219008877322,
        346.7219008877322,
        [
            346.7219008877322,
            346.7219008877322,
            346.7219008877322,
            346.7219008877322,
            346.7219008877322,
            346.7219008877322
        ],
        346.7219008877321
    ],
    "unreachable_jumper_length": [
        0.0,
        0.0,
        0.0,
        [
            0.0,
            0.0,
            0.0,
            0.0,
            0.0,
            0.0
        ],
        0.0
    ],
    "reachable_jumper_count": [
        67.0,
        67.0,
        67.0,
        [
            67.0,
            67.0,
            67.0,
            67.0,
            67.0,
            67.0
        ],
        67.0
    ],
    "unreachable_jumper_count": [
        0.0,
        0.0,
        0.0,
        [
            0.0,
            0.0,
            0.0,
            0.0,
            0.0,
            0.0
        ],
        0.0
    ],
    "shortest_path": {
        "percent_useful_node_count": [
            0.737172909184197,
            0.7316572601334017,
            0.7408959722934838,
            [
                0.7082863006670087,
                0.7121600820933812,
                0.7227424320164186,
                0.7485890200102616,
                0.7586454592098512,
                0.7622626988199077
            ],
            0.7361570035915854
        ],
        "percent_useful_wire_length": 52.285674973127584,
        "percent_reachable_sensors": 0.84724,
        "percent_useful_jumper_count": [
            0.47761194029850745,
            0.4626865671641791,
            0.47761194029850745,
            [
                0.373134328358209,
                0.3880597014925373,
                0.417910447761194,
                0.5074626865671642,
                0.5253731343283584,
                0.5679104477611939
            ],
            0.4691044776119402
        ],
        "percent_useful_jumper_length": [
            0.029850746268656716,
            0.029850746268656716,
            0.029850746268656716,
            [
                0.014925373134328358,
                0.014925373134328358,
                0.014925373134328358,
                0.029850746268656716,
                0.029850746268656716,
                0.029850746268656716
            ],
            0.025522388059701487
        ],
        "percent_unreachable_bc_short_jumper": 0.15276,
        "percent_multiroute_reached_nodes": [
            0.12839103120888196,
            0.12480529595015577,
            0.13298918293916734,
            [
                0.10849574004524634,
                0.1122932119195931,
                0.11733767811865506,
                0.1384328715997848,
                0.14235276136132058,
                0.14930085811694385
            ],
            0.1282843535930425
        ],
        "path_length_max": [
            2071.378689291283,
            2033.9546655886188,
            2071.378689291283
        ],
        "path_length_avg": [
            792.8281970623453,
            789.4370374209667,
            796.9086495723417,
            [
                231.17882424956778,
                328.0534836382151,
                520.9114699367058,
                1113.8351766168332,
                1379.2895412472737,
                1516.8208709760092
            ],
            826.9736824932411
        ],
        "path_node_count_max": [
            109.0,
            108.0,
            109.0
        ],
        "path_node_count_avg": [
            41.0,
            41.0,
            41.0,
            [
                11.0,
                16.0,
                26.0,
                58.0,
                73.0,
                80.0
            ],
            43.03871394174024
        ],
        "path_jumper_count_max": [
            9.0,
            9.0,
            9.0
        ],
        "path_jumper_count_avg": [
            1.0,
            1.0,
            1.0,
            [
                0.0,
                0.0,
                0.0,
                2.0,
                4.0,
                4.0
            ],
            1.317489731363014
        ],
        "path_sensor_jumper_length_max": [
            9.999060186401454,
            9.998592053488425,
            9.999060186401454
        ],
        "path_sensor_jumper_length_avg": [
            3.9594512788294804,
            3.9242441820901317,
            3.991598889677349,
            [
                0.35085154978391736,
                0.7117378529932333,
                1.8421784365653566,
                6.520312684125551,
                8.420786000480502,
                9.171352680058874
            ],
            4.27474301967196
        ],
        "path_router_node_branches_max": [
            2.0,
            2.0,
            2.0
        ],
        "path_router_node_branches_avg": [
            2.0,
            2.0,
            2.0,
            [
                2.0,
                2.0,
                2.0,
                2.0,
                2.0,
                2.0
            ],
            2.0
        ],
        "graph_max_wire_length": [
            1643.0006238459582,
            1551.9116136046978,
            1723.7029552738609,
            [
                1251.9400345223628,
                1298.5464125657647,
                1446.9368748707495,
                1794.6567180483746,
                1907.2185995505733,
                1978.26419299692
            ],
            1618.2290603053998
        ],
        "graph_avg_wire_length": [
            795.1684688005421,
            738.6457988163049,
            833.0257306731129,
            [
                603.9314305961914,
                641.9846562096038,
                695.6152543375213,
                892.9090144943832,
                957.205787161538,
                992.4847170984223
            ],
            796.2126715733192
        ],
        "graph_max_node_count": [
            87.0,
            85.4875,
            91.0,
            [
                66.9,
                70.9,
                78.0,
                95.25,
                102.20000000000002,
                107.05
            ],
            87.08
        ],
        "graph_avg_node_count": [
            41.83596215052256,
            39.150601181475665,
            43.559742947076195,
            [
                32.468322420166935,
                34.29942179000201,
                37.4370630966103,
                46.46932579558309,
                50.0907373756406,
                52.804424479281074
            ],
            42.04665071515579
        ],