{
    "total_wire_length": 19110.643782293304,
    "total_jumper_length": 10077.769641808785,
    "total_jumper_count": 148,
    "center_node_count": 316,
    "edge_node_count": 118,
    "total_node_count": 434,
    "reachable_node_count": [
        434.0,
        434.0,
        434.0,
        [
            434.0,
            434.0,
            434.0,
            434.0,
            434.0,
            434.0
        ],
        434.0
    ],
    "unreachable_node_count": [
        0.0,
        0.0,
        0.0,
        [
            0.0,
            0.0,
            0.0,
            0.0,
            0.0,
            0.0
        ],
        0.0
    ],
    "reachable_wire_length": [
        19110.643782293297,
        19110.643782293297,
        19110.643782293297,
        [
            19110.643782293297,
            19110.643782293297,
            19110.643782293297,
            19110.643782293297,
            19110.643782293297,
            19110.643782293297
        ],
        19110.643782293297
    ],
    "unreachable_wire_length": [
        0.0,
        0.0,
        0.0,
        [
            0.0,
            0.0,
            0.0,
            0.0,
            0.0,
            0.0
        ],
        0.0
    ],
    "reachable_jumper_length": [
        10077.769641808785,
        10077.769641808785,
        10077.769641808785,
        [
            10077.769641808785,
            10077.769641808785,
            10077.769641808785,
            10077.769641808785,
            10077.769641808785,
            10077.769641808785
        ],
        10077.769641808787
    ],
    "unreachable_jumper_length": [
        0.0,
        0.0,
        0.0,
        [
            0.0,
            0.0,
            0.0,
            0.0,
            0.0,
            0.0
        ],
        0.0
    ],
    "reachable_jumper_count": [
        148.0,
        148.0,
        148.0,
        [
            148.0,
            148.0,
            148.0,
            148.0,
            148.0,
            148.0
        ],
        148.0
    ],
    "unreachable_jumper_count": [
        0.0,
        0.0,
        0.0,
        [
            0.0,
            0.0,
            0.0,
            0.0,
            0.0,
            0.0
        ],
        0.0
    ],
    "shortest_path": {
        "percent_useful_node_count": [
            0.8294930875576036,
            0.8271889400921659,
            0.8317972350230415,
            [
                0.8109447004608296,
                0.8154377880184333,
                0.8225806451612904,
                0.8387096774193549,
                0.8456221198156681,
                0.8480414746543778
            ],
            0.8301843317972352
        ],
        "percent_useful_wire_length": 70.7122256853501,
        "percent_reachable_sensors": 1.0,
        "percent_useful_jumper_count": [
            0.27702702702702703,
            0.2702702702702703,
            0.27702702702702703,
            [
                0.23614864864864865,
                0.25,
                0.25675675675675674,
                0.2905405405405405,
                0.30405405405405406,
                0.30405405405405406
            ],
            0.2728378378378379
        ],
        "percent_useful_jumper_length": [
            0.02702702702702703,
            0.02702702702702703,
            0.02702702702702703,
            [
                0.02027027027027027,
                0.02027027027027027,
                0.02702702702702703,
                0.033783783783783786,
                0.033783783783783786,
                0.04054054054054054
            ],
            0.028513513513513517
        ],
        "percent_unreachable_bc_short_jumper": 0.0,
        "percent_multiroute_reached_nodes": [
            0.3012374176946946,
            0.29477314320092324,
            0.30684931506849317,
            [
                0.24855373526588295,
                0.26237517210818684,
                0.2764047699913204,
                0.3154330225240781,
                0.3343354313217327,
                0.33889122315592907
            ],
            0.2987510238553211
        ],
        "path_length_max": [
            1058.349212475493,
            1044.6132164631872,
            1058.349212475493
        ],
        "path_length_avg": [
            489.4063669946885,
            487.8599042300661,
            491.2106718870717,
            [
                161.84632409324607,
                220.7808780737228,
                340.0727667903814,
                617.1938363799264,
                719.3872336235054,
                777.847617768441
            ],
            479.79770367304855
        ],
        "path_node_count_max": [
            28.0,
            28.0,
            28.0
        ],
        "path_node_count_avg": [
            13.0,
            13.0,
            13.0,
            [
                4.0,
                5.0,
                9.0,
                16.0,
                19.0,
                21.0
            ],
            12.36689
        ],
        "path_jumper_count_max": [
            7.0,
            7.0,
            7.0
        ],
        "path_jumper_count_avg": [
            1.0,
            1.0,
            1.0,
            [
                0.0,
                0.0,
                0.0,
                1.0,
                2.0,
                3.0
            ],
            1.06355
        ],
        "path_sensor_jumper_length_max": [
            39.384383777713765,
            35.24602822748958,
            39.384383777713765
        ],
        "path_sensor_jumper_length_avg": [
            9.496417034894854,
            9.435461377781047,
            9.580588680639634,
            [
                0.8262938448287784,
                1.6841132869365139,
                4.342300281021422,
                16.329732397554096,
                22.43588484204385,
                25.612972660813995
            ],
            10.89970989806966
        ],
        "path_router_node_branches_max": [
            5.0,
            4.0,
            5.0
        ],
        "path_router_node_branches_avg": [
            2.0,
            2.0,
            2.0,
            [
                2.0,
                2.0,
                2.0,
                2.0,
                3.0,
                4.0
            ],
            2.2476190476190476
        ],
        "graph_max_wire_length": [
            851.7015941214565,
            832.1567078558224,
            874.7401497773877,
            [
                733.5058574084358,
                752.4105169930658,
                800.0564165962242,
                925.0915974748871,
                968.5918557672676,
                1020.95598534426
            ],
            860.4390339675142
        ],
        "graph_avg_wire_length": [
            461.5215412933926,
            450.8951599286887,
            483.06259321314843,
            [
                410.85977783877723,
                415.47507971149844,
                431.3287745650615,
                509.3156131669573,
                551.2812170759369,
                570.5611552448385
            ],
            475.0422560247009
        ],
        "graph_max_node_count": [
            24.0,
            23.0,
            24.5,
            [
                21.0,
                21.0,
                22.0,
                26.0,
                27.10000000000001,
                28.0
            ],
            24.12
        ],
        "graph_avg_node_count": [
            12.664291072768192,
            12.225806451612904,
            13.216589861751151,
            [
                11.51036866359447,
                11.549083313993966,
                11.876152073732719,
                13.819124423963133,
                14.80918122918283,
                15.329723502304146
            ],
            12.991590468935335
        ],