{
    "total_wire_length": 94075.45706905283,
    "total_jumper_length": 7458.78620970158,
    "total_jumper_count": 375,
    "center_node_count": 3143,
    "edge_node_count": 379,
    "total_node_count": 3522,
    "reachable_node_count": [
        3522.0,
        3522.0,
        3522.0,
        [
            3522.0,
            3522.0,
            3522.0,
            3522.0,
            3522.0,
            3522.0
        ],
        3522.0
    ],
    "unreachable_node_count": [
        0.0,
        0.0,
        0.0,
        [
            0.0,
            0.0,
            0.0,
            0.0,
            0.0,
            0.0
        ],
        0.0
    ],
    "reachable_wire_length": [
        94075.45706905282,
        94075.45706905282,
        94075.45706905282,
        [
            94075.45706905282,
            94075.45706905282,
            94075.45706905282,
            94075.45706905282,
            94075.45706905282,
            94075.45706905282
        ],
        94075.4570690528
    ],
    "unreachable_wire_length": [
        0.0,
        0.0,
        0.0,
        [
            0.0,
            0.0,
            0.0,
            0.0,
            0.0,
            0.0
        ],
        0.0
    ],
    "reachable_jumper_length": [
        7458.786209701583,
        7458.786209701583,
        7458.786209701583,
        [
            7458.786209701583,
            7458.786209701583,
            7458.786209701583,
            7458.786209701583,
            7458.786209701583,
            7458.786209701583
        ],
        7458.786209701584
    ],
    "unreachable_jumper_length": [
        0.0,
        0.0,
        0.0,
        [
            0.0,
            0.0,
            0.0,
            0.0,
            0.0,
            0.0
        ],
        0.0
    ],
    "reachable_jumper_count": [
        375.0,
        375.0,
        375.0,
        [
            375.0,
            375.0,
            375.0,
            375.0,
            375.0,
            375.0
        ],
        375.0
    ],
    "unreachable_jumper_count": [
        0.0,
        0.0,
        0.0,
        [
            0.0,
            0.0,
            0.0,
            0.0,
            0.0,
            0.0
        ],
        0.0
    ],
    "shortest_path": {
        "percent_useful_node_count": [
            0.7710107893242476,
            0.7663259511641113,
            0.7765474162407723,
            [
                0.7458830210107893,
                0.7486939239068711,
                0.7563174332765474,
                0.7817291311754685,
                0.7939522998296422,
                0.7990062464508801
            ],
            0.7706672345258376
        ],
        "percent_useful_wire_length": 56.04648731441471,
        "percent_reachable_sensors": 1.0,
        "percent_useful_jumper_count": [
            0.31466666666666665,
            0.304,
            0.32,
            [
                0.2718666666666667,
                0.27973333333333333,
                0.29333333333333333,
                0.33866666666666667,
                0.34933333333333333,
                0.36
            ],
            0.3142933333333333
        ],
        "percent_useful_jumper_length": [
            0.013333333333333334,
            0.010666666666666666,
            0.013333333333333334,
            [
                0.008,
                0.010666666666666666,
                0.010666666666666666,
                0.016,
                0.016,
                0.016
            ],
            0.01266666666666667
        ],
        "percent_unreachable_bc_short_jumper": 0.0,
        "percent_multiroute_reached_nodes": [
            0.14730947289186114,
            0.14205293265573787,
            0.15045251512255003,
            [
                0.12120681690112244,
                0.12382563766974929,
                0.1353317879144675,
                0.1609284146017806,
                0.1709161188110791,
                0.17668753427586142
            ],
            0.1472749394792134
        ],
        "path_length_max": [
            1552.4346884327003,
            1524.9002537946164,
            1552.4346884327003
        ],
        "path_length_avg": [
            708.7776077975457,
            706.2820437595414,
            711.4860433313845,
            [
                220.77189777380633,
                309.48253919602547,
                485.82689264396663,
                907.4023336464857,
                1065.1397324044462,
                1163.6267914311525
            ],
            699.1524553080569
        ],
        "path_node_count_max": [
            82.0,
            81.0,
            82.0
        ],
        "path_node_count_avg": [
            36.0,
            36.0,
            36.0,
            [
                11.0,
                16.0,
                25.0,
                46.0,
                54.0,
                59.0
            ],
            35.45303
        ],
        "path_jumper_count_max": [
            34.0,
            32.0,
            34.0
        ],
        "path_jumper_count_avg": [
            1.0,
            1.0,
            1.0,
            [
                0.0,
                0.0,
                0.0,
                3.0,
                8.0,
                12.0
            ],
            2.59505
        ],
        "path_sensor_jumper_length_max": [
            20.629613724435945,
            19.395621387555945,
            20.629613724435945
        ],
        "path_sensor_jumper_length_avg": [
            4.789789483572634,
            4.754866081658639,
            4.8242903943629205,
            [
                0.41597174278660703,
                0.8335752906187666,
                2.177090858339324,
                8.192701813819422,
                11.227472488512175,
                12.777059116781608
            ],
            5.465092251272957
        ],
        "path_router_node_branches_max": [
            4.0,
            3.0,
            4.0
        ],
        "path_router_node_branches_avg": [
            2.0,
            2.0,
            2.0,
            [
                2.0,
                2.0,
                2.0,
                2.0,
                2.0,
                3.0
            ],
            2.0737704918032787
        ],
        "graph_max_wire_length": [
            1285.9923661237674,
            1233.2686989367776,
            1326.448404147478,
            [
                1079.6010027412667,
                1114.108225005224,
                1167.4155127590518,
                1403.362803003267,
                1469.3474143493067,
                1497.4864576458126
            ],
            1287.7379147764948
        ],
        "graph_avg_wire_length": [
            665.8654665952513,
            639.2728473213324,
            712.7561511416213,
            [
                612.3423910594558,
                615.774179302418,
                625.526593596316,
                758.8612405219554,
                817.2494415171391,
                856.8726789350931
            ],
            698.8056862795015
        ],
        "graph_max_node_count": [
            67.0,
            65.0,
            70.0,
            [
                56.0,
                58.0,
                61.0,
                73.0,
                77.0,
                78.19999999999999
            ],
            67.58
        ],
        "graph_avg_node_count": [
            34.69192091710305,
            33.056857298185896,
            36.80842584685454,
            [
                31.839108207895485,
                32.084919057086054,
                32.273431220360706,
                39.51718619602191,
                42.25446075030946,
                44.41547993160148
            ],
            36.17864655362932
        ],