{
    "total_wire_length": 4967.267968942064,
    "total_jumper_length": 560.6652325771266,
    "total_jumper_count": 8,
    "center_node_count": 24,
    "edge_node_count": 26,
    "total_node_count": 50,
    "reachable_node_count": [
        50.0,
        50.0,
        50.0,
        [
            50.0,
            50.0,
            50.0,
            50.0,
            50.0,
            50.0
        ],
        50.0
    ],
    "unreachable_node_count": [
        0.0,
        0.0,
        0.0,
        [
            0.0,
            0.0,
            0.0,
            0.0,
            0.0,
            0.0
        ],
        0.0
    ],
    "reachable_wire_length": [
        4967.267968942063,
        4967.267968942063,
        4967.267968942063,
        [
            4967.267968942063,
            4967.267968942063,
            4967.267968942063,
            4967.267968942063,
            4967.267968942063,
            4967.267968942063
        ],
        4967.267968942063
    ],
    "unreachable_wire_length": [
        0.0,
        0.0,
        0.0,
        [
            0.0,
            0.0,
            0.0,
            0.0,
            0.0,
            0.0
        ],
        0.0
    ],
    "reachable_jumper_length": [
        560.6652325771266,
        560.6652325771266,
        560.6652325771266,
        [
            560.6652325771266,
            560.6652325771266,
            560.6652325771266,
            560.6652325771266,
            560.6652325771266,
            560.6652325771266
        ],
        560.6652325771266
    ],
    "unreachable_jumper_length": [
        0.0,
        0.0,
        0.0,
        [
            0.0,
            0.0,
            0.0,
            0.0,
            0.0,
            0.0
        ],
        0.0
    ],
    "reachable_jumper_count": [
        8.0,
        8.0,
        8.0,
        [
            8.0,
            8.0,
            8.0,
            8.0,
            8.0,
            8.0
        ],
        8.0
    ],
    "unreachable_jumper_count": [
        0.0,
        0.0,
        0.0,
        [
            0.0,
            0.0,
            0.0,
            0.0,
            0.0,
            0.0
        ],
        0.0
    ],
    "shortest_path": {
        "percent_useful_node_count": [
            0.78,
            0.78,
            0.79,
            [
                0.72,
                0.74,
                0.76,
                0.8,
                0.82,
                0.84
            ],
            0.7823999999999998
        ],
        "percent_useful_wire_length": 81.73963735123333,
        "percent_reachable_sensors": 0.99264,
        "percent_useful_jumper_count": [
            1.0,
            0.875,
            1.0,
            [
                0.75,
                0.75,
                0.875,
                1.0,
                1.0,
                1.0
            ],
            0.9075
        ],
        "percent_useful_jumper_length": [
            0.5,
            0.5,
            0.5,
            [
                0.375,
                0.375,
                0.5,
                0.5,
                0.5,
                0.5
            ],
            0.47625
        ],
        "percent_unreachable_bc_short_jumper": 0.00736,
        "percent_multiroute_reached_nodes": [
            0.41025641025641024,
            0.4023809523809524,
            0.42105263157894735,
            [
                0.36585365853658536,
                0.3743421052631579,
                0.3902439024390244,
                0.43243243243243246,
                0.4594594594594595,
                0.4722953216374269
            ],
            0.41378606967679493
        ],
        "path_length_max": [
            1540.0915135793973,
            1529.7412248551543,
            1540.0915135793973
        ],
        "path_length_avg": [
            608.5026546934583,
            606.9300238900221,
            610.4726259229134,
            [
                208.32186346039995,
                275.8059676199941,
                433.6299192182894,
                766.5407682235873,
                907.0074909865377,
                1004.0269405830394
            ],
            604.3023542806667
        ],
        "path_node_count_max": [
            14.0,
            13.0,
            14.0
        ],
        "path_node_count_avg": [
            5.0,
            5.0,
            5.0,
            [
                1.0,
                1.0,
                3.0,
                6.0,
                8.0,
                10.0
            ],
            4.825868391360412
        ],
        "path_jumper_count_max": [
            3.0,
            3.0,
            3.0
        ],
        "path_jumper_count_avg": [
            1.0,
            1.0,
            1.0,
            [
                0.0,
                0.0,
                0.0,
                1.0,
                2.0,
                2.0
            ],
            0.7987588652482269
        ],
        "path_sensor_jumper_length_max": [
            159.98972260159096,
            159.9552939216822,
            159.98972260159096
        ],
        "path_sensor_jumper_length_avg": [
            39.37417125703582,
            39.04633570481123,
            39.66942273844491,
            [
                3.273306156867925,
                6.615185462140828,
                17.350891235095496,
                69.43836846905123,
                97.36739969190344,
                112.42045626637506
            ],
            46.41235522678353
        ],
        "path_router_node_branches_max": [
            2.0,
            2.0,
            2.0
        ],
        "path_router_node_branches_avg": [
            2.0,
            2.0,
            2.0,
            [
                2.0,
                2.0,
                2.0,
                2.0,
                2.0,
                2.0
            ],
            2.0
        ],
        "graph_max_wire_length": [
            1059.7644154073337,
            1021.7183389909729,
            1072.5876550599032,
            [
                789.3036230695648,
                840.1211489620038,
                938.2223945613514,
                1140.8485238801604,
                1280.5997898641272,
                1343.2630913721641
            ],
            1054.1899176475654
        ],
        "graph_avg_wire_length": [
            575.0497163747053,
            558.0493465353427,
            594.4033544978936,
            [
                475.12100171434196,
                496.0388757411638,
                534.4916464650196,
                623.4271999269871,
                689.9160153050915,
                762.007976728534
            ],
            586.7062405683359
        ],
        "graph_max_node_count": [
            12.0,
            11.0,
            12.0,
            [
                8.0,
                9.0,
                9.0,
                12.0,
                13.0,
                14.0
            ],
            11.07
        ],
        "graph_avg_node_count": [
            5.639030612244898,
            5.565056122448979,
            5.7,
            [
                4.9,
                4.9,
                5.32,
                6.083333333333333,
                7.44,
                7.525999999999999
            ],
            5.823534085974816
        ],
        "graph_max_jumper_count": [
            2.0,
            2.0,
            2.0,
            [
                1.0,
                1.9000000000000004,
                2.0,
                2.0,
                2.0,
                2.0
            ],
            1.92
        ],
        "graph_avg_jumper_count": [
            0.84,
            0.82,
            0.9380851063829787,
            [
                0.64,
                0.658,
                0.6783673469387755,
                0.98,
                1.2840000000000005,
                1.32
            ],
            0.8835552395426256
        ]
    },