{
    "total_wire_length": 7849.237400353919,
    "total_jumper_length": 67.57148993079423,
    "total_jumper_count": 5,
    "center_node_count": 34,
    "edge_node_count": 36,
    "total_node_count": 70,
    "reachable_node_count": [
        60.0,
        60.0,
        60.0,
        [
            10.0,
            10.0,
            60.0,
            60.0,
            60.0,
            60.0
        ],
        53.5
    ],
    "unreachable_node_count": [
        10.0,
        10.0,
        10.0,
        [
            10.0,
            10.0,
            10.0,
            10.0,
            60.0,
            60.0
        ],
        16.5
    ],
    "reachable_wire_length": [
        7121.208292555319,
        7121.208292555319,
        7121.208292555319,
        [
            728.0291077986019,
            728.0291077986019,
            7121.208292555319,
            7121.208292555319,
            7121.208292555319,
            7121.208292555319
        ],
        6290.094998536944
    ],
    "unreachable_wire_length": [
        728.0291077986019,
        728.0291077986019,
        728.0291077986019,
        [
            728.0291077986019,
            728.0291077986019,
            728.0291077986019,
            728.0291077986019,
            7121.208292555319,
            7121.208292555319
        ],
        1559.1424018169744
    ],
    "reachable_jumper_length": [
        67.57148993079423,
        67.57148993079423,
        67.57148993079423,
        [
            0.0,
            0.0,
            67.57148993079423,
            67.57148993079423,
            67.57148993079423,
            67.57148993079423
        ],
        58.787196239790966
    ],
    "unreachable_jumper_length": [
        0.0,
        0.0,
        0.0,
        [
            0.0,
            0.0,
            0.0,
            0.0,
            67.57148993079423,
            67.57148993079423
        ],
        8.78429369100325
    ],
    "reachable_jumper_count": [
        5.0,
        5.0,
        5.0,
        [
            0.0,
            0.0,
            5.0,
            5.0,
            5.0,
            5.0
        ],
        4.35
    ],
    "unreachable_jumper_count": [
        0.0,
        0.0,
        0.0,
        [
            0.0,
            0.0,
            0.0,
            0.0,
            5.0,
            5.0
        ],
        0.65
    ],
    "shortest_path": {
        "percent_useful_node_count": [
            0.5714285714285714,
            0.5714285714285714,
            0.5714285714285714,
            [
                0.05714285714285714,
                0.07142857142857142,
                0.5571428571428572,
                0.5857142857142857,
                0.6,
                0.6007142857142856
            ],
            0.5082857142857142
        ],
        "percent_useful_wire_length": 57.13099098512287,
        "percent_reachable_sensors": 0.38465,
        "percent_useful_jumper_count": [
            1.0,
            1.0,
            1.0,
            [
                0.0,
                0.0,
                1.0,
                1.0,
                1.0,
                1.0
            ],
            0.848
        ],
        "percent_useful_jumper_length": [
            0.4,
            0.4,
            0.6,
            [
                0.0,
                0.0,
                0.4,
                0.6,
                0.6,
                0.6
            ],
            0.434
        ],
        "percent_unreachable_bc_short_jumper": 0.51885,
        "percent_multiroute_reached_nodes": [
            0.5,
            0.5,
            0.5,
            [
                0.46511627906976744,
                0.475,
                0.4878048780487805,
                0.55,
                0.75,
                0.8
            ],
            0.5477552116797347
        ],
        "path_length_max": [
            1935.4506531535555,
            1886.2648551460284,
            1935.4506531535555
        ],
        "path_length_avg": [
            735.9519784404242,
            731.4480965621203,
            740.171611635941,
            [
                206.02145847111302,
                297.288238669866,
                499.0790179865762,
                977.7190368570193,
                1221.9624042515272,
                1381.1743787305295
            ],
            752.453817194653
        ],
        "path_node_count_max": [
            15.0,
            15.0,
            15.0
        ],
        "path_node_count_avg": [
            5.0,
            5.0,
            5.0,
            [
                1.0,
                2.0,
                3.0,
                7.0,
                9.0,
                11.0
            ],
            5.415364617184453
        ],
        "path_jumper_count_max": [
            2.0,
            2.0,
            2.0
        ],
        "path_jumper_count_avg": [
            1.0,
            1.0,
            1.0,
            [
                0.0,
                0.0,
                0.0,
                1.0,
                1.0,
                2.0
            ],
            0.6696477317041466
        ],
        "path_sensor_jumper_length_max": [
            39.99827902723504,
            39.994104400519966,
            39.99827902723504
        ],
        "path_sensor_jumper_length_avg": [
            18.107811455760693,
            17.91505308181874,
            18.293903791429734,
            [
                1.6829024788980413,
                3.4011564495036857,
                8.692826659718238,
                28.473889108570614,
                35.28114251853675,
                37.67901871473191
            ],
            18.75935657637085
        ],
        "path_router_node_branches_max": [
            2.0,
            2.0,
            2.0
        ],
        "path_router_node_branches_avg": [
            2.0,
            2.0,
            2.0,
            [
                2.0,
                2.0,
                2.0,
                2.0,
                2.0,
                2.0
            ],
            2.0
        ],
        "graph_max_wire_length": [
            1327.4223829569896,
            1248.788274050902,
            1401.3692792472973,
            [
                458.2922739741576,
                527.7247015867802,
                1150.7092931898287,
                1538.960809249275,
                1743.3959883126568,
                1813.0392216517303
            ],
            1277.842849035161
        ],
        "graph_avg_wire_length": [
            729.5154419629325,
            694.6760540505067,
            758.7720546658174,
            [
                285.3677464542753,
                314.56528960553345,
                663.2156221115072,
                830.2528016659322,
                982.9320326603226,
                1124.958504721036
            ],
            730.8741184188713
        ],
        "graph_max_node_count": [
            12.0,
            11.0,
            12.0,
            [
                4.0,
                4.9,
                10.0,
                13.25,
                15.0,
                15.0
            ],
            11.23
        ],
        "graph_avg_node_count": [
            6.0,
            5.783333333333333,
            6.2,
            [
                2.6,
                2.96,
                5.6,
                6.616666666666666,
                8.116666666666667,
                8.985
            ],
            5.997500000000001
        ],
        "graph_max_jumper_count": [
            2.0,
            1.0,
            2.0,
            [
                0.0,
                0.0,
                1.0,
                2.0,
                2.0,
                2.0
            ],
            1.42
        ],