{
    "total_wire_length": 14891.713946609827,
    "total_jumper_length": 428.8051902606251,
    "total_jumper_count": 21,
    "center_node_count": 124,
    "edge_node_count": 76,
    "total_node_count": 200,
    "reachable_node_count": [
        200.0,
        200.0,
        200.0,
        [
            200.0,
            200.0,
            200.0,
            200.0,
            200.0,
            200.0
        ],
        200.0
    ],
    "unreachable_node_count": [
        0.0,
        0.0,
        0.0,
        [
            0.0,
            0.0,
            0.0,
            0.0,
            0.0,
            0.0
        ],
        0.0
    ],
    "reachable_wire_length": [
        14891.713946609825,
        14891.713946609825,
        14891.713946609825,
        [
            14891.713946609825,
            14891.713946609825,
            14891.713946609825,
            14891.713946609825,
            14891.713946609825,
            14891.713946609825
        ],
        14891.713946609822
    ],
    "unreachable_wire_length": [
        0.0,
        0.0,
        0.0,
        [
            0.0,
            0.0,
            0.0,
            0.0,
            0.0,
            0.0
        ],
        0.0
    ],
    "reachable_jumper_length": [
        428.8051902606251,
        428.8051902606251,
        428.8051902606251,
        [
            428.8051902606251,
            428.8051902606251,
            428.8051902606251,
            428.8051902606251,
            428.8051902606251,
            428.8051902606251
        ],
        428.80519026062507
    ],
    "unreachable_jumper_length": [
        0.0,
        0.0,
        0.0,
        [
            0.0,
            0.0,
            0.0,
            0.0,
            0.0,
            0.0
        ],
        0.0
    ],
    "reachable_jumper_count": [
        21.0,
        21.0,
        21.0,
        [
            21.0,
            21.0,
            21.0,
            21.0,
            21.0,
            21.0
        ],
        21.0
    ],
    "unreachable_jumper_count": [
        0.0,
        0.0,
        0.0,
        [
            0.0,
            0.0,
            0.0,
            0.0,
            0.0,
            0.0
        ],
        0.0
    ],
    "shortest_path": {
        "percent_useful_node_count": [
            0.775,
            0.77,
            0.7775000000000001,
            [
                0.74975,
                0.755,
                0.765,
                0.785,
                0.79,
                0.795
            ],
            0.7731000000000001
        ],
        "percent_useful_wire_length": 66.46401293122653,
        "percent_reachable_sensors": 0.83899,
        "percent_useful_jumper_count": [
            0.8095238095238095,
            0.8095238095238095,
            0.8571428571428571,
            [
                0.7142857142857143,
                0.7619047619047619,
                0.8095238095238095,
                0.8571428571428571,
                0.9047619047619048,
                0.907142857142857
            ],
            0.830952380952381
        ],
        "percent_useful_jumper_length": [
            0.19047619047619047,
            0.14285714285714285,
            0.19047619047619047,
            [
                0.14285714285714285,
                0.14285714285714285,
                0.14285714285714285,
                0.19047619047619047,
                0.23809523809523808,
                0.23809523809523808
            ],
            0.17857142857142855
        ],
        "percent_unreachable_bc_short_jumper": 0.16101,
        "percent_multiroute_reached_nodes": [
            0.3870967741935484,
            0.379873417721519,
            0.3928526249209361,
            [
                0.35636942675159233,
                0.36075949367088606,
                0.3705023832623276,
                0.4055344718532574,
                0.4190652435875366,
                0.42603930784020505
            ],
            0.3888317883937327
        ],
        "path_length_max": [
            2189.089877077638,
            2172.772975306905,
            2189.089877077638
        ],
        "path_length_avg": [
            692.099775673242,
            689.515317889409,
            694.4097195022138,
            [
                212.51431511638378,
                294.82986650051214,
                479.22949401466974,
                943.2694263246842,
                1209.263501661461,
                1378.8312228030995
            ],
            730.9448208943694
        ],
        "path_node_count_max": [
            35.0,
            34.0,
            35.0
        ],
        "path_node_count_avg": [
            10.0,
            10.0,
            11.0,
            [
                2.0,
                4.0,
                7.0,
                15.0,
                19.0,
                22.0
            ],
            11.168309515012098
        ],
        "path_jumper_count_max": [
            6.0,
            6.0,
            6.0
        ],
        "path_jumper_count_avg": [
            1.0,
            1.0,
            1.0,
            [
                0.0,
                0.0,
                1.0,
                2.0,
                3.0,
                4.0
            ],
            1.3547479707743835
        ],
        "path_sensor_jumper_length_max": [
            39.99842639685089,
            39.99433498886505,
            39.99842639685089
        ],
        "path_sensor_jumper_length_avg": [
            15.671267349267099,
            15.558486957944826,
            15.789558450799898,
            [
                1.3860337549574486,
                2.7785825811223615,
                7.276959833757896,
                25.88322425931732,
                33.61148245971948,
                36.56190901337535
            ],
            16.985747727952475
        ],
        "path_router_node_branches_max": [
            2.0,
            2.0,
            2.0
        ],
        "path_router_node_branches_avg": [
            2.0,
            2.0,
            2.0,
            [
                2.0,
                2.0,
                2.0,
                2.0,
                2.0,
                2.0
            ],
            2.0
        ],
        "graph_max_wire_length": [
            1443.081870308665,
            1395.5685604353753,
            1487.3854334115154,
            [
                1192.3234292164213,
                1235.2073538605812,
                1310.8546795935836,
                1652.2525561354455,
                1965.311228866709,
                2077.2959989271617
            ],
            1515.3265984335053
        ],
        "graph_avg_wire_length": [
            649.7226431140327,
            627.9892451997725,
            689.0854641198164,
            [
                558.0700885203761,
                572.8015290400389,
                596.0525022397733,
                768.9832969345442,
                941.0266791274397,
                1056.9751880475046
            ],
            708.7963879391394
        ],
        "graph_max_node_count": [
            25.0,
            23.5,
            26.0,
            [
                20.0,
                20.0,
                22.0,
                28.0,
                32.0,
                33.0
            ],
            25.29
        ],
        "graph_avg_node_count": [
            10.66120218579235,
            10.32965715655718,
            11.123480243161094,
            [
                9.08865278305888,
                9.343634992458522,
                9.755902528515595,
                13.013313609467456,
                15.286733912155265,
                16.815028901734102
            ],
            11.561633076072596
        ],