{
    "total_wire_length": 7322.249374683772,
    "total_jumper_length": 6.847066811064514,
    "total_jumper_count": 1,
    "center_node_count": 30,
    "edge_node_count": 34,
    "total_node_count": 64,
    "reachable_node_count": [
        18.0,
        14.0,
        18.0,
        [
            14.0,
            14.0,
            14.0,
            18.0,
            18.0,
            18.0
        ],
        16.16
    ],
    "unreachable_node_count": [
        46.0,
        46.0,
        50.0,
        [
            46.0,
            46.0,
            46.0,
            50.0,
            50.0,
            50.0
        ],
        47.84
    ],
    "reachable_wire_length": [
        2165.6789142817174,
        1475.5463921943513,
        2165.6789142817174,
        [
            1350.658989621149,
            1350.658989621149,
            1350.658989621149,
            2330.3650785865534,
            2330.3650785865534,
            2330.3650785865534
        ],
        1860.2124938148022
    ],
    "unreachable_wire_length": [
        5156.570460402053,
        5156.570460402053,
        5846.70298248942,
        [
            4991.884296097217,
            4991.884296097217,
            4991.884296097217,
            5971.590385062622,
            5971.590385062622,
            5971.590385062622
        ],
        5462.036880868968
    ],
    "reachable_jumper_length": [
        0.0,
        0.0,
        0.0,
        [
            0.0,
            0.0,
            0.0,
            0.0,
            6.847066811064514,
            6.847066811064514
        ],
        1.3694133622129028
    ],
    "unreachable_jumper_length": [
        6.847066811064514,
        6.847066811064514,
        6.847066811064514,
        [
            0.0,
            0.0,
            6.847066811064514,
            6.847066811064514,
            6.847066811064514,
            6.847066811064514
        ],
        5.477653448851613
    ],
    "reachable_jumper_count": [
        0.0,
        0.0,
        0.0,
        [
            0.0,
            0.0,
            0.0,
            0.0,
            1.0,
            1.0
        ],
        0.2
    ],
    "unreachable_jumper_count": [
        1.0,
        1.0,
        1.0,
        [
            0.0,
            0.0,
            1.0,
            1.0,
            1.0,
            1.0
        ],
        0.8
    ],
    "shortest_path": {
        "percent_useful_node_count": [
            0.140625,
            0.125,
            0.140625,
            [
                0.09375,
                0.09375,
                0.109375,
                0.140625,
                0.15625,
                0.15625
            ],
            0.1275
        ],
        "percent_useful_wire_length": 15.588376071668335,
        "percent_reachable_sensors": 0.07091,
        "percent_useful_jumper_count": [
            0.0,
            0.0,
            0.0,
            [
                0.0,
                0.0,
                0.0,
                0.0,
                1.0,
                1.0
            ],
            0.19
        ],
        "percent_useful_jumper_length": [
            0.0,
            0.0,
            0.0,
            [
                0.0,
                0.0,
                0.0,
                0.0,
                0.0,
                0.0
            ],
            0.0
        ],
        "percent_unreachable_bc_short_jumper": 0.72546,
        "percent_multiroute_reached_nodes": [
            0.7777777777777778,
            0.7638888888888888,
            0.7777777777777778,
            [
                0.6666666666666666,
                0.7,
                0.7,
                0.8571428571428571,
                1.0,
                1.0
            ],
            0.7962723665223667
        ],
        "path_length_max": [
            1006.81998900507,
            978.0534265228173,
            1006.81998900507
        ],
        "path_length_avg": [
            387.96375520956053,
            381.2438300774471,
            395.9790381681066,
            [
                122.59763820179202,
                153.64119727437676,
                236.42165481493063,
                534.7253005042082,
                665.0134087786992,
                748.2580324964686
            ],
            400.26222541232846
        ],
        "path_node_count_max": [
            7.0,
            7.0,
            7.0
        ],
        "path_node_count_avg": [
            2.0,
            2.0,
            2.0,
            [
                1.0,
                1.0,
                1.0,
                3.0,
                4.0,
                5.0
            ],
            2.35791848822451
        ],
        "path_jumper_count_max": [
            1.0,
            1.0,
            1.0
        ],
        "path_jumper_count_avg": [
            0.0,
            0.0,
            0.0,
            [
                0.0,
                0.0,
                0.0,
                0.0,
                0.0,
                0.0
            ],
            0.021999717952333943
        ],
        "path_sensor_jumper_length_max": [
            19.999246710743517,
            19.995160285601866,
            19.999246710743517
        ],
        "path_sensor_jumper_length_avg": [
            9.420913955495529,
            9.212034427282502,
            9.649969525291642,
            [
                0.900587449975316,
                1.8391916771805052,
                4.638895257404345,
                14.548317178117568,
                17.82624165826163,
                18.893626007119906
            ],
            9.631452253415745
        ],
        "path_router_node_branches_max": [
            2.0,
            2.0,
            2.0
        ],
        "path_router_node_branches_avg": [
            2.0,
            2.0,
            2.0,
            [
                2.0,
                2.0,
                2.0,
                2.0,
                2.0,
                2.0
            ],
            2.0
        ],
        "graph_max_wire_length": [
            718.3758344992438,
            677.1149838391588,
            740.2179504306207,
            [
                499.2260464541828,
                537.5364395478891,
                633.2733884240904,
                830.1536037148085,
                940.280686363392,
                969.9762317016645
            ],
            729.9589317502073
        ],
        "graph_avg_wire_length": [
            410.8613452587205,
            393.3687646563033,
            435.66792070131334,
            [
                304.5385566162836,
                327.5861051321825,
                374.3149415444404,
                466.54690023216693,
                542.9412979555459,
                576.8473187787716
            ],
            425.7060363996962
        ],
        "graph_max_node_count": [
            5.0,
            5.0,
            5.0,
            [
                4.0,
                4.0,
                5.0,
                6.0,
                6.0,
                7.0
            ],
            5.33
        ],
        "graph_avg_node_count": [
            3.142857142857143,
            3.0,
            3.2777777777777777,
            [
                2.7142857142857144,
                2.7714285714285714,
                2.986111111111111,
                3.4583333333333335,
                3.8444444444444454,
                4.166666666666667
            ],
            3.2425396825396833
        ],
        "graph_max_jumper_count": [
            0.0,
            0.0,
            0.0,
            [
                0.0,
                0.0,
                0.0,
                0.0,
                1.0,
                1.0
            ],
            0.19
        ],