{
    "total_wire_length": 26826.12903184686,
    "total_jumper_length": 483.05738292520044,
    "total_jumper_count": 29,
    "center_node_count": 225,
    "edge_node_count": 99,
    "total_node_count": 324,
    "reachable_node_count": [
        324.0,
        324.0,
        324.0,
        [
            324.0,
            324.0,
            324.0,
            324.0,
            324.0,
            324.0
        ],
        324.0
    ],
    "unreachable_node_count": [
        0.0,
        0.0,
        0.0,
        [
            0.0,
            0.0,
            0.0,
            0.0,
            0.0,
            0.0
        ],
        0.0
    ],
    "reachable_wire_length": [
        26826.129031846853,
        26826.129031846853,
        26826.129031846853,
        [
            26826.129031846853,
            26826.129031846853,
            26826.129031846853,
            26826.129031846853,
            26826.129031846853,
            26826.129031846853
        ],
        26826.12903184685
    ],
    "unreachable_wire_length": [
        0.0,
        0.0,
        0.0,
        [
            0.0,
            0.0,
            0.0,
            0.0,
            0.0,
            0.0
        ],
        0.0
    ],
    "reachable_jumper_length": [
        483.05738292520044,
        483.05738292520044,
        483.05738292520044,
        [
            483.05738292520044,
            483.05738292520044,
            483.05738292520044,
            483.05738292520044,
            483.05738292520044,
            483.05738292520044
        ],
        483.05738292520056
    ],
    "unreachable_jumper_length": [
        0.0,
        0.0,
        0.0,
        [
            0.0,
            0.0,
            0.0,
            0.0,
            0.0,
            0.0
        ],
        0.0
    ],
    "reachable_jumper_count": [
        29.0,
        29.0,
        29.0,
        [
            29.0,
            29.0,
            29.0,
            29.0,
            29.0,
            29.0
        ],
        29.0
    ],
    "unreachable_jumper_count": [
        0.0,
        0.0,
        0.0,
        [
            0.0,
            0.0,
            0.0,
            0.0,
            0.0,
            0.0
        ],
        0.0
    ],
    "shortest_path": {
        "percent_useful_node_count": [
            0.7962962962962963,
            0.7932098765432098,
            0.7993827160493827,
            [
                0.7621913580246914,
                0.7685185185185185,
                0.7862654320987654,
                0.8055555555555556,
                0.8148148148148148,
                0.8179012345679012
            ],
            0.7938271604938271
        ],
        "percent_useful_wire_length": 65.75892275788253,
        "percent_reachable_sensors": 0.84308,
        "percent_useful_jumper_count": [
            0.7586206896551724,
            0.7241379310344828,
            0.7586206896551724,
            [
                0.5844827586206897,
                0.5862068965517241,
                0.6551724137931034,
                0.7931034482758621,
                0.8275862068965517,
                0.8293103448275861
            ],
            0.7241379310344827
        ],
        "percent_useful_jumper_length": [
            0.13793103448275862,
            0.10344827586206896,
            0.13793103448275862,
            [
                0.10344827586206896,
                0.10344827586206896,
                0.10344827586206896,
                0.13793103448275862,
                0.1724137931034483,
                0.1724137931034483
            ],
            0.12862068965517243
        ],
        "percent_unreachable_bc_short_jumper": 0.15692,
        "percent_multiroute_reached_nodes": [
            0.3359073359073359,
            0.33201581027667987,
            0.33725490196078434,
            [
                0.3088059432417409,
                0.314785321646115,
                0.32531812198332605,
                0.34531068524970965,
                0.3593925561797753,
                0.3700862535312857
            ],
            0.33586750184244074
        ],
        "path_length_max": [
            2900.6459284268835,
            2876.361326409247,
            2900.6459284268835
        ],
        "path_length_avg": [
            950.2732587388859,
            945.9973396106235,
            954.8317262016067,
            [
                276.41894028898474,
                388.0421926082523,
                635.8043822175304,
                1349.5778687221803,
                1696.0346243731874,
                1891.9936729650622
            ],
            1008.6366475677912
        ],
        "path_node_count_max": [
            43.0,
            43.0,
            43.0
        ],
        "path_node_count_avg": [
            13.0,
            13.0,
            13.0,
            [
                3.0,
                5.0,
                9.0,
                20.0,
                25.0,
                28.0
            ],
            14.285394031408645
        ],
        "path_jumper_count_max": [
            6.0,
            5.0,
            6.0
        ],
        "path_jumper_count_avg": [
            1.0,
            1.0,
            1.0,
            [
                0.0,
                0.0,
                1.0,
                2.0,
                2.0,
                3.0
            ],
            1.0869786971580395
        ],
        "path_sensor_jumper_length_max": [
            39.99996058364802,
            39.9960025180787,
            39.99996058364802
        ],
        "path_sensor_jumper_length_avg": [
            15.694148168061092,
            15.579982910378286,
            15.823586868092804,
            [
                1.3689376564221425,
                2.7944270150790063,
                7.292281140431674,
                25.855190976045154,
                33.57252494880772,
                36.6190764024209
            ],
            16.98264974574071
        ],
        "path_router_node_branches_max": [
            2.0,
            2.0,
            2.0
        ],
        "path_router_node_branches_avg": [
            2.0,
            2.0,
            2.0,
            [
                2.0,
                2.0,
                2.0,
                2.0,
                2.0,
                2.0
            ],
            2.0
        ],
        "graph_max_wire_length": [
            2086.851479002932,
            1966.943701472854,
            2146.1289941266505,
            [
                1613.150096460426,
                1721.908223522389,
                1838.1042560485475,
                2243.3472009770835,
                2399.7904235819597,
                2604.255384270895
            ],
            2069.3316984946027
        ],
        "graph_avg_wire_length": [
            946.8148341746004,
            898.1255955020374,
            1015.9808941677431,
            [
                774.4713546660146,
                795.3967279567603,
                851.5395399224418,
                1118.7443739379487,
                1298.8760166800862,
                1354.7344403976774
            ],
            1004.1012097694933
        ],
        "graph_max_node_count": [
            32.0,
            31.0,
            33.0,
            [
                25.0,
                26.9,
                28.0,
                35.0,
                38.0,
                40.099999999999994
            ],
            32.16
        ],
        "graph_avg_node_count": [
            14.344827586206897,
            13.330188679245284,
            15.3411933981389,
            [
                11.406404380691626,
                11.835849056603774,
                12.692109777015437,
                16.56197429906542,
                19.335015772870662,
                20.055598997746614
            ],
            15.031399375146593
        ],