{
    "total_wire_length": 11334.85769315911,
    "total_jumper_length": 903.6050197499371,
    "total_jumper_count": 26,
    "center_node_count": 96,
    "edge_node_count": 62,
    "total_node_count": 158,
    "reachable_node_count": [
        158.0,
        158.0,
        158.0,
        [
            158.0,
            158.0,
            158.0,
            158.0,
            158.0,
            158.0
        ],
        158.0
    ],
    "unreachable_node_count": [
        0.0,
        0.0,
        0.0,
        [
            0.0,
            0.0,
            0.0,
            0.0,
            0.0,
            0.0
        ],
        0.0
    ],
    "reachable_wire_length": [
        11334.857693159109,
        11334.857693159109,
        11334.857693159109,
        [
            11334.857693159109,
            11334.857693159109,
            11334.857693159109,
            11334.857693159109,
            11334.857693159109,
            11334.857693159109
        ],
        11334.857693159105
    ],
    "unreachable_wire_length": [
        0.0,
        0.0,
        0.0,
        [
            0.0,
            0.0,
            0.0,
            0.0,
            0.0,
            0.0
        ],
        0.0
    ],
    "reachable_jumper_length": [
        903.605019749937,
        903.605019749937,
        903.605019749937,
        [
            903.605019749937,
            903.605019749937,
            903.605019749937,
            903.605019749937,
            903.605019749937,
            903.605019749937
        ],
        903.6050197499372
    ],
    "unreachable_jumper_length": [
        0.0,
        0.0,
        0.0,
        [
            0.0,
            0.0,
            0.0,
            0.0,
            0.0,
            0.0
        ],
        0.0
    ],
    "reachable_jumper_count": [
        26.0,
        26.0,
        26.0,
        [
            26.0,
            26.0,
            26.0,
            26.0,
            26.0,
            26.0
        ],
        26.0
    ],
    "unreachable_jumper_count": [
        0.0,
        0.0,
        0.0,
        [
            0.0,
            0.0,
            0.0,
            0.0,
            0.0,
            0.0
        ],
        0.0
    ],
    "shortest_path": {
        "percent_useful_node_count": [
            0.8227848101265823,
            0.8164556962025317,
            0.8227848101265823,
            [
                0.7911392405063291,
                0.7974683544303798,
                0.810126582278481,
                0.8291139240506329,
                0.8354430379746836,
                0.8417721518987342
            ],
            0.8181645569620253
        ],
        "percent_useful_wire_length": 72.52461432272393,
        "percent_reachable_sensors": 0.99968,
        "percent_useful_jumper_count": [
            0.7307692307692307,
            0.6923076923076923,
            0.7307692307692307,
            [
                0.6519230769230769,
                0.6538461538461539,
                0.6923076923076923,
                0.7692307692307693,
                0.8076923076923077,
                0.8076923076923077
            ],
            0.7250000000000001
        ],
        "percent_useful_jumper_length": [
            0.19230769230769232,
            0.15384615384615385,
            0.19230769230769232,
            [
                0.11538461538461539,
                0.11538461538461539,
                0.15384615384615385,
                0.19230769230769232,
                0.23076923076923078,
                0.23076923076923078
            ],
            0.17961538461538462
        ],
        "percent_unreachable_bc_short_jumper": 0.00032,
        "percent_multiroute_reached_nodes": [
            0.35384615384615387,
            0.3501756936871441,
            0.35743321718931476,
            [
                0.3181642001409443,
                0.328125,
                0.3410412262156448,
                0.36153846153846153,
                0.3739899460063303,
                0.3829900568181818
            ],
            0.3519674058044949
        ],
        "path_length_max": [
            1315.0691753780754,
            1275.4559943749114,
            1315.0691753780754
        ],
        "path_length_avg": [
            576.9088448988514,
            575.0115887252817,
            578.6586097541618,
            [
                201.18378188489982,
                270.5581923283187,
                410.5043974281449,
                723.8986335369373,
                849.2668908315013,
                917.9787078519838
            ],
            568.1637324779272
        ],
        "path_node_count_max": [
            19.0,
            19.0,
            19.0
        ],
        "path_node_count_avg": [
            8.0,
            8.0,
            8.0,
            [
                2.0,
                3.0,
                5.0,
                10.0,
                12.0,
                13.0
            ],
            7.918663972471191
        ],
        "path_jumper_count_max": [
            6.0,
            5.0,
            6.0
        ],
        "path_jumper_count_avg": [
            1.0,
            1.0,
            1.0,
            [
                0.0,
                0.0,
                0.0,
                1.0,
                2.0,
                2.0
            ],
            0.8755901888604354
        ],
        "path_sensor_jumper_length_max": [
            79.58662674981153,
            79.18686644118502,
            79.58662674981153
        ],
        "path_sensor_jumper_length_avg": [
            19.538258425741475,
            19.372073837542935,
            19.686666620302486,
            [
                1.6804287141128307,
                3.383655447350926,
                8.92109868239658,
                33.51710932416627,
                45.95635167421415,
                52.26032384385348
            ],
            22.380808819349138
        ],
        "path_router_node_branches_max": [
            3.0,
            2.0,
            3.0
        ],
        "path_router_node_branches_avg": [
            2.0,
            2.0,
            2.0,
            [
                2.0,
                2.0,
                2.0,
                2.0,
                2.0,
                2.0
            ],
            2.0454545454545454
        ],
        "graph_max_wire_length": [
            1005.3298830578581,
            974.0398512796523,
            1022.3104307685721,
            [
                832.4744708039688,
                851.7541320476249,
                932.2786119188985,
                1063.9015840426416,
                1132.7967701362572,
                1191.0589113771516
            ],
            998.7843450144815
        ],
        "graph_avg_wire_length": [
            545.8638803822047,
            533.2398157910501,
            566.4294986303297,
            [
                482.8392813570423,
                487.5881236209747,
                513.066207397274,
                611.5903772978438,
                649.1884345266741,
                663.4275421498447
            ],
            562.1626960541906
        ],
        "graph_max_node_count": [
            16.0,
            15.4875,
            16.0,
            [
                13.0,
                14.0,
                14.0,
                17.0,
                18.10000000000001,
                19.0
            ],
            15.79
        ],
        "graph_avg_node_count": [
            8.469644334160463,
            8.253044593364773,
            8.873337095863903,
            [
                7.570851810045957,
                7.635906635491414,
                7.916666666666667,
                9.409810126582279,
                10.196327501410948,
                10.753164556962025
            ],
            8.76888088361584
        ],