{
    "total_wire_length": 28413.071998079875,
    "total_jumper_length": 165.60835877118583,
    "total_jumper_count": 28,
    "center_node_count": 946,
    "edge_node_count": 146,
    "total_node_count": 1092,
    "reachable_node_count": [
        1092.0,
        1092.0,
        1092.0,
        [
            1092.0,
            1092.0,
            1092.0,
            1092.0,
            1092.0,
            1092.0
        ],
        1092.0
    ],
    "unreachable_node_count": [
        0.0,
        0.0,
        0.0,
        [
            0.0,
            0.0,
            0.0,
            0.0,
            0.0,
            0.0
        ],
        0.0
    ],
    "reachable_wire_length": [
        28413.071998079868,
        28413.071998079868,
        28413.071998079868,
        [
            28413.071998079868,
            28413.071998079868,
            28413.071998079868,
            28413.071998079868,
            28413.071998079868,
            28413.071998079868
        ],
        28413.071998079868
    ],
    "unreachable_wire_length": [
        0.0,
        0.0,
        0.0,
        [
            0.0,
            0.0,
            0.0,
            0.0,
            0.0,
            0.0
        ],
        0.0
    ],
    "reachable_jumper_length": [
        165.60835877118586,
        165.60835877118586,
        165.60835877118586,
        [
            165.60835877118586,
            165.60835877118586,
            165.60835877118586,
            165.60835877118586,
            165.60835877118586,
            165.60835877118586
        ],
        165.60835877118592
    ],
    "unreachable_jumper_length": [
        0.0,
        0.0,
        0.0,
        [
            0.0,
            0.0,
            0.0,
            0.0,
            0.0,
            0.0
        ],
        0.0
    ],
    "reachable_jumper_count": [
        28.0,
        28.0,
        28.0,
        [
            28.0,
            28.0,
            28.0,
            28.0,
            28.0,
            28.0
        ],
        28.0
    ],
    "unreachable_jumper_count": [
        0.0,
        0.0,
        0.0,
        [
            0.0,
            0.0,
            0.0,
            0.0,
            0.0,
            0.0
        ],
        0.0
    ],
    "shortest_path": {
        "percent_useful_node_count": [
            0.8021978021978022,
            0.7994505494505495,
            0.8058608058608059,
            [
                0.7838369963369963,
                0.7857142857142857,
                0.793040293040293,
                0.8131868131868132,
                0.8205128205128205,
                0.8260531135531135
            ],
            0.8031959706959707
        ],
        "percent_useful_wire_length": 59.57791594483861,
        "percent_reachable_sensors": 0.84808,
        "percent_useful_jumper_count": [
            0.6785714285714286,
            0.6428571428571429,
            0.7142857142857143,
            [
                0.5,
                0.5357142857142857,
                0.6071428571428571,
                0.7142857142857143,
                0.75,
                0.7857142857142857
            ],
            0.6610714285714284
        ],
        "percent_useful_jumper_length": [
            0.07142857142857142,
            0.07142857142857142,
            0.07142857142857142,
            [
                0.03571428571428571,
                0.03571428571428571,
                0.07142857142857142,
                0.07142857142857142,
                0.07142857142857142,
                0.07142857142857142
            ],
            0.06357142857142856
        ],
        "percent_unreachable_bc_short_jumper": 0.15192,
        "percent_multiroute_reached_nodes": [
            0.2091186594791193,
            0.20726731661760645,
            0.2126666257141102,
            [
                0.18821283199442956,
                0.19097979952029062,
                0.200238167629472,
                0.22010449228191165,
                0.2296131942303636,
                0.23710110123104217
            ],
            0.21045438430393595
        ],
        "path_length_max": [
            1138.0531751321712,
            1120.866024162521,
            1138.0531751321712
        ],
        "path_length_avg": [
            431.8911332630769,
            429.6627341354398,
            433.9210065173961,
            [
                126.59750749510165,
                177.45258013234618,
                281.1445680433854,
                602.0504453142182,
                738.4869755452047,
                815.0008139592268
            ],
            446.9501408066104
        ],
        "path_node_count_max": [
            59.0,
            59.0,
            59.0
        ],
        "path_node_count_avg": [
            23.0,
            22.0,
            23.0,
            [
                6.0,
                9.0,
                14.0,
                32.0,
                39.0,
                43.0
            ],
            23.412543627959625
        ],
        "path_jumper_count_max": [
            7.0,
            7.0,
            7.0
        ],
        "path_jumper_count_avg": [
            1.0,
            1.0,
            1.0,
            [
                0.0,
                0.0,
                0.0,
                2.0,
                2.0,
                3.0
            ],
            1.0151636638053014
        ],
        "path_sensor_jumper_length_max": [
            9.999886904265967,
            9.999278483106202,
            9.999886904265967
        ],
        "path_sensor_jumper_length_avg": [
            3.9225240465130815,
            3.890572391664383,
            3.9508850711069328,
            [
                0.35007645129968606,
                0.6987274943206866,
                1.8429062465486092,
                6.479130325563921,
                8.418649982633926,
                9.179143358905716
            ],
            4.259433213809027
        ],
        "path_router_node_branches_max": [
            3.0,
            2.0,
            3.0
        ],
        "path_router_node_branches_avg": [
            2.0,
            2.0,
            2.0,
            [
                2.0,
                2.0,
                2.0,
                2.0,
                2.0,
                2.0
            ],
            2.005181347150259
        ],
        "graph_max_wire_length": [
            893.6857184077769,
            866.3240208869491,
            915.9730374414058,
            [
                667.9562187682345,
                709.5623186429494,
                778.6486433803295,
                947.1987797138798,
                1039.6243885202364,
                1070.9969022202256
            ],
            876.3535206718894
        ],
        "graph_avg_wire_length": [
            436.4547654102894,
            424.42878216200523,
            452.5827167839197,
            [
                337.1271449800888,
                361.7445948659827,
                396.8359888271638,
                479.96471368046286,
                513.1371002324713,
                552.2079034398225
            ],
            439.68446948720486
        ],
        "graph_max_node_count": [
            49.0,
            47.5,
            50.0,
            [
                38.0,
                39.0,
                44.0,
                52.0,
                57.0,
                59.0
            ],
            48.25
        ],
        "graph_avg_node_count": [
            23.55142954856361,
            23.084933251180942,
            24.14927651883482,
            [
                18.8416301864882,
                19.821231956804862,
                21.605630955088834,
                25.350720965791908,
                27.637785726959674,
                29.327001951506976
            ],
            23.732335220389356
        ],