{
    "total_wire_length": 44636.3154290741,
    "total_jumper_length": 537.9969974684831,
    "total_jumper_count": 53,
    "center_node_count": 743,
    "edge_node_count": 151,
    "total_node_count": 894,
    "reachable_node_count": [
        894.0,
        894.0,
        894.0,
        [
            894.0,
            894.0,
            894.0,
            894.0,
            894.0,
            894.0
        ],
        894.0
    ],
    "unreachable_node_count": [
        0.0,
        0.0,
        0.0,
        [
            0.0,
            0.0,
            0.0,
            0.0,
            0.0,
            0.0
        ],
        0.0
    ],
    "reachable_wire_length": [
        44636.3154290741,
        44636.3154290741,
        44636.3154290741,
        [
            44636.3154290741,
            44636.3154290741,
            44636.3154290741,
            44636.3154290741,
            44636.3154290741,
            44636.3154290741
        ],
        44636.315429074086
    ],
    "unreachable_wire_length": [
        0.0,
        0.0,
        0.0,
        [
            0.0,
            0.0,
            0.0,
            0.0,
            0.0,
            0.0
        ],
        0.0
    ],
    "reachable_jumper_length": [
        537.996997468483,
        537.996997468483,
        537.996997468483,
        [
            537.996997468483,
            537.996997468483,
            537.996997468483,
            537.996997468483,
            537.996997468483,
            537.996997468483
        ],
        537.996997468483
    ],
    "unreachable_jumper_length": [
        0.0,
        0.0,
        0.0,
        [
            0.0,
            0.0,
            0.0,
            0.0,
            0.0,
            0.0
        ],
        0.0
    ],
    "reachable_jumper_count": [
        53.0,
        53.0,
        53.0,
        [
            53.0,
            53.0,
            53.0,
            53.0,
            53.0,
            53.0
        ],
        53.0
    ],
    "unreachable_jumper_count": [
        0.0,
        0.0,
        0.0,
        [
            0.0,
            0.0,
            0.0,
            0.0,
            0.0,
            0.0
        ],
        0.0
    ],
    "shortest_path": {
        "percent_useful_node_count": [
            0.8104026845637584,
            0.8053691275167785,
            0.8148769574944071,
            [
                0.7897091722595079,
                0.7930648769574944,
                0.7997762863534675,
                0.8213087248322147,
                0.831096196868009,
                0.8322706935123043
            ],
            0.8110961968680088
        ],
        "percent_useful_wire_length": 61.29474486115563,
        "percent_reachable_sensors": 0.84571,
        "percent_useful_jumper_count": [
            0.5094339622641509,
            0.49056603773584906,
            0.5283018867924528,
            [
                0.3584905660377358,
                0.41320754716981134,
                0.4669811320754717,
                0.5471698113207547,
                0.5849056603773585,
                0.6037735849056604
            ],
            0.5013207547169811
        ],
        "percent_useful_jumper_length": [
            0.018867924528301886,
            0.018867924528301886,
            0.03773584905660377,
            [
                0.018867924528301886,
                0.018867924528301886,
                0.018867924528301886,
                0.03773584905660377,
                0.03773584905660377,
                0.03773584905660377
            ],
            0.02735849056603774
        ],
        "percent_unreachable_bc_short_jumper": 0.15429,
        "percent_multiroute_reached_nodes": [
            0.24719780219780219,
            0.24084507042253522,
            0.25523012552301255,
            [
                0.20237170596393897,
                0.20755296778403035,
                0.2212497732631961,
                0.26549876154459223,
                0.2822568258407648,
                0.28863865546218487
            ],
            0.2451043752325306
        ],
        "path_length_max": [
            3117.7426018149436,
            3089.007806530168,
            3117.7426018149436
        ],
        "path_length_avg": [
            863.928598148782,
            858.4846001184768,
            868.5313920255595,
            [
                226.57741734984978,
                316.1972892502208,
                526.7990134764527,
                1337.7927295268178,
                1786.9665643181263,
                2044.4138981044848
            ],
            975.2304900761961
        ],
        "path_node_count_max": [
            83.0,
            82.0,
            83.0
        ],
        "path_node_count_avg": [
            23.0,
            23.0,
            23.0,
            [
                5.0,
                8.0,
                14.0,
                35.0,
                48.0,
                55.0
            ],
            25.624079176076904
        ],
        "path_jumper_count_max": [
            8.0,
            8.0,
            8.0
        ],
        "path_jumper_count_avg": [
            1.0,
            1.0,
            1.0,
            [
                0.0,
                0.0,
                0.0,
                2.0,
                3.0,
                3.0
            ],
            1.1299145097019072
        ],
        "path_sensor_jumper_length_max": [
            19.999551051449703,
            19.998076106270695,
            19.999551051449703
        ],
        "path_sensor_jumper_length_avg": [
            7.880290399273443,
            7.821391418402084,
            7.953034480438282,
            [
                0.6971657238681087,
                1.3972325835830277,
                3.64384722075114,
                12.972286378233434,
                16.84149046867364,
                18.33225798244994
            ],
            8.522023091095674
        ],
        "path_router_node_branches_max": [
            2.0,
            2.0,
            2.0
        ],
        "path_router_node_branches_avg": [
            2.0,
            2.0,
            2.0,
            [
                2.0,
                2.0,
                2.0,
                2.0,
                2.0,
                2.0
            ],
            2.0
        ],
        "graph_max_wire_length": [
            2079.879410097382,
            1985.5895290359842,
            2180.692876440608,
            [
                1792.7739921851903,
                1804.9171889140523,
                1917.4164761868014,
                2499.1007915595137,
                2800.708973351787,
                3039.266913967193
            ],
            2212.0107255129287
        ],
        "graph_avg_wire_length": [
            854.1737763227759,
            824.7072898308307,
            910.6683946694695,
            [
                720.5635739138801,
                735.0179178288344,
                772.3619087067293,
                1014.7977711921803,
                1238.5534690653124,
                1428.2589671250676
            ],
            933.0034569192544
        ],
        "graph_max_node_count": [
            59.0,
            57.0,
            60.0,
            [
                50.0,
                51.9,
                54.0,
                68.0,
                77.20000000000002,
                84.0
            ],
            61.54
        ],
        "graph_avg_node_count": [
            22.938597248899093,
            22.13142174432497,
            24.270808909730363,
            [
                19.887774948531803,
                20.394172661870503,
                20.979541282398706,
                27.52462867188546,
                33.85976999972663,
                37.54498640679855
            ],
            25.233058091392326
        ],