{
    "total_wire_length": 67028.24345094648,
    "total_jumper_length": 1423.5265892371815,
    "total_jumper_count": 143,
    "center_node_count": 2229,
    "edge_node_count": 301,
    "total_node_count": 2530,
    "reachable_node_count": [
        2530.0,
        2530.0,
        2530.0,
        [
            2530.0,
            2530.0,
            2530.0,
            2530.0,
            2530.0,
            2530.0
        ],
        2530.0
    ],
    "unreachable_node_count": [
        0.0,
        0.0,
        0.0,
        [
            0.0,
            0.0,
            0.0,
            0.0,
            0.0,
            0.0
        ],
        0.0
    ],
    "reachable_wire_length": [
        67028.24345094645,
        67028.24345094645,
        67028.24345094645,
        [
            67028.24345094645,
            67028.24345094645,
            67028.24345094645,
            67028.24345094645,
            67028.24345094645,
            67028.24345094645
        ],
        67028.24345094642
    ],
    "unreachable_wire_length": [
        0.0,
        0.0,
        0.0,
        [
            0.0,
            0.0,
            0.0,
            0.0,
            0.0,
            0.0
        ],
        0.0
    ],
    "reachable_jumper_length": [
        1423.5265892371813,
        1423.5265892371813,
        1423.5265892371813,
        [
            1423.5265892371813,
            1423.5265892371813,
            1423.5265892371813,
            1423.5265892371813,
            1423.5265892371813,
            1423.5265892371813
        ],
        1423.5265892371813
    ],
    "unreachable_jumper_length": [
        0.0,
        0.0,
        0.0,
        [
            0.0,
            0.0,
            0.0,
            0.0,
            0.0,
            0.0
        ],
        0.0
    ],
    "reachable_jumper_count": [
        143.0,
        143.0,
        143.0,
        [
            143.0,
            143.0,
            143.0,
            143.0,
            143.0,
            143.0
        ],
        143.0
    ],
    "unreachable_jumper_count": [
        0.0,
        0.0,
        0.0,
        [
            0.0,
            0.0,
            0.0,
            0.0,
            0.0,
            0.0
        ],
        0.0
    ],
    "shortest_path": {
        "percent_useful_node_count": [
            0.7624505928853755,
            0.7594861660079051,
            0.7648221343873518,
            [
                0.7448814229249012,
                0.748102766798419,
                0.7553359683794466,
                0.7678853754940711,
                0.7745059288537549,
                0.7790909090909092
            ],
            0.7618102766798419
        ],
        "percent_useful_wire_length": 55.232591692440764,
        "percent_reachable_sensors": 0.97775,
        "percent_useful_jumper_count": [
            0.4125874125874126,
            0.40559440559440557,
            0.4195804195804196,
            [
                0.3356643356643357,
                0.34895104895104895,
                0.38461538461538464,
                0.4405594405594406,
                0.46153846153846156,
                0.46853146853146854
            ],
            0.4093006993006993
        ],
        "percent_useful_jumper_length": [
            0.03496503496503497,
            0.027972027972027972,
            0.03496503496503497,
            [
                0.02097902097902098,
                0.027272727272727275,
                0.027972027972027972,
                0.03496503496503497,
                0.04195804195804196,
                0.04195804195804196
            ],
            0.03216783216783217
        ],
        "percent_unreachable_bc_short_jumper": 0.02225,
        "percent_multiroute_reached_nodes": [
            0.23287673612224524,
            0.23033419023136248,
            0.23576687313800715,
            [
                0.1980069664312644,
                0.20039142412378688,
                0.21962186006269235,
                0.24632824096447928,
                0.25581237986898364,
                0.26483638706118184
            ],
            0.23171368832418907
        ],
        "path_length_max": [
            1381.8432114123784,
            1362.9258742448535,
            1381.8432114123784
        ],
        "path_length_avg": [
            649.0329737838003,
            646.6867802522457,
            651.4801838058746,
            [
                204.3950301960493,
                285.16817697311876,
                451.70707621273704,
                828.5519070924896,
                981.6677219904395,
                1064.4865068520492
            ],
            641.2858351306718
        ],
        "path_node_count_max": [
            73.0,
            71.0,
            73.0
        ],
        "path_node_count_avg": [
            33.0,
            33.0,
            33.0,
            [
                10.0,
                14.0,
                23.0,
                43.0,
                51.0,
                55.0
            ],
            32.87476348759908
        ],
        "path_jumper_count_max": [
            12.0,
            12.0,
            12.0
        ],
        "path_jumper_count_avg": [
            1.0,
            1.0,
            1.0,
            [
                0.0,
                0.0,
                0.0,
                1.0,
                2.0,
                4.0
            ],
            1.0791102019943748
        ],
        "path_sensor_jumper_length_max": [
            19.999286689795117,
            19.995470227817915,
            19.999286689795117
        ],
        "path_sensor_jumper_length_avg": [
            5.737154955733864,
            5.6902805980228,
            5.77925140116263,
            [
                0.4788918225709376,
                0.9756150801435738,
                2.569891958310878,
                10.35639088808918,
                14.807558725732362,
                16.874651843076737
            ],
            6.864733948069093
        ],
        "path_router_node_branches_max": [
            3.0,
            3.0,
            3.0
        ],
        "path_router_node_branches_avg": [
            2.0,
            2.0,
            2.0,
            [
                2.0,
                2.0,
                2.0,
                2.0,
                2.0,
                2.0
            ],
            2.0105263157894737
        ],
        "graph_max_wire_length": [
            1167.3048128480534,
            1131.8166940042988,
            1212.8816761970102,
            [
                976.6136430851994,
                998.2915632786937,
                1078.109435992388,
                1278.1961922418363,
                1321.8900630754983,
                1334.0441237015352
            ],
            1168.224048077172
        ],
        "graph_avg_wire_length": [
            618.2334126205362,
            597.5875144790157,
            648.2069321520426,
            [
                558.0590451405858,
                563.986826304373,
                578.5178459558539,
                691.0042885159913,
                743.6121126884794,
                751.1523446442094
            ],
            638.297630374246
        ],
        "graph_max_node_count": [
            62.0,
            59.5,
            64.5,
            [
                51.0,
                52.0,
                57.0,
                68.0,
                71.0,
                72.0
            ],
            61.82
        ],
        "graph_avg_node_count": [
            32.55236535234174,
            31.293391719745223,
            33.951357924604785,
            [
                29.107267019655033,
                29.46487514910145,
                30.217101725112748,
                36.50324319199618,
                39.66853356849069,
                40.36900633281407
            ],
            33.562675391921566
        ],