{
    "total_wire_length": 33677.63219945795,
    "total_jumper_length": 4104.675949701659,
    "total_jumper_count": 107,
    "center_node_count": 562,
    "edge_node_count": 138,
    "total_node_count": 700,
    "reachable_node_count": [
        700.0,
        700.0,
        700.0,
        [
            700.0,
            700.0,
            700.0,
            700.0,
            700.0,
            700.0
        ],
        700.0
    ],
    "unreachable_node_count": [
        0.0,
        0.0,
        0.0,
        [
            0.0,
            0.0,
            0.0,
            0.0,
            0.0,
            0.0
        ],
        0.0
    ],
    "reachable_wire_length": [
        33677.632199457956,
        33677.632199457956,
        33677.632199457956,
        [
            33677.632199457956,
            33677.632199457956,
            33677.632199457956,
            33677.632199457956,
            33677.632199457956,
            33677.632199457956
        ],
        33677.632199457956
    ],
    "unreachable_wire_length": [
        0.0,
        0.0,
        0.0,
        [
            0.0,
            0.0,
            0.0,
            0.0,
            0.0,
            0.0
        ],
        0.0
    ],
    "reachable_jumper_length": [
        4104.675949701659,
        4104.675949701659,
        4104.675949701659,
        [
            4104.675949701659,
            4104.675949701659,
            4104.675949701659,
            4104.675949701659,
            4104.675949701659,
            4104.675949701659
        ],
        4104.675949701659
    ],
    "unreachable_jumper_length": [
        0.0,
        0.0,
        0.0,
        [
            0.0,
            0.0,
            0.0,
            0.0,
            0.0,
            0.0
        ],
        0.0
    ],
    "reachable_jumper_count": [
        107.0,
        107.0,
        107.0,
        [
            107.0,
            107.0,
            107.0,
            107.0,
            107.0,
            107.0
        ],
        107.0
    ],
    "unreachable_jumper_count": [
        0.0,
        0.0,
        0.0,
        [
            0.0,
            0.0,
            0.0,
            0.0,
            0.0,
            0.0
        ],
        0.0
    ],
    "shortest_path": {
        "percent_useful_node_count": [
            0.8542857142857143,
            0.8514285714285714,
            0.8557142857142858,
            [
                0.8370714285714286,
                0.84,
                0.8457142857142858,
                0.86,
                0.8687142857142857,
                0.8728571428571429
            ],
            0.8540571428571426
        ],
        "percent_useful_wire_length": 65.51686363354979,
        "percent_reachable_sensors": 1.0,
        "percent_useful_jumper_count": [
            0.4953271028037383,
            0.48130841121495327,
            0.514018691588785,
            [
                0.4200934579439252,
                0.42990654205607476,
                0.4672897196261682,
                0.5233644859813084,
                0.5420560747663551,
                0.561214953271028
            ],
            0.4921495327102802
        ],
        "percent_useful_jumper_length": [
            0.04672897196261682,
            0.04205607476635514,
            0.04672897196261682,
            [
                0.028037383177570093,
                0.037383177570093455,
                0.037383177570093455,
                0.056074766355140186,
                0.056074766355140186,
                0.056074766355140186
            ],
            0.04467289719626168
        ],
        "percent_unreachable_bc_short_jumper": 0.0,
        "percent_multiroute_reached_nodes": [
            0.26834969545374254,
            0.2612312811980033,
            0.2745593502354832,
            [
                0.23076289443670006,
                0.23650993377483442,
                0.25,
                0.2879979751097763,
                0.30044778347181456,
                0.3101097764489101
            ],
            0.2689710260932728
        ],
        "path_length_max": [
            1418.5215060680216,
            1394.5943555322376,
            1418.5215060680216
        ],
        "path_length_avg": [
            663.6466686857264,
            661.4883051882667,
            665.8859626363502,
            [
                212.42144145130004,
                294.6782169097446,
                460.3610030978916,
                844.6634190346545,
                988.1739608321498,
                1071.6785088438728
            ],
            653.0091510857442
        ],
        "path_node_count_max": [
            39.0,
            38.0,
            39.0
        ],
        "path_node_count_avg": [
            17.0,
            17.0,
            17.0,
            [
                5.0,
                7.0,
                12.0,
                22.0,
                26.0,
                29.0
            ],
            17.1001
        ],
        "path_jumper_count_max": [
            17.0,
            16.0,
            17.0
        ],
        "path_jumper_count_avg": [
            1.0,
            1.0,
            1.0,
            [
                0.0,
                0.0,
                0.0,
                2.0,
                3.0,
                5.0
            ],
            1.34012
        ],
        "path_sensor_jumper_length_max": [
            59.559497490866406,
            57.71435403087287,
            59.559497490866406
        ],
        "path_sensor_jumper_length_avg": [
            11.729846151791978,
            11.644051888018577,
            11.8370109681383,
            [
                0.9745417104918702,
                1.954617411682909,
                5.1960055099550235,
                21.613336169000885,
                31.358650377052157,
                36.23662556280648
            ],
            14.358272379152156
        ],
        "path_router_node_branches_max": [
            3.0,
            3.0,
            3.0
        ],
        "path_router_node_branches_avg": [
            2.0,
            2.0,
            2.0,
            [
                2.0,
                2.0,
                2.0,
                2.0,
                2.0,
                2.0
            ],
            2.045714285714286
        ],
        "graph_max_wire_length": [
            1171.6574174260559,
            1142.659268144465,
            1193.108581784141,
            [
                989.2923070069501,
                1036.0020773890556,
                1100.6646955985052,
                1251.967129107346,
                1307.7326774855346,
                1341.8410782289313
            ],
            1168.9298319303048
        ],
        "graph_avg_wire_length": [
            624.4182616520861,
            605.3273851676558,
            652.3851550017213,
            [
                561.800494672605,
                566.65345947629,
                580.0902072437661,
                681.1268872435961,
                756.9328640567666,
                785.9282728402712
            ],
            640.9607239391789
        ],
        "graph_max_node_count": [
            33.0,
            32.0,
            34.0,
            [
                27.0,
                28.9,
                31.0,
                35.0,
                37.0,
                38.05
            ],
            32.77
        ],
        "graph_avg_node_count": [
            16.97268117110524,
            16.614194219172383,
            17.78096639711957,
            [
                15.59419770773639,
                15.753008595988538,
                16.080987631184406,
                18.86817574511819,
                20.699407342438292,
                21.57975074912585
            ],
            17.677108178309894
        ],