{
    "total_wire_length": 112329.79803055577,
    "total_jumper_length": 23130.13350076565,
    "total_jumper_count": 607,
    "center_node_count": 3746,
    "edge_node_count": 376,
    "total_node_count": 4122,
    "reachable_node_count": [
        4122.0,
        4122.0,
        4122.0,
        [
            4122.0,
            4122.0,
            4122.0,
            4122.0,
            4122.0,
            4122.0
        ],
        4122.0
    ],
    "unreachable_node_count": [
        0.0,
        0.0,
        0.0,
        [
            0.0,
            0.0,
            0.0,
            0.0,
            0.0,
            0.0
        ],
        0.0
    ],
    "reachable_wire_length": [
        112329.79803055576,
        112329.79803055576,
        112329.79803055576,
        [
            112329.79803055576,
            112329.79803055576,
            112329.79803055576,
            112329.79803055576,
            112329.79803055576,
            112329.79803055576
        ],
        112329.79803055571
    ],
    "unreachable_wire_length": [
        0.0,
        0.0,
        0.0,
        [
            0.0,
            0.0,
            0.0,
            0.0,
            0.0,
            0.0
        ],
        0.0
    ],
    "reachable_jumper_length": [
        23130.133500765656,
        23130.133500765656,
        23130.133500765656,
        [
            23130.133500765656,
            23130.133500765656,
            23130.133500765656,
            23130.133500765656,
            23130.133500765656,
            23130.133500765656
        ],
        23130.13350076565
    ],
    "unreachable_jumper_length": [
        0.0,
        0.0,
        0.0,
        [
            0.0,
            0.0,
            0.0,
            0.0,
            0.0,
            0.0
        ],
        0.0
    ],
    "reachable_jumper_count": [
        607.0,
        607.0,
        607.0,
        [
            607.0,
            607.0,
            607.0,
            607.0,
            607.0,
            607.0
        ],
        607.0
    ],
    "unreachable_jumper_count": [
        0.0,
        0.0,
        0.0,
        [
            0.0,
            0.0,
            0.0,
            0.0,
            0.0,
            0.0
        ],
        0.0
    ],
    "shortest_path": {
        "percent_useful_node_count": [
            0.7314410480349345,
            0.727802037845706,
            0.737384764677341,
            [
                0.7066593886462882,
                0.7107957302280447,
                0.7226467734109655,
                0.7432071809801067,
                0.7593643862202815,
                0.7690805434255216
            ],
            0.7340247452692867
        ],
        "percent_useful_wire_length": 53.924242904639144,
        "percent_reachable_sensors": 1.0,
        "percent_useful_jumper_count": [
            0.1812191103789127,
            0.17792421746293247,
            0.18451400329489293,
            [
                0.15650741350906094,
                0.1627677100494234,
                0.17462932454695224,
                0.18822075782537068,
                0.20098846787479407,
                0.20601317957166393
            ],
            0.1812685337726524
        ],
        "percent_useful_jumper_length": [
            0.006589785831960461,
            0.006589785831960461,
            0.008237232289950576,
            [
                0.004942339373970346,
                0.006589785831960461,
                0.006589785831960461,
                0.008237232289950576,
                0.008401976935749601,
                0.009884678747940691
            ],
            0.0073805601317957145
        ],
        "percent_unreachable_bc_short_jumper": 0.0,
        "percent_multiroute_reached_nodes": [
            0.21480962116446495,
            0.2087984241628365,
            0.22098302850094098,
            [
                0.17229415826976802,
                0.17867285563472546,
                0.19540319361277447,
                0.23311386896186528,
                0.24693837950609737,
                0.2546120091499604
            ],
            0.21373328287061658
        ],
        "path_length_max": [
            1783.2787080032592,
            1774.750009466539,
            1783.2787080032592
        ],
        "path_length_avg": [
            833.3916379666796,
            830.6579740486234,
            836.4064537125075,
            [
                261.73925881957166,
                365.07846774507027,
                575.204556642058,
                1061.6881150254756,
                1265.5839910198797,
                1381.6925905274254
            ],
            823.2587145087198
        ],
        "path_node_count_max": [
            91.0,
            90.0,
            91.0
        ],
        "path_node_count_avg": [
            40.0,
            40.0,
            40.0,
            [
                12.0,
                17.0,
                27.0,
                52.0,
                62.0,
                68.0
            ],
            39.79684
        ],
        "path_jumper_count_max": [
            20.0,
            19.0,
            20.0
        ],
        "path_jumper_count_avg": [
            1.0,
            1.0,
            1.0,
            [
                0.0,
                0.0,
                0.0,
                2.0,
                6.0,
                9.0
            ],
            1.97596
        ],
        "path_sensor_jumper_length_max": [
            24.438062181358823,
            23.855339387745165,
            24.438062181358823
        ],
        "path_sensor_jumper_length_avg": [
            5.7906642521515685,
            5.7415774845180545,
            5.838610805959574,
            [
                0.48245150951999793,
                0.9753446347684187,
                2.5532069359030904,
                10.614181231885693,
                15.45431342421142,
                17.861667586654
            ],
            7.0796063673792675
        ],
        "path_router_node_branches_max": [
            5.0,
            5.0,
            5.0
        ],
        "path_router_node_branches_avg": [
            2.0,
            2.0,
            2.0,
            [
                2.0,
                2.0,
                2.0,
                2.0,
                3.0,
                3.0
            ],
            2.1456752655538693
        ],
        "graph_max_wire_length": [
            1575.4260073899768,
            1519.4148390361365,
            1614.994456919981,
            [
                1238.006683811414,
                1294.1509327799063,
                1401.3386837437934,
                1679.0357574531079,
                1724.4700278642295,
                1757.4750679942122
            ],
            1536.3305842007894
        ],
        "graph_avg_wire_length": [
            823.4450400086905,
            795.9331483603066,
            836.5783786182254,
            [
                711.0887429917768,
                716.0712249814363,
                732.8569596356731,
                861.938434198956,
                969.1840159669773,
                998.0300999188946
            ],
            820.1106188094573
        ],
        "graph_max_node_count": [
            80.0,
            76.0,
            81.5,
            [
                64.9,
                67.0,
                72.0,
                85.25,
                88.10000000000001,
                90.0
            ],
            78.38
        ],
        "graph_avg_node_count": [
            39.38998059194566,
            38.604075691411936,
            40.573741903338316,
            [
                35.82399320718098,
                36.02369687538701,
                36.700871812931396,
                42.71518061530415,
                46.209340126152355,
                48.970031098334104
            ],
            40.286367194807646
        ],