{
    "total_wire_length": 84884.51959581455,
    "total_jumper_length": 7775.411512612486,
    "total_jumper_count": 381,
    "center_node_count": 2827,
    "edge_node_count": 375,
    "total_node_count": 3202,
    "reachable_node_count": [
        3202.0,
        3202.0,
        3202.0,
        [
            3202.0,
            3202.0,
            3202.0,
            3202.0,
            3202.0,
            3202.0
        ],
        3202.0
    ],
    "unreachable_node_count": [
        0.0,
        0.0,
        0.0,
        [
            0.0,
            0.0,
            0.0,
            0.0,
            0.0,
            0.0
        ],
        0.0
    ],
    "reachable_wire_length": [
        84884.5195958145,
        84884.5195958145,
        84884.5195958145,
        [
            84884.5195958145,
            84884.5195958145,
            84884.5195958145,
            84884.5195958145,
            84884.5195958145,
            84884.5195958145
        ],
        84884.51959581452
    ],
    "unreachable_wire_length": [
        0.0,
        0.0,
        0.0,
        [
            0.0,
            0.0,
            0.0,
            0.0,
            0.0,
            0.0
        ],
        0.0
    ],
    "reachable_jumper_length": [
        7775.411512612486,
        7775.411512612486,
        7775.411512612486,
        [
            7775.411512612486,
            7775.411512612486,
            7775.411512612486,
            7775.411512612486,
            7775.411512612486,
            7775.411512612486
        ],
        7775.411512612485
    ],
    "unreachable_jumper_length": [
        0.0,
        0.0,
        0.0,
        [
            0.0,
            0.0,
            0.0,
            0.0,
            0.0,
            0.0
        ],
        0.0
    ],
    "reachable_jumper_count": [
        381.0,
        381.0,
        381.0,
        [
            381.0,
            381.0,
            381.0,
            381.0,
            381.0,
            381.0
        ],
        381.0
    ],
    "unreachable_jumper_count": [
        0.0,
        0.0,
        0.0,
        [
            0.0,
            0.0,
            0.0,
            0.0,
            0.0,
            0.0
        ],
        0.0
    ],
    "shortest_path": {
        "percent_useful_node_count": [
            0.7599937539038102,
            0.7579637726420987,
            0.7628044971892567,
            [
                0.7359931292941911,
                0.7400999375390381,
                0.7513272954403497,
                0.7702998126171143,
                0.7773579013116803,
                0.7814803247970019
            ],
            0.7598063710181137
        ],
        "percent_useful_wire_length": 55.88377248318289,
        "percent_reachable_sensors": 1.0,
        "percent_useful_jumper_count": [
            0.35958005249343833,
            0.34908136482939633,
            0.3674540682414698,
            [
                0.30446194225721784,
                0.3173228346456693,
                0.33858267716535434,
                0.38320209973753283,
                0.39658792650918634,
                0.4041994750656168
            ],
            0.3583202099737533
        ],
        "percent_useful_jumper_length": [
            0.010498687664041995,
            0.010498687664041995,
            0.013123359580052493,
            [
                0.007874015748031496,
                0.007874015748031496,
                0.010498687664041995,
                0.013123359580052493,
                0.013123359580052493,
                0.015748031496062992
            ],
            0.011312335958005251
        ],
        "percent_unreachable_bc_short_jumper": 0.0,
        "percent_multiroute_reached_nodes": [
            0.20837466786258615,
            0.20262932413625237,
            0.2135841991903325,
            [
                0.16732935557719128,
                0.17290795122957667,
                0.19122754063702968,
                0.2278071845207395,
                0.24295498324958126,
                0.24801309759692014
            ],
            0.20885191787228263
        ],
        "path_length_max": [
            2283.5362782203324,
            2263.920057793495,
            2283.5362782203324
        ],
        "path_length_avg": [
            772.6423310743321,
            769.873528706596,
            775.5427225333844,
            [
                227.3240518044774,
                319.2982132233609,
                523.3955908311001,
                1028.1787176722569,
                1283.6556586004267,
                1448.264239898931
            ],
            792.8418251270336
        ],
        "path_node_count_max": [
            114.0,
            113.0,
            114.0
        ],
        "path_node_count_avg": [
            39.0,
            39.0,
            39.0,
            [
                11.0,
                16.0,
                26.0,
                51.0,
                64.0,
                73.0
            ],
            39.64067
        ],
        "path_jumper_count_max": [
            43.0,
            41.0,
            43.0
        ],
        "path_jumper_count_avg": [
            2.0,
            2.0,
            2.0,
            [
                0.0,
                0.0,
                1.0,
                10.0,
                17.0,
                20.0
            ],
            5.74901
        ],
        "path_sensor_jumper_length_max": [
            29.131437743862495,
            24.71470002067043,
            29.131437743862495
        ],
        "path_sensor_jumper_length_avg": [
            5.860488187622152,
            5.817318569098215,
            5.904412952083532,
            [
                0.4820688000128968,
                0.9826015334432118,
                2.612059638409929,
                10.731973894935837,
                15.529587872367154,
                17.96072172528482
            ],
            7.139273712723258
        ],
        "path_router_node_branches_max": [
            4.0,
            4.0,
            4.0
        ],
        "path_router_node_branches_avg": [
            2.0,
            2.0,
            2.0,
            [
                2.0,
                2.0,
                2.0,
                2.0,
                2.0,
                3.0
            ],
            2.097916666666667
        ],
        "graph_max_wire_length": [
            1610.937720080493,
            1542.5560180946109,
            1687.051009354206,
            [
                1279.1771971083729,
                1323.160764619536,
                1440.7610558104966,
                1833.5627963790466,
                2001.6386032742096,
                2090.647469381439
            ],
            1643.4243937769093
        ],
        "graph_avg_wire_length": [
            765.7208798706006,
            732.0434237878092,
            807.5795665566811,
            [
                628.7688713631724,
                641.3065008086737,
                666.9065001023794,
                875.1305485460889,
                983.2014216085836,
                1060.1825278873184
            ],
            791.0417484744318
        ],
        "graph_max_node_count": [
            83.5,
            79.0,
            87.0,
            [
                65.9,
                67.9,
                73.0,
                94.25,
                101.30000000000003,
                106.05
            ],
            84.17
        ],
        "graph_avg_node_count": [
            38.863048614296744,
            37.60206176786181,
            41.27050720100188,
            [
                32.37031615348546,
                32.61196127420362,
                34.543254216114924,
                43.980353947403884,
                49.72699971757803,
                53.56478228017433
            ],
            40.35945616368862
        ],