{
    "total_wire_length": 30975.48469038195,
    "total_jumper_length": 1186.6994053720189,
    "total_jumper_count": 111,
    "center_node_count": 1041,
    "edge_node_count": 211,
    "total_node_count": 1252,
    "reachable_node_count": [
        1252.0,
        1252.0,
        1252.0,
        [
            1252.0,
            1252.0,
            1252.0,
            1252.0,
            1252.0,
            1252.0
        ],
        1252.0
    ],
    "unreachable_node_count": [
        0.0,
        0.0,
        0.0,
        [
            0.0,
            0.0,
            0.0,
            0.0,
            0.0,
            0.0
        ],
        0.0
    ],
    "reachable_wire_length": [
        30975.484690381963,
        30975.484690381963,
        30975.484690381963,
        [
            30975.484690381963,
            30975.484690381963,
            30975.484690381963,
            30975.484690381963,
            30975.484690381963,
            30975.484690381963
        ],
        30975.484690381974
    ],
    "unreachable_wire_length": [
        0.0,
        0.0,
        0.0,
        [
            0.0,
            0.0,
            0.0,
            0.0,
            0.0,
            0.0
        ],
        0.0
    ],
    "reachable_jumper_length": [
        1186.6994053720198,
        1186.6994053720198,
        1186.6994053720198,
        [
            1186.6994053720198,
            1186.6994053720198,
            1186.6994053720198,
            1186.6994053720198,
            1186.6994053720198,
            1186.6994053720198
        ],
        1186.6994053720198
    ],
    "unreachable_jumper_length": [
        0.0,
        0.0,
        0.0,
        [
            0.0,
            0.0,
            0.0,
            0.0,
            0.0,
            0.0
        ],
        0.0
    ],
    "reachable_jumper_count": [
        111.0,
        111.0,
        111.0,
        [
            111.0,
            111.0,
            111.0,
            111.0,
            111.0,
            111.0
        ],
        111.0
    ],
    "unreachable_jumper_count": [
        0.0,
        0.0,
        0.0,
        [
            0.0,
            0.0,
            0.0,
            0.0,
            0.0,
            0.0
        ],
        0.0
    ],
    "shortest_path": {
        "percent_useful_node_count": [
            0.7907348242811502,
            0.7879392971246006,
            0.7935303514376997,
            [
                0.7699680511182109,
                0.7761980830670926,
                0.7827476038338658,
                0.7989217252396167,
                0.8035942492012779,
                0.8051517571884984
            ],
            0.7901837060702878
        ],
        "percent_useful_wire_length": 59.98345462218138,
        "percent_reachable_sensors": 0.97821,
        "percent_useful_jumper_count": [
            0.42792792792792794,
            0.40990990990990994,
            0.43243243243243246,
            [
                0.3418918918918919,
                0.35135135135135137,
                0.3783783783783784,
                0.45045045045045046,
                0.46936936936936946,
                0.4864864864864865
            ],
            0.41711711711711713
        ],
        "percent_useful_jumper_length": [
            0.036036036036036036,
            0.036036036036036036,
            0.036036036036036036,
            [
                0.02702702702702703,
                0.02702702702702703,
                0.02702702702702703,
                0.04504504504504504,
                0.05405405405405406,
                0.05405405405405406
            ],
            0.03801801801801802
        ],
        "percent_unreachable_bc_short_jumper": 0.02179,
        "percent_multiroute_reached_nodes": [
            0.2658931020683714,
            0.26337033299697277,
            0.2688008130081301,
            [
                0.24661962968631676,
                0.24873089641612298,
                0.2565209092788443,
                0.27728305414205945,
                0.28587049133768816,
                0.2927995302995303
            ],
            0.2673781451039373
        ],
        "path_length_max": [
            1514.8092278546235,
            1492.6210853190373,
            1514.8092278546235
        ],
        "path_length_avg": [
            496.3803014374882,
            494.75485134520716,
            498.14505707049204,
            [
                145.57235581514945,
                204.58314127841228,
                338.2810537841609,
                677.642847913703,
                860.2009740826754,
                975.8246050741609
            ],
            520.4260055651125
        ],
        "path_node_count_max": [
            82.0,
            80.0,
            82.0
        ],
        "path_node_count_avg": [
            26.0,
            26.0,
            26.0,
            [
                7.0,
                10.0,
                17.0,
                36.0,
                45.0,
                51.0
            ],
            27.13996994510381
        ],
        "path_jumper_count_max": [
            13.0,
            13.0,
            13.0
        ],
        "path_jumper_count_avg": [
            1.0,
            1.0,
            1.0,
            [
                0.0,
                0.0,
                1.0,
                2.0,
                3.0,
                5.0
            ],
            1.3966326248964946
        ],
        "path_sensor_jumper_length_max": [
            19.999561719553668,
            19.999011814563065,
            19.999561719553668
        ],
        "path_sensor_jumper_length_avg": [
            5.726633726831471,
            5.67872552463879,
            5.770794899068594,
            [
                0.4839371513567106,
                0.9726848132753952,
                2.5423047301579302,
                10.313817085852113,
                14.779648540383851,
                16.864417766532416
            ],
            6.840913265706187
        ],
        "path_router_node_branches_max": [
            3.0,
            2.0,
            3.0
        ],
        "path_router_node_branches_avg": [
            2.0,
            2.0,
            2.0,
            [
                2.0,
                2.0,
                2.0,
                2.0,
                2.0,
                2.0
            ],
            2.0082644628099175
        ],
        "graph_max_wire_length": [
            1087.830607483901,
            1022.8659138915663,
            1124.1557117816499,
            [
                830.6863295959758,
                859.739368319245,
                944.9672909635452,
                1210.7764571098232,
                1351.7474783303599,
                1466.87140588534
            ],
            1091.0606223800492
        ],
        "graph_avg_wire_length": [
            488.8542228161883,
            466.3981067329583,
            523.202815730194,
            [
                404.82060908437194,
                408.8095004696348,
                432.90468172001243,
                558.972774587378,
                662.2417432008518,
                794.3257603554082
            ],
            518.960817162284
        ],
        "graph_max_node_count": [
            58.0,
            55.0,
            62.0,
            [
                45.0,
                47.0,
                51.0,
                65.0,
                73.10000000000001,
                79.05
            ],
            59.08
        ],
        "graph_avg_node_count": [
            26.704936054421772,
            25.137448559670784,
            28.347058823529412,
            [
                21.80281770675747,
                21.92737024494278,
                23.17797248011274,
                30.052351164797237,
                35.50550218599972,
                41.90602141680395
            ],
            27.91944653069775
        ],