{
    "total_wire_length": 10418.879969312904,
    "total_jumper_length": 0.0,
    "total_jumper_count": 0,
    "center_node_count": 44,
    "edge_node_count": 34,
    "total_node_count": 78,
    "reachable_node_count": [
        24.0,
        24.0,
        24.0,
        [
            12.0,
            12.0,
            14.0,
            28.0,
            28.0,
            28.0
        ],
        21.34
    ],
    "unreachable_node_count": [
        54.0,
        54.0,
        54.0,
        [
            50.0,
            50.0,
            50.0,
            64.0,
            66.0,
            66.0
        ],
        56.66
    ],
    "reachable_wire_length": [
        3259.2744945572313,
        3259.2744945572313,
        3259.2744945572313,
        [
            1449.030513098444,
            1449.030513098444,
            1901.443274638987,
            3809.131687018244,
            3809.131687018244,
            3809.131687018244
        ],
        2873.0490708184952
    ],
    "unreachable_wire_length": [
        7159.6054747556755,
        7159.6054747556755,
        7159.6054747556755,
        [
            6609.748282294662,
            6609.748282294662,
            6609.748282294662,
            8517.43669467392,
            8969.84945621446,
            8969.84945621446
        ],
        7545.830898494411
    ],
    "reachable_jumper_length": [
        0.0,
        0.0,
        0.0,
        [
            0.0,
            0.0,
            0.0,
            0.0,
            0.0,
            0.0
        ],
        0.0
    ],
    "unreachable_jumper_length": [
        0.0,
        0.0,
        0.0,
        [
            0.0,
            0.0,
            0.0,
            0.0,
            0.0,
            0.0
        ],
        0.0
    ],
    "reachable_jumper_count": [
        0.0,
        0.0,
        0.0,
        [
            0.0,
            0.0,
            0.0,
            0.0,
            0.0,
            0.0
        ],
        0.0
    ],
    "unreachable_jumper_count": [
        0.0,
        0.0,
        0.0,
        [
            0.0,
            0.0,
            0.0,
            0.0,
            0.0,
            0.0
        ],
        0.0
    ],
    "shortest_path": {
        "percent_useful_node_count": [
            0.15384615384615385,
            0.14102564102564102,
            0.16666666666666666,
            [
                0.0641025641025641,
                0.07564102564102565,
                0.08974358974358974,
                0.1794871794871795,
                0.20512820512820512,
                0.20576923076923073
            ],
            0.14166666666666664
        ],
        "percent_useful_wire_length": 16.559591167271947,
        "percent_reachable_sensors": 0.03314,
        "percent_useful_jumper_count": [
            -1.0,
            -1.0,
            -1.0,
            [
                -1.0,
                -1.0,
                -1.0,
                -1.0,
                -1.0,
                -1.0
            ],
            -1.0
        ],
        "percent_useful_jumper_length": [
            -1.0,
            -1.0,
            -1.0,
            [
                -1.0,
                -1.0,
                -1.0,
                -1.0,
                -1.0,
                -1.0
            ],
            -1.0
        ],
        "percent_unreachable_bc_short_jumper": 0.88031,
        "percent_multiroute_reached_nodes": [
            0.6306818181818181,
            0.6,
            0.6666666666666666,
            [
                0.5,
                0.5375565610859728,
                0.5714285714285714,
                0.7142857142857143,
                0.8,
                0.8333333333333334
            ],
            0.6427624760860055
        ],
        "path_length_max": [
            1419.6865940440603,
            1353.544320584284,
            1419.6865940440603
        ],
        "path_length_avg": [
            504.9078246539026,
            493.56972265127104,
            518.0852401593527,
            [
                149.4751290799008,
                195.89004282742036,
                316.35423766095425,
                694.0396739102227,
                864.7895362279219,
                954.8045716269488
            ],
            520.03548269211
        ],
        "path_node_count_max": [
            8.0,
            8.0,
            8.0
        ],
        "path_node_count_avg": [
            3.0,
            3.0,
            3.0,
            [
                1.0,
                1.0,
                2.0,
                4.0,
                5.0,
                5.0
            ],
            2.896197948098974
        ],
        "path_jumper_count_max": [
            0.0,
            0.0,
            0.0
        ],
        "path_jumper_count_avg": [
            0.0,
            0.0,
            0.0,
            [
                0.0,
                0.0,
                0.0,
                0.0,
                0.0,
                0.0
            ],
            0.0
        ],
        "path_sensor_jumper_length_max": [
            9.994516088508153,
            9.979075927266809,
            9.994516088508153
        ],
        "path_sensor_jumper_length_avg": [
            4.97590376569895,
            4.80058126959643,
            5.1438178166796,
            [
                0.4980153067979267,
                1.0133559561733527,
                2.505756019620864,
                7.3773761818143395,
                8.892317744815317,
                9.38479315599587
            ],
            4.947968125496245
        ],
        "path_router_node_branches_max": [
            2.0,
            2.0,
            2.0
        ],
        "path_router_node_branches_avg": [
            2.0,
            2.0,
            2.0,
            [
                2.0,
                2.0,
                2.0,
                2.0,
                2.0,
                2.0
            ],
            2.0
        ],
        "graph_max_wire_length": [
            919.948982443131,
            849.4282198116753,
            965.3606448659841,
            [
                576.3734796242961,
                624.8847204408823,
                771.2749151409679,
                1038.5894354681595,
                1222.7738528137725,
                1270.2425956361485
            ],
            911.6594600320549
        ],
        "graph_avg_wire_length": [
            547.0791320267822,
            507.64292528707153,
            567.0035721763486,
            [
                335.4151102478515,
                378.5313657841437,
                457.0941936038563,
                608.4002739851212,
                691.1145341887733,
                714.0896006756765
            ],
            538.998206102749
        ],
        "graph_max_node_count": [
            6.0,
            6.0,
            6.0,
            [
                4.0,
                4.0,
                5.0,
                7.0,
                8.0,
                8.049999999999997
            ],
            6.13
        ],
        "graph_avg_node_count": [
            3.642857142857143,
            3.5,
            3.8214285714285716,
            [
                2.567857142857143,
                2.642857142857143,
                3.2083333333333335,
                4.25,
                4.625,
                4.964285714285714
            ],
            3.685833333333333
        ],
        "graph_max_jumper_count": [
            0.0,
            0.0,
            0.0,
            [
                0.0,
                0.0,
                0.0,
                0.0,
                0.0,
                0.0
            ],
            0.0
        ],
        "graph_avg_jumper_count": [
            0.0,
            0.0,
            0.0,
            [
                0.0,
                0.0,
                0.0,
                0.0,
                0.0,
                0.0
            ],
            0.0
        ]
    },