{
    "total_wire_length": 102026.7052920831,
    "total_jumper_length": 1773.2771534574372,
    "total_jumper_count": 173,
    "center_node_count": 3405,
    "edge_node_count": 367,
    "total_node_count": 3772,
    "reachable_node_count": [
        3772.0,
        3772.0,
        3772.0,
        [
            3772.0,
            3772.0,
            3772.0,
            3772.0,
            3772.0,
            3772.0
        ],
        3772.0
    ],
    "unreachable_node_count": [
        0.0,
        0.0,
        0.0,
        [
            0.0,
            0.0,
            0.0,
            0.0,
            0.0,
            0.0
        ],
        0.0
    ],
    "reachable_wire_length": [
        102026.70529208305,
        102026.70529208305,
        102026.70529208305,
        [
            102026.70529208305,
            102026.70529208305,
            102026.70529208305,
            102026.70529208305,
            102026.70529208305,
            102026.70529208305
        ],
        102026.70529208308
    ],
    "unreachable_wire_length": [
        0.0,
        0.0,
        0.0,
        [
            0.0,
            0.0,
            0.0,
            0.0,
            0.0,
            0.0
        ],
        0.0
    ],
    "reachable_jumper_length": [
        1773.2771534574376,
        1773.2771534574376,
        1773.2771534574376,
        [
            1773.2771534574376,
            1773.2771534574376,
            1773.2771534574376,
            1773.2771534574376,
            1773.2771534574376,
            1773.2771534574376
        ],
        1773.2771534574379
    ],
    "unreachable_jumper_length": [
        0.0,
        0.0,
        0.0,
        [
            0.0,
            0.0,
            0.0,
            0.0,
            0.0,
            0.0
        ],
        0.0
    ],
    "reachable_jumper_count": [
        173.0,
        173.0,
        173.0,
        [
            173.0,
            173.0,
            173.0,
            173.0,
            173.0,
            173.0
        ],
        173.0
    ],
    "unreachable_jumper_count": [
        0.0,
        0.0,
        0.0,
        [
            0.0,
            0.0,
            0.0,
            0.0,
            0.0,
            0.0
        ],
        0.0
    ],
    "shortest_path": {
        "percent_useful_node_count": [
            0.7346235418875928,
            0.7317073170731707,
            0.7388686373276777,
            [
                0.7162910922587487,
                0.7196182396606575,
                0.7261399787910923,
                0.7435710498409331,
                0.7492576882290561,
                0.7537248144220573
            ],
            0.7351352067868504
        ],
        "percent_useful_wire_length": 52.468706231116386,
        "percent_reachable_sensors": 0.97964,
        "percent_useful_jumper_count": [
            0.4277456647398844,
            0.41322254335260117,
            0.44797687861271673,
            [
                0.3468208092485549,
                0.35260115606936415,
                0.3815028901734104,
                0.4682080924855491,
                0.48034682080924856,
                0.4916184971098265
            ],
            0.42410404624277454
        ],
        "percent_useful_jumper_length": [
            0.023121387283236993,
            0.023121387283236993,
            0.028901734104046242,
            [
                0.017341040462427744,
                0.017341040462427744,
                0.023121387283236993,
                0.028901734104046242,
                0.03468208092485549,
                0.03468208092485549
            ],
            0.0261271676300578
        ],
        "percent_unreachable_bc_short_jumper": 0.02036,
        "percent_multiroute_reached_nodes": [
            0.22734041998173993,
            0.22262773722627738,
            0.23314407381121363,
            [
                0.20260993922059348,
                0.20730475256464143,
                0.2133479659960368,
                0.23934666955537903,
                0.25174543767629337,
                0.2626395910571846
            ],
            0.22867638727090328
        ],
        "path_length_max": [
            2647.3903320373624,
            2627.6854958421413,
            2647.3903320373624
        ],
        "path_length_avg": [
            858.3934702604718,
            855.3013421970502,
            861.4273169485955,
            [
                249.4537377712588,
                353.5097836926617,
                580.8359582225336,
                1157.7129062782085,
                1472.1534217496996,
                1661.8178345382705
            ],
            892.1100273268715
        ],
        "path_node_count_max": [
            148.0,
            146.0,
            148.0
        ],
        "path_node_count_avg": [
            44.0,
            44.0,
            45.0,
            [
                12.0,
                18.0,
                30.0,
                61.0,
                78.0,
                89.0
            ],
            46.57529296476257
        ],
        "path_jumper_count_max": [
            21.0,
            20.0,
            21.0
        ],
        "path_jumper_count_avg": [
            1.0,
            1.0,
            1.0,
            [
                0.0,
                0.0,
                1.0,
                2.0,
                6.0,
                8.0
            ],
            2.098372871667143
        ],
        "path_sensor_jumper_length_max": [
            19.999757483475147,
            19.996982522820687,
            19.999757483475147
        ],
        "path_sensor_jumper_length_avg": [
            5.691188268501994,
            5.643332258002686,
            5.729799987869531,
            [
                0.47971557693170314,
                0.9666511255673536,
                2.5719896028423914,
                10.2631541852085,
                14.741543171385434,
                16.853688536717247
            ],
            6.816154903428512
        ],
        "path_router_node_branches_max": [
            3.0,
            3.0,
            3.0
        ],
        "path_router_node_branches_avg": [
            2.0,
            2.0,
            2.0,
            [
                2.0,
                2.0,
                2.0,
                2.0,
                2.0,
                2.0
            ],
            2.008445945945946
        ],
        "graph_max_wire_length": [
            1857.603207283752,
            1811.7770760294113,
            1945.4991864231538,
            [
                1480.1827345451609,
                1537.9092649422448,
                1706.090275517226,
                2012.4595726253083,
                2335.4238681535153,
                2423.01293968555
            ],
            1894.7032973167125
        ],
        "graph_avg_wire_length": [
            805.96302727035,
            776.7549433302796,
            855.603585758698,
            [
                677.9731260180299,
                699.0584159061394,
                741.3615458312543,
                916.2092081184019,
                1108.5255285353164,
                1189.5925603864123
            ],
            855.5329239769235
        ],
        "graph_max_node_count": [
            105.0,
            101.0,
            108.0,
            [
                85.0,
                87.0,
                96.0,
                113.0,
                130.40000000000003,
                134.39999999999998
            ],
            106.47
        ],
        "graph_avg_node_count": [
            42.80358722619208,
            40.810634531590416,
            44.778014422979076,
            [
                35.940885420307076,
                36.6665946545432,
                39.07007292995648,
                48.61247005088673,
                59.46042083031275,
                63.89788676216847
            ],
            45.254913921283304
        ],