{
    "total_wire_length": 61150.1466905905,
    "total_jumper_length": 476.7252542719839,
    "total_jumper_count": 48,
    "center_node_count": 1019,
    "edge_node_count": 209,
    "total_node_count": 1228,
    "reachable_node_count": [
        1228.0,
        1228.0,
        1228.0,
        [
            1228.0,
            1228.0,
            1228.0,
            1228.0,
            1228.0,
            1228.0
        ],
        1228.0
    ],
    "unreachable_node_count": [
        0.0,
        0.0,
        0.0,
        [
            0.0,
            0.0,
            0.0,
            0.0,
            0.0,
            0.0
        ],
        0.0
    ],
    "reachable_wire_length": [
        61150.14669059051,
        61150.14669059051,
        61150.14669059051,
        [
            61150.14669059051,
            61150.14669059051,
            61150.14669059051,
            61150.14669059051,
            61150.14669059051,
            61150.14669059051
        ],
        61150.14669059052
    ],
    "unreachable_wire_length": [
        0.0,
        0.0,
        0.0,
        [
            0.0,
            0.0,
            0.0,
            0.0,
            0.0,
            0.0
        ],
        0.0
    ],
    "reachable_jumper_length": [
        476.7252542719839,
        476.7252542719839,
        476.7252542719839,
        [
            476.7252542719839,
            476.7252542719839,
            476.7252542719839,
            476.7252542719839,
            476.7252542719839,
            476.7252542719839
        ],
        476.7252542719839
    ],
    "unreachable_jumper_length": [
        0.0,
        0.0,
        0.0,
        [
            0.0,
            0.0,
            0.0,
            0.0,
            0.0,
            0.0
        ],
        0.0
    ],
    "reachable_jumper_count": [
        48.0,
        48.0,
        48.0,
        [
            48.0,
            48.0,
            48.0,
            48.0,
            48.0,
            48.0
        ],
        48.0
    ],
    "unreachable_jumper_count": [
        0.0,
        0.0,
        0.0,
        [
            0.0,
            0.0,
            0.0,
            0.0,
            0.0,
            0.0
        ],
        0.0
    ],
    "shortest_path": {
        "percent_useful_node_count": [
            0.7463355048859934,
            0.74185667752443,
            0.749185667752443,
            [
                0.7254071661237785,
                0.7279315960912052,
                0.7359527687296417,
                0.7546824104234527,
                0.7647394136807818,
                0.7679560260586319
            ],
            0.7457084690553747
        ],
        "percent_useful_wire_length": 56.77906205296562,
        "percent_reachable_sensors": 0.72165,
        "percent_useful_jumper_count": [
            0.5625,
            0.5416666666666666,
            0.5833333333333334,
            [
                0.4375,
                0.4791666666666667,
                0.5208333333333334,
                0.6041666666666666,
                0.6458333333333334,
                0.6458333333333334
            ],
            0.5608333333333334
        ],
        "percent_useful_jumper_length": [
            0.08333333333333333,
            0.08333333333333333,
            0.10416666666666667,
            [
                0.0625,
                0.0625,
                0.08333333333333333,
                0.10416666666666667,
                0.125,
                0.125
            ],
            0.090625
        ],
        "percent_unreachable_bc_short_jumper": 0.27835,
        "percent_multiroute_reached_nodes": [
            0.28032811559301624,
            0.2748520406258168,
            0.28819713938357094,
            [
                0.2374708429010973,
                0.2457679971489665,
                0.2647523791073833,
                0.3031339253199087,
                0.3140496723007934,
                0.3272367827037268
            ],
            0.2823026136831874
        ],
        "path_length_max": [
            2837.1720862502716,
            2787.540390266582,
            2837.1720862502716
        ],
        "path_length_avg": [
            958.2135026546023,
            953.7992649415643,
            961.6184747953754,
            [
                282.35667791498804,
                397.6134098697939,
                652.3981490403061,
                1288.6609616480914,
                1640.282423834262,
                1839.4549597651205
            ],
            994.6179023289727
        ],
        "path_node_count_max": [
            77.0,
            76.0,
            77.0
        ],
        "path_node_count_avg": [
            25.0,
            25.0,
            25.0,
            [
                7.0,
                10.0,
                17.0,
                34.0,
                44.0,
                49.0
            ],
            26.265447238966257
        ],
        "path_jumper_count_max": [
            7.0,
            5.0,
            7.0
        ],
        "path_jumper_count_avg": [
            1.0,
            1.0,
            1.0,
            [
                0.0,
                0.0,
                0.0,
                2.0,
                2.0,
                3.0
            ],
            1.0706713780918728
        ],
        "path_sensor_jumper_length_max": [
            19.999828313450227,
            19.99828992724681,
            19.999828313450227
        ],
        "path_sensor_jumper_length_avg": [
            7.897870480438293,
            7.836245599424461,
            7.9741958944323175,
            [
                0.7080044127687101,
                1.427034183039201,
                3.6450446886516836,
                12.969467719144497,
                16.82925136659316,
                18.328105401344764
            ],
            8.528760634323088
        ],
        "path_router_node_branches_max": [
            2.0,
            2.0,
            2.0
        ],
        "path_router_node_branches_avg": [
            2.0,
            2.0,
            2.0,
            [
                2.0,
                2.0,
                2.0,
                2.0,
                2.0,
                2.0
            ],
            2.0
        ],
        "graph_max_wire_length": [
            2070.7709189026164,
            1951.2245929767591,
            2140.1921267743523,
            [
                1670.2878588733763,
                1753.7015486433402,
                1879.2145828286743,
                2314.219160392218,
                2624.7950562084943,
                2795.28501129122
            ],
            2122.9390383627137
        ],
        "graph_avg_wire_length": [
            935.9451073210171,
            890.0954525474714,
            976.9188047923097,
            [
                815.8575243135965,
                822.6699221063093,
                844.3834737479091,
                1079.107469119941,
                1278.097120115175,
                1403.2761705831203
            ],
            993.3927188802737
        ],
        "graph_max_node_count": [
            56.0,
            54.0,
            58.0,
            [
                47.0,
                48.0,
                51.0,
                64.0,
                73.10000000000001,
                75.05
            ],
            58.19
        ],
        "graph_avg_node_count": [
            25.301104179045353,
            24.21706081081081,
            26.823099037654686,
            [
                22.13994771519053,
                22.39624183006536,
                22.996949812931415,
                29.474466429006224,
                34.84053177380214,
                38.22959470310337
            ],
            26.985473608742513
        ],