{
    "total_wire_length": 49225.2497524775,
    "total_jumper_length": 12957.129886189201,
    "total_jumper_count": 170,
    "center_node_count": 410,
    "edge_node_count": 168,
    "total_node_count": 578,
    "reachable_node_count": [
        578.0,
        578.0,
        578.0,
        [
            578.0,
            578.0,
            578.0,
            578.0,
            578.0,
            578.0
        ],
        578.0
    ],
    "unreachable_node_count": [
        0.0,
        0.0,
        0.0,
        [
            0.0,
            0.0,
            0.0,
            0.0,
            0.0,
            0.0
        ],
        0.0
    ],
    "reachable_wire_length": [
        49225.249752477524,
        49225.249752477524,
        49225.249752477524,
        [
            49225.249752477524,
            49225.249752477524,
            49225.249752477524,
            49225.249752477524,
            49225.249752477524,
            49225.249752477524
        ],
        49225.24975247753
    ],
    "unreachable_wire_length": [
        0.0,
        0.0,
        0.0,
        [
            0.0,
            0.0,
            0.0,
            0.0,
            0.0,
            0.0
        ],
        0.0
    ],
    "reachable_jumper_length": [
        12957.129886189206,
        12957.129886189206,
        12957.129886189206,
        [
            12957.129886189206,
            12957.129886189206,
            12957.129886189206,
            12957.129886189206,
            12957.129886189206,
            12957.129886189206
        ],
        12957.12988618921
    ],
    "unreachable_jumper_length": [
        0.0,
        0.0,
        0.0,
        [
            0.0,
            0.0,
            0.0,
            0.0,
            0.0,
            0.0
        ],
        0.0
    ],
    "reachable_jumper_count": [
        170.0,
        170.0,
        170.0,
        [
            170.0,
            170.0,
            170.0,
            170.0,
            170.0,
            170.0
        ],
        170.0
    ],
    "unreachable_jumper_count": [
        0.0,
        0.0,
        0.0,
        [
            0.0,
            0.0,
            0.0,
            0.0,
            0.0,
            0.0
        ],
        0.0
    ],
    "shortest_path": {
        "percent_useful_node_count": [
            0.8460207612456747,
            0.842560553633218,
            0.8512110726643599,
            [
                0.8252595155709342,
                0.828719723183391,
                0.8373702422145328,
                0.8568339100346021,
                0.8650519031141869,
                0.870242214532872
            ],
            0.8474567474048443
        ],
        "percent_useful_wire_length": 71.1212268492653,
        "percent_reachable_sensors": 1.0,
        "percent_useful_jumper_count": [
            0.4588235294117647,
            0.45294117647058824,
            0.4647058823529412,
            [
                0.40588235294117647,
                0.4229411764705882,
                0.4411764705882353,
                0.4823529411764706,
                0.49411764705882355,
                0.5061764705882352
            ],
            0.4589411764705883
        ],
        "percent_useful_jumper_length": [
            0.047058823529411764,
            0.044117647058823525,
            0.047058823529411764,
            [
                0.03529411764705882,
                0.03529411764705882,
                0.041176470588235294,
                0.052941176470588235,
                0.06470588235294118,
                0.06499999999999999
            ],
            0.04676470588235294
        ],
        "percent_unreachable_bc_short_jumper": 0.0,
        "percent_multiroute_reached_nodes": [
            0.319919028340081,
            0.3132530120481928,
            0.3251033652861486,
            [
                0.2855887276785714,
                0.2920301221144607,
                0.30441611234294164,
                0.33470652772500825,
                0.3432171052631579,
                0.34851838052657724
            ],
            0.31856517081505564
        ],
        "path_length_max": [
            3286.8266112408182,
            3260.8428314056396,
            3286.8266112408182
        ],
        "path_length_avg": [
            1192.9216155426402,
            1189.189544411734,
            1197.031786482033,
            [
                381.1700632520925,
                524.4076802316813,
                829.3807514902055,
                1566.629981438,
                1913.5814576676773,
                2107.652679877687
            ],
            1212.2056869289938
        ],
        "path_node_count_max": [
            45.0,
            44.0,
            45.0
        ],
        "path_node_count_avg": [
            16.0,
            16.0,
            16.0,
            [
                4.0,
                7.0,
                11.0,
                21.0,
                26.0,
                29.0
            ],
            16.28182
        ],
        "path_jumper_count_max": [
            15.0,
            14.0,
            15.0
        ],
        "path_jumper_count_avg": [
            1.0,
            1.0,
            1.0,
            [
                0.0,
                0.0,
                1.0,
                3.0,
                5.0,
                6.0
            ],
            2.09346
        ],
        "path_sensor_jumper_length_max": [
            156.18026635225507,
            147.39158144201886,
            156.18026635225507
        ],
        "path_sensor_jumper_length_avg": [
            23.003349556553047,
            22.81024227808969,
            23.183552557695,
            [
                1.9167211153706292,
                3.8811203849525695,
                10.229156595911563,
                42.406009652929434,
                62.57698051194633,
                72.90587118776546
            ],
            28.511480120260213
        ],
        "path_router_node_branches_max": [
            4.0,
            4.0,
            4.0
        ],
        "path_router_node_branches_avg": [
            2.0,
            2.0,
            2.0,
            [
                2.0,
                2.0,
                2.0,
                2.0,
                2.0,
                3.0
            ],
            2.134228187919463
        ],
        "graph_max_wire_length": [
            2408.0812531650804,
            2327.494058152304,
            2471.4037473439694,
            [
                1992.0032308048535,
                2042.152770606798,
                2176.59851337098,
                2562.973940191428,
                2879.0732560468177,
                3029.698382957157
            ],
            2418.126747339924
        ],
        "graph_avg_wire_length": [
            1168.6349510122604,
            1098.7612491117939,
            1208.9612074993877,
            [
                959.950895096072,
                971.9637501592302,
                1039.7233523257182,
                1307.1579354252108,
                1471.1416869098164,
                1536.0315029665885
            ],
            1196.9773702793075
        ],
        "graph_max_node_count": [
            34.0,
            32.0,
            35.0,
            [
                27.0,
                28.0,
                30.0,
                36.25,
                39.0,
                42.05
            ],
            33.72
        ],
        "graph_avg_node_count": [
            16.74526943644591,
            16.429055345865404,
            17.388464640177585,
            [
                13.521416083916085,
                13.660104529616726,
                14.885034525937552,
                18.740312655282324,
                20.148963432406376,
                21.738754325259514
            ],
            17.004051357802474
        ],