{
    "total_wire_length": 4216.769173010084,
    "total_jumper_length": 49.19756479870338,
    "total_jumper_count": 5,
    "center_node_count": 36,
    "edge_node_count": 38,
    "total_node_count": 74,
    "reachable_node_count": [
        58.0,
        58.0,
        58.0,
        [
            6.0,
            10.0,
            58.0,
            58.0,
            58.0,
            58.0
        ],
        50.52
    ],
    "unreachable_node_count": [
        16.0,
        16.0,
        16.0,
        [
            16.0,
            16.0,
            16.0,
            16.0,
            64.0,
            68.0
        ],
        23.48
    ],
    "reachable_wire_length": [
        3683.259613146514,
        3683.259613146514,
        3683.259613146514,
        [
            182.1062451616785,
            351.40331470189204,
            3683.259613146514,
            3683.259613146514,
            3683.259613146514,
            3683.259613146514
        ],
        3171.630373512006
    ],
    "unreachable_wire_length": [
        533.5095598635705,
        533.5095598635705,
        533.5095598635705,
        [
            533.5095598635705,
            533.5095598635705,
            533.5095598635705,
            533.5095598635705,
            3865.3658583081924,
            4034.662927848406
        ],
        1045.1387994980787
    ],
    "reachable_jumper_length": [
        49.19756479870338,
        49.19756479870338,
        49.19756479870338,
        [
            0.0,
            0.0,
            49.19756479870338,
            49.19756479870338,
            49.19756479870338,
            49.19756479870338
        ],
        41.81793007889788
    ],
    "unreachable_jumper_length": [
        0.0,
        0.0,
        0.0,
        [
            0.0,
            0.0,
            0.0,
            0.0,
            49.19756479870338,
            49.19756479870338
        ],
        7.379634719805507
    ],
    "reachable_jumper_count": [
        5.0,
        5.0,
        5.0,
        [
            0.0,
            0.0,
            5.0,
            5.0,
            5.0,
            5.0
        ],
        4.25
    ],
    "unreachable_jumper_count": [
        0.0,
        0.0,
        0.0,
        [
            0.0,
            0.0,
            0.0,
            0.0,
            5.0,
            5.0
        ],
        0.75
    ],
    "shortest_path": {
        "percent_useful_node_count": [
            0.5,
            0.4864864864864865,
            0.5,
            [
                0.04054054054054054,
                0.05405405405405406,
                0.4864864864864865,
                0.5135135135135135,
                0.5135135135135135,
                0.527027027027027
            ],
            0.4322972972972973
        ],
        "percent_useful_wire_length": 50.0822307573254,
        "percent_reachable_sensors": 0.31573,
        "percent_useful_jumper_count": [
            0.6,
            0.6,
            0.8,
            [
                0.0,
                0.0,
                0.6,
                0.8,
                0.8,
                0.8
            ],
            0.5919999999999999
        ],
        "percent_useful_jumper_length": [
            0.30000000000000004,
            0.2,
            0.4,
            [
                0.0,
                0.0,
                0.2,
                0.4,
                0.4,
                0.4
            ],
            0.26999999999999996
        ],
        "percent_unreachable_bc_short_jumper": 0.58148,
        "percent_multiroute_reached_nodes": [
            0.5921690921690922,
            0.5789473684210527,
            0.6081871345029239,
            [
                0.5243910256410257,
                0.5263157894736842,
                0.5526315789473685,
                0.6285714285714286,
                0.7000000000000004,
                1.0
            ],
            0.6230716517999801
        ],
        "path_length_max": [
            929.29896965533,
            924.3173694960944,
            929.29896965533
        ],
        "path_length_avg": [
            394.97602385594416,
            392.2003887331012,
            397.2154380982723,
            [
                108.17985453453527,
                154.51471003617328,
                263.37399542721346,
                521.8948028849671,
                639.9289331892797,
                697.580443102964
            ],
            396.7679960453782
        ],
        "path_node_count_max": [
            14.0,
            13.0,
            14.0
        ],
        "path_node_count_avg": [
            5.0,
            5.0,
            6.0,
            [
                1.0,
                2.0,
                3.0,
                8.0,
                10.0,
                10.0
            ],
            5.544515883824787
        ],
        "path_jumper_count_max": [
            2.0,
            2.0,
            2.0
        ],
        "path_jumper_count_avg": [
            1.0,
            0.0,
            1.0,
            [
                0.0,
                0.0,
                0.0,
                1.0,
                1.0,
                1.0
            ],
            0.5024863015867989
        ],
        "path_sensor_jumper_length_max": [
            19.99955297129658,
            19.996729652621397,
            19.99955297129658
        ],
        "path_sensor_jumper_length_avg": [
            9.056113900258428,
            8.947200612166485,
            9.16533154551683,
            [
                0.860340669549667,
                1.6994392542019086,
                4.261610157397824,
                14.246112724979554,
                17.53347490627363,
                18.706934108438922
            ],
            9.33872716799733
        ],
        "path_router_node_branches_max": [
            2.0,
            2.0,
            2.0
        ],
        "path_router_node_branches_avg": [
            2.0,
            2.0,
            2.0,
            [
                2.0,
                2.0,
                2.0,
                2.0,
                2.0,
                2.0
            ],
            2.0
        ],
        "graph_max_wire_length": [
            678.9730458345377,
            661.8270129658033,
            706.7019432899525,
            [
                192.9857261065572,
                244.35721781848318,
                575.1875750499195,
                764.9354181762196,
                815.7310964622013,
                832.9056596875467
            ],
            628.7736108895606
        ],
        "graph_avg_wire_length": [
            381.83283467793706,
            370.50264827869216,
            394.03757655488846,
            [
                115.64712188136666,
                167.27948085090804,
                344.51889088060176,
                420.17840753448615,
                504.2079005820776,
                518.7467990919174
            ],
            368.90372027265386
        ],
        "graph_max_node_count": [
            11.0,
            11.0,
            11.0,
            [
                3.0,
                3.0,
                10.0,
                12.0,
                13.0,
                13.0
            ],
            10.17
        ],
        "graph_avg_node_count": [
            6.094827586206897,
            5.7844827586206895,
            6.189655172413793,
            [
                2.0,
                2.2,
                5.655172413793103,
                6.689655172413794,
                7.648275862068966,
                7.779310344827586
            ],
            5.786385964912282
        ],
        "graph_max_jumper_count": [
            1.0,
            1.0,
            1.0,
            [
                0.0,
                0.0,
                1.0,
                1.0,
                2.0,
                2.0
            ],
            0.96
        ],