{
    "total_wire_length": 61533.406439061066,
    "total_jumper_length": 1318.3144342970375,
    "total_jumper_count": 141,
    "center_node_count": 2059,
    "edge_node_count": 291,
    "total_node_count": 2350,
    "reachable_node_count": [
        2350.0,
        2350.0,
        2350.0,
        [
            2350.0,
            2350.0,
            2350.0,
            2350.0,
            2350.0,
            2350.0
        ],
        2350.0
    ],
    "unreachable_node_count": [
        0.0,
        0.0,
        0.0,
        [
            0.0,
            0.0,
            0.0,
            0.0,
            0.0,
            0.0
        ],
        0.0
    ],
    "reachable_wire_length": [
        61533.406439061044,
        61533.406439061044,
        61533.406439061044,
        [
            61533.406439061044,
            61533.406439061044,
            61533.406439061044,
            61533.406439061044,
            61533.406439061044,
            61533.406439061044
        ],
        61533.40643906105
    ],
    "unreachable_wire_length": [
        0.0,
        0.0,
        0.0,
        [
            0.0,
            0.0,
            0.0,
            0.0,
            0.0,
            0.0
        ],
        0.0
    ],
    "reachable_jumper_length": [
        1318.3144342970388,
        1318.3144342970388,
        1318.3144342970388,
        [
            1318.3144342970388,
            1318.3144342970388,
            1318.3144342970388,
            1318.3144342970388,
            1318.3144342970388,
            1318.3144342970388
        ],
        1318.3144342970388
    ],
    "unreachable_jumper_length": [
        0.0,
        0.0,
        0.0,
        [
            0.0,
            0.0,
            0.0,
            0.0,
            0.0,
            0.0
        ],
        0.0
    ],
    "reachable_jumper_count": [
        141.0,
        141.0,
        141.0,
        [
            141.0,
            141.0,
            141.0,
            141.0,
            141.0,
            141.0
        ],
        141.0
    ],
    "unreachable_jumper_count": [
        0.0,
        0.0,
        0.0,
        [
            0.0,
            0.0,
            0.0,
            0.0,
            0.0,
            0.0
        ],
        0.0
    ],
    "shortest_path": {
        "percent_useful_node_count": [
            0.7674468085106383,
            0.765531914893617,
            0.772127659574468,
            [
                0.7488297872340425,
                0.7514042553191489,
                0.7591489361702127,
                0.7779787234042553,
                0.7855319148936171,
                0.7936595744680851
            ],
            0.768795744680851
        ],
        "percent_useful_wire_length": 55.86152185901871,
        "percent_reachable_sensors": 0.97773,
        "percent_useful_jumper_count": [
            0.46808510638297873,
            0.45390070921985815,
            0.475177304964539,
            [
                0.3968085106382979,
                0.4177304964539007,
                0.4397163120567376,
                0.48936170212765956,
                0.5106382978723404,
                0.524822695035461
            ],
            0.46148936170212773
        ],
        "percent_useful_jumper_length": [
            0.028368794326241134,
            0.028368794326241134,
            0.03546099290780142,
            [
                0.02127659574468085,
                0.02127659574468085,
                0.02127659574468085,
                0.03546099290780142,
                0.0425531914893617,
                0.0425531914893617
            ],
            0.03070921985815602
        ],
        "percent_unreachable_bc_short_jumper": 0.02227,
        "percent_multiroute_reached_nodes": [
            0.23596546064021534,
            0.22777167947310648,
            0.23827324604576128,
            [
                0.20268917635704167,
                0.207882267966775,
                0.22167257548240224,
                0.24433373260508634,
                0.25452077613308144,
                0.2586606895763635
            ],
            0.23243902209040407
        ],
        "path_length_max": [
            2179.409588513597,
            2122.535785821563,
            2179.409588513597
        ],
        "path_length_avg": [
            664.3837651620402,
            661.8255795276093,
            666.8740309321446,
            [
                194.76573120924024,
                273.040316016001,
                449.22616961572857,
                916.7828714580562,
                1192.5016716276325,
                1344.0434659190453
            ],
            704.7476807819148
        ],
        "path_node_count_max": [
            120.0,
            118.0,
            120.0
        ],
        "path_node_count_avg": [
            35.0,
            35.0,
            35.0,
            [
                10.0,
                14.0,
                23.0,
                49.0,
                65.0,
                73.0
            ],
            37.28096713816698
        ],
        "path_jumper_count_max": [
            19.0,
            19.0,
            19.0
        ],
        "path_jumper_count_avg": [
            1.0,
            1.0,
            1.0,
            [
                0.0,
                0.0,
                1.0,
                2.0,
                6.0,
                8.0
            ],
            2.1410716660018614
        ],
        "path_sensor_jumper_length_max": [
            19.99825855371677,
            19.995381560012827,
            19.99825855371677
        ],
        "path_sensor_jumper_length_avg": [
            5.652037235417674,
            5.611444917163855,
            5.695542684012681,
            [
                0.47280956879758795,
                0.9569568301843483,
                2.54593332089586,
                10.263066738747721,
                14.717885681675703,
                16.873301758704827
            ],
            6.802412335330239
        ],
        "path_router_node_branches_max": [
            2.0,
            2.0,
            2.0
        ],
        "path_router_node_branches_avg": [
            2.0,
            2.0,
            2.0,
            [
                2.0,
                2.0,
                2.0,
                2.0,
                2.0,
                2.0
            ],
            2.0
        ],
        "graph_max_wire_length": [
            1478.2581296660387,
            1453.6339087965678,
            1537.9139218069247,
            [
                1187.890849387737,
                1228.0478272947828,
                1365.7491557429496,
                1650.9741612079044,
                1949.0223305104453,
                2074.3198042200293
            ],
            1532.4676021101593
        ],
        "graph_avg_wire_length": [
            644.2706883316434,
            615.3411170117397,
            668.4343303051052,
            [
                535.5525596098317,
                549.313342678318,
                578.1527700325282,
                732.4927607370713,
                928.2702580871075,
                1016.0545377757958
            ],
            682.2110671904771
        ],
        "graph_max_node_count": [
            84.5,
            82.0,
            87.0,
            [
                68.95,
                71.9,
                78.0,
                94.0,
                112.0,
                115.14999999999999
            ],
            87.3
        ],
        "graph_avg_node_count": [
            34.59049710976421,
            32.92410217784028,
            36.344977552638575,
            [
                28.79746038028399,
                29.242173653421133,
                30.923654266194035,
                39.506025594727035,
                52.89906309395549,
                55.12647399749373
            ],
            36.79053858422557
        ],