{
    "total_wire_length": 8724.742940518963,
    "total_jumper_length": 1506.5311455912613,
    "total_jumper_count": 43,
    "center_node_count": 143,
    "edge_node_count": 73,
    "total_node_count": 216,
    "reachable_node_count": [
        216.0,
        216.0,
        216.0,
        [
            216.0,
            216.0,
            216.0,
            216.0,
            216.0,
            216.0
        ],
        216.0
    ],
    "unreachable_node_count": [
        0.0,
        0.0,
        0.0,
        [
            0.0,
            0.0,
            0.0,
            0.0,
            0.0,
            0.0
        ],
        0.0
    ],
    "reachable_wire_length": [
        8724.742940518961,
        8724.742940518961,
        8724.742940518961,
        [
            8724.742940518961,
            8724.742940518961,
            8724.742940518961,
            8724.742940518961,
            8724.742940518961,
            8724.742940518961
        ],
        8724.742940518963
    ],
    "unreachable_wire_length": [
        0.0,
        0.0,
        0.0,
        [
            0.0,
            0.0,
            0.0,
            0.0,
            0.0,
            0.0
        ],
        0.0
    ],
    "reachable_jumper_length": [
        1506.5311455912608,
        1506.5311455912608,
        1506.5311455912608,
        [
            1506.5311455912608,
            1506.5311455912608,
            1506.5311455912608,
            1506.5311455912608,
            1506.5311455912608,
            1506.5311455912608
        ],
        1506.5311455912608
    ],
    "unreachable_jumper_length": [
        0.0,
        0.0,
        0.0,
        [
            0.0,
            0.0,
            0.0,
            0.0,
            0.0,
            0.0
        ],
        0.0
    ],
    "reachable_jumper_count": [
        43.0,
        43.0,
        43.0,
        [
            43.0,
            43.0,
            43.0,
            43.0,
            43.0,
            43.0
        ],
        43.0
    ],
    "unreachable_jumper_count": [
        0.0,
        0.0,
        0.0,
        [
            0.0,
            0.0,
            0.0,
            0.0,
            0.0,
            0.0
        ],
        0.0
    ],
    "shortest_path": {
        "percent_useful_node_count": [
            0.8425925925925926,
            0.8379050925925925,
            0.8425925925925926,
            [
                0.8145833333333333,
                0.8194444444444444,
                0.8240740740740741,
                0.8472222222222222,
                0.8564814814814815,
                0.8611111111111112
            ],
            0.8381944444444446
        ],
        "percent_useful_wire_length": 72.59284918805925,
        "percent_reachable_sensors": 1.0,
        "percent_useful_jumper_count": [
            0.5813953488372093,
            0.5813953488372093,
            0.5813953488372093,
            [
                0.5116279069767442,
                0.5116279069767442,
                0.5581395348837209,
                0.6046511627906976,
                0.6511627906976745,
                0.6744186046511628
            ],
            0.582325581395349
        ],
        "percent_useful_jumper_length": [
            0.09302325581395349,
            0.09302325581395349,
            0.11627906976744186,
            [
                0.06976744186046512,
                0.06976744186046512,
                0.09302325581395349,
                0.11627906976744186,
                0.13953488372093023,
                0.13953488372093023
            ],
            0.1027906976744186
        ],
        "percent_unreachable_bc_short_jumper": 0.0,
        "percent_multiroute_reached_nodes": [
            0.3611111111111111,
            0.35501498325401026,
            0.366120218579235,
            [
                0.31414453275031756,
                0.32577240038272787,
                0.34062964062964063,
                0.37640449438202245,
                0.4013578582434515,
                0.40676935424126437
            ],
            0.3594293588606549
        ],
        "path_length_max": [
            785.6338819661687,
            778.0184769743726,
            785.6338819661687
        ],
        "path_length_avg": [
            381.22753621699496,
            379.96813092141934,
            382.3670992491606,
            [
                131.26662441061455,
                179.2374732546481,
                271.7728903024366,
                477.0368384359202,
                555.2386089623383,
                599.6666112875909
            ],
            373.8516166431774
        ],
        "path_node_count_max": [
            22.0,
            22.0,
            22.0
        ],
        "path_node_count_avg": [
            10.0,
            10.0,
            10.0,
            [
                3.0,
                4.0,
                7.0,
                13.0,
                15.0,
                16.0
            ],
            9.71335
        ],
        "path_jumper_count_max": [
            8.0,
            8.0,
            8.0
        ],
        "path_jumper_count_avg": [
            1.0,
            1.0,
            1.0,
            [
                0.0,
                0.0,
                0.0,
                1.0,
                2.0,
                3.0
            ],
            0.99863
        ],
        "path_sensor_jumper_length_max": [
            56.20260321449748,
            55.17656732509113,
            56.20260321449748
        ],
        "path_sensor_jumper_length_avg": [
            11.904993564306569,
            11.815176419192902,
            11.999100182964119,
            [
                0.9976616970673126,
                1.9998825200226185,
                5.301883423104558,
                21.918800884072535,
                31.770625802274303,
                36.73891193531382
            ],
            14.58096889555038
        ],
        "path_router_node_branches_max": [
            3.0,
            2.0,
            3.0
        ],
        "path_router_node_branches_avg": [
            2.0,
            2.0,
            2.0,
            [
                2.0,
                2.0,
                2.0,
                2.0,
                2.0,
                2.0
            ],
            2.0441176470588234
        ],
        "graph_max_wire_length": [
            653.6101494618651,
            636.5322683329697,
            669.4201360570869,
            [
                560.1781335006146,
                578.5669649113478,
                608.2222228599003,
                693.8856414742745,
                719.7268326140129,
                743.5842953774252
            ],
            651.784129543475
        ],
        "graph_avg_wire_length": [
            359.29077094567907,
            352.3516841560912,
            370.32690149775516,
            [
                314.03099895546353,
                319.2811721101772,
                334.88581735499156,
                397.1334943880962,
                425.8668420353501,
                439.29901356075675
            ],
            367.2176147364338
        ],
        "graph_max_node_count": [
            19.0,
            18.0,
            19.0,
            [
                16.0,
                17.0,
                17.75,
                20.0,
                22.0,
                22.0
            ],
            18.99
        ],
        "graph_avg_node_count": [
            10.145833333333332,
            9.81472746331237,
            10.685261143013399,
            [
                9.128703703703703,
                9.22128756114605,
                9.496527777777779,
                11.324074074074074,
                12.296296296296296,
                12.773976722049152
            ],
            10.492906635232218
        ],