{
    "total_wire_length": 5615.880579456147,
    "total_jumper_length": 174.4644462358185,
    "total_jumper_count": 11,
    "center_node_count": 49,
    "edge_node_count": 39,
    "total_node_count": 88,
    "reachable_node_count": [
        88.0,
        88.0,
        88.0,
        [
            88.0,
            88.0,
            88.0,
            88.0,
            88.0,
            88.0
        ],
        88.0
    ],
    "unreachable_node_count": [
        0.0,
        0.0,
        0.0,
        [
            0.0,
            0.0,
            0.0,
            0.0,
            0.0,
            0.0
        ],
        0.0
    ],
    "reachable_wire_length": [
        5615.880579456145,
        5615.880579456145,
        5615.880579456145,
        [
            5615.880579456145,
            5615.880579456145,
            5615.880579456145,
            5615.880579456145,
            5615.880579456145,
            5615.880579456145
        ],
        5615.880579456145
    ],
    "unreachable_wire_length": [
        0.0,
        0.0,
        0.0,
        [
            0.0,
            0.0,
            0.0,
            0.0,
            0.0,
            0.0
        ],
        0.0
    ],
    "reachable_jumper_length": [
        174.4644462358185,
        174.4644462358185,
        174.4644462358185,
        [
            174.4644462358185,
            174.4644462358185,
            174.4644462358185,
            174.4644462358185,
            174.4644462358185,
            174.4644462358185
        ],
        174.46444623581854
    ],
    "unreachable_jumper_length": [
        0.0,
        0.0,
        0.0,
        [
            0.0,
            0.0,
            0.0,
            0.0,
            0.0,
            0.0
        ],
        0.0
    ],
    "reachable_jumper_count": [
        11.0,
        11.0,
        11.0,
        [
            11.0,
            11.0,
            11.0,
            11.0,
            11.0,
            11.0
        ],
        11.0
    ],
    "unreachable_jumper_count": [
        0.0,
        0.0,
        0.0,
        [
            0.0,
            0.0,
            0.0,
            0.0,
            0.0,
            0.0
        ],
        0.0
    ],
    "shortest_path": {
        "percent_useful_node_count": [
            0.75,
            0.75,
            0.7613636363636364,
            [
                0.7159090909090909,
                0.7272727272727273,
                0.7386363636363636,
                0.7613636363636364,
                0.7727272727272727,
                0.7840909090909091
            ],
            0.7515909090909091
        ],
        "percent_useful_wire_length": 69.70896357800822,
        "percent_reachable_sensors": 0.71161,
        "percent_useful_jumper_count": [
            0.8181818181818182,
            0.8181818181818182,
            0.8181818181818182,
            [
                0.6363636363636364,
                0.7272727272727273,
                0.7272727272727273,
                0.9090909090909091,
                0.9090909090909091,
                0.9090909090909091
            ],
            0.81
        ],
        "percent_useful_jumper_length": [
            0.36363636363636365,
            0.36363636363636365,
            0.36363636363636365,
            [
                0.2727272727272727,
                0.2727272727272727,
                0.36363636363636365,
                0.36363636363636365,
                0.45454545454545453,
                0.45454545454545453
            ],
            0.3572727272727274
        ],
        "percent_unreachable_bc_short_jumper": 0.28839,
        "percent_multiroute_reached_nodes": [
            0.44365079365079363,
            0.43937026515151517,
            0.44851827817434564,
            [
                0.3969028520499108,
                0.4026865671641791,
                0.42424242424242425,
                0.461825487944891,
                0.48392137096774196,
                0.49230769230769234
            ],
            0.4423174477883711
        ],
        "path_length_max": [
            1159.40592984073,
            1117.3155175005688,
            1159.40592984073
        ],
        "path_length_avg": [
            468.1469317966872,
            466.43356497973576,
            469.9669565123965,
            [
                145.2975546635015,
                203.72332630475725,
                327.4453437611177,
                595.9369438410797,
                703.9407334838153,
                766.8229359539663
            ],
            462.81336696184735
        ],
        "path_node_count_max": [
            18.0,
            17.0,
            18.0
        ],
        "path_node_count_avg": [
            7.0,
            7.0,
            7.0,
            [
                1.0,
                2.0,
                4.0,
                9.0,
                11.0,
                13.0
            ],
            6.867891120136029
        ],
        "path_jumper_count_max": [
            4.0,
            4.0,
            4.0
        ],
        "path_jumper_count_avg": [
            1.0,
            1.0,
            1.0,
            [
                0.0,
                0.0,
                0.0,
                1.0,
                2.0,
                2.0
            ],
            0.8361883616025632
        ],
        "path_sensor_jumper_length_max": [
            39.99973322400119,
            39.997797694059365,
            39.99973322400119
        ],
        "path_sensor_jumper_length_avg": [
            15.520953697365009,
            15.407474603231039,
            15.65503790884298,
            [
                1.3356492651543763,
                2.7375081954769005,
                7.136860112055471,
                25.693988037932794,
                33.448921478362315,
                36.57771738016231
            ],
            16.84491357717846
        ],
        "path_router_node_branches_max": [
            2.0,
            2.0,
            2.0
        ],
        "path_router_node_branches_avg": [
            2.0,
            2.0,
            2.0,
            [
                2.0,
                2.0,
                2.0,
                2.0,
                2.0,
                2.0
            ],
            2.0
        ],
        "graph_max_wire_length": [
            800.721203764588,
            774.6218571175497,
            816.1221189278574,
            [
                645.1877364757306,
                664.6493365753277,
                732.2507135888678,
                856.531063857382,
                927.86868436368,
                1003.8056786646041
            ],
            800.1376948443955
        ],
        "graph_avg_wire_length": [
            451.68149787229277,
            436.3708741157726,
            476.4887140182275,
            [
                370.2127408310639,
                388.86412044950913,
                421.83440069511335,
                499.91197749807225,
                552.4185142005036,
                575.6622839173848
            ],
            467.2407172880184
        ],
        "graph_max_node_count": [
            14.5,
            13.0,
            15.0,
            [
                11.0,
                11.0,
                13.0,
                16.0,
                17.0,
                18.0
            ],
            14.27
        ],
        "graph_avg_node_count": [
            7.589171122994652,
            7.429411764705883,
            7.758324524312897,
            [
                6.358513289036544,
                6.481244083840433,
                7.1022727272727275,
                8.431818181818182,
                9.556818181818182,
                9.735664084911072
            ],
            7.816474616982273
        ],