{
    "total_wire_length": 31040.73301771664,
    "total_jumper_length": 18.96553222885482,
    "total_jumper_count": 5,
    "center_node_count": 260,
    "edge_node_count": 106,
    "total_node_count": 366,
    "reachable_node_count": [
        186.0,
        104.0,
        186.0,
        [
            76.0,
            76.0,
            104.0,
            186.0,
            186.0,
            186.0
        ],
        139.92
    ],
    "unreachable_node_count": [
        180.0,
        180.0,
        262.0,
        [
            180.0,
            180.0,
            180.0,
            262.0,
            290.0,
            290.0
        ],
        226.08
    ],
    "reachable_wire_length": [
        15905.678500285565,
        9156.719474201605,
        15905.678500285565,
        [
            5978.3350432294765,
            5978.3350432294765,
            9156.719474201605,
            15905.678500285565,
            15905.678500285565,
            15905.678500285565
        ],
        11903.365904331955
    ],
    "unreachable_wire_length": [
        15135.054517431081,
        15135.054517431081,
        21884.013543515033,
        [
            15135.054517431081,
            15135.054517431081,
            15135.054517431081,
            21884.013543515033,
            25062.39797448716,
            25062.39797448716
        ],
        19137.367113384687
    ],
    "reachable_jumper_length": [
        15.047473350791869,
        3.9180588780629546,
        15.047473350791869,
        [
            0.0,
            0.0,
            3.9180588780629546,
            15.047473350791869,
            15.047473350791869,
            15.047473350791869
        ],
        8.765020273146881
    ],
    "unreachable_jumper_length": [
        3.9180588780629546,
        3.9180588780629546,
        15.047473350791869,
        [
            3.9180588780629546,
            3.9180588780629546,
            3.9180588780629546,
            15.047473350791869,
            18.96553222885482,
            18.96553222885482
        ],
        10.200511955707944
    ],
    "reachable_jumper_count": [
        4.0,
        1.0,
        4.0,
        [
            0.0,
            0.0,
            1.0,
            4.0,
            4.0,
            4.0
        ],
        2.32
    ],
    "unreachable_jumper_count": [
        1.0,
        1.0,
        4.0,
        [
            1.0,
            1.0,
            1.0,
            4.0,
            5.0,
            5.0
        ],
        2.68
    ],
    "shortest_path": {
        "percent_useful_node_count": [
            0.2855191256830601,
            0.17076502732240437,
            0.30327868852459017,
            [
                0.10655737704918032,
                0.11202185792349727,
                0.1407103825136612,
                0.31420765027322406,
                0.3251366120218579,
                0.33060109289617484
            ],
            0.22819672131147542
        ],
        "percent_useful_wire_length": 20.814924004064654,
        "percent_reachable_sensors": 0.0914,
        "percent_useful_jumper_count": [
            0.2,
            0.2,
            0.2,
            [
                0.0,
                0.0,
                0.0,
                0.4,
                0.4200000000000017,
                0.6
            ],
            0.226
        ],
        "percent_useful_jumper_length": [
            0.2,
            0.0,
            0.2,
            [
                0.0,
                0.0,
                0.0,
                0.2,
                0.2,
                0.2
            ],
            0.10399999999999998
        ],
        "percent_unreachable_bc_short_jumper": 0.76162,
        "percent_multiroute_reached_nodes": [
            0.43333333333333335,
            0.4230769230769231,
            0.45,
            [
                0.3649252717391304,
                0.3706896551724138,
                0.39007618801652894,
                0.494047619047619,
                0.5854499579478553,
                0.5954761904761905
            ],
            0.45303696214884015
        ],
        "path_length_max": [
            2670.522860223454,
            2635.0864951736135,
            2670.522860223454
        ],
        "path_length_avg": [
            755.052699575733,
            741.5462018105372,
            768.969655876046,
            [
                191.91891771216848,
                281.31110942121865,
                450.23468014896275,
                1258.4428169452653,
                1826.4612094285787,
                2065.1416765797344
            ],
            906.0116792587237
        ],
        "path_node_count_max": [
            36.0,
            35.0,
            36.0
        ],
        "path_node_count_avg": [
            9.0,
            9.0,
            9.0,
            [
                2.0,
                3.0,
                5.0,
                17.0,
                25.0,
                28.0
            ],
            11.682932166301969
        ],
        "path_jumper_count_max": [
            2.0,
            2.0,
            2.0
        ],
        "path_jumper_count_avg": [
            0.0,
            0.0,
            0.0,
            [
                0.0,
                0.0,
                0.0,
                1.0,
                1.0,
                1.0
            ],
            0.3293216630196937
        ],
        "path_sensor_jumper_length_max": [
            9.999826106541084,
            9.997188794082383,
            9.999826106541084
        ],
        "path_sensor_jumper_length_avg": [
            4.7852278949940725,
            4.6568328706754665,
            4.891974950077119,
            [
                0.4987295805822799,
                0.9611476730168433,
                2.2772939692874536,
                7.269890268332939,
                8.903139342551741,
                9.450748494722154
            ],
            4.838723900926177
        ],
        "path_router_node_branches_max": [
            2.0,
            2.0,
            2.0
        ],
        "path_router_node_branches_avg": [
            2.0,
            2.0,
            2.0,
            [
                2.0,
                2.0,
                2.0,
                2.0,
                2.0,
                2.0
            ],
            2.0
        ],
        "graph_max_wire_length": [
            1617.1790636500805,
            1275.582050071685,
            1979.7693268137264,
            [
                832.399518447258,
                941.4771662797828,
                1164.4359426939257,
                2311.4596747311853,
                2580.0469049999915,
                2608.473005498099
            ],
            1705.2877533342794
        ],
        "graph_avg_wire_length": [
            839.2536376574083,
            676.0217072084988,
            947.0072205301534,
            [
                478.3708841657612,
                518.371917841654,
                600.9993239658306,
                1054.4385565875582,
                1290.5102329700433,
                1309.1146396488707
            ],
            855.7011908654475
        ],
        "graph_max_node_count": [
            23.5,
            17.0,
            27.0,
            [
                11.0,
                12.0,
                15.0,
                31.25,
                35.0,
                35.05
            ],
            23.07
        ],
        "graph_avg_node_count": [
            11.513513513513514,
            8.64423076923077,
            12.766793111045828,
            [
                6.309859154929577,
                6.727884615384615,
                7.9868421052631575,
                14.533217088055798,
                17.065405405405407,
                18.906077348066297
            ],
            11.57836783085961
        ],