{
    "total_wire_length": 6995.437751244787,
    "total_jumper_length": 25.234932356259243,
    "total_jumper_count": 1,
    "center_node_count": 27,
    "edge_node_count": 29,
    "total_node_count": 56,
    "reachable_node_count": [
        42.0,
        42.0,
        42.0,
        [
            6.0,
            8.0,
            42.0,
            42.0,
            42.0,
            42.0
        ],
        36.4
    ],
    "unreachable_node_count": [
        14.0,
        14.0,
        14.0,
        [
            14.0,
            14.0,
            14.0,
            14.0,
            48.0,
            50.0
        ],
        19.6
    ],
    "reachable_wire_length": [
        5569.789927385501,
        5569.789927385501,
        5569.789927385501,
        [
            561.8889442903204,
            863.7588795689679,
            5569.789927385501,
            5569.789927385501,
            5569.789927385501,
            5569.789927385501
        ],
        4792.675364912564
    ],
    "unreachable_wire_length": [
        1425.6478238592886,
        1425.6478238592886,
        1425.6478238592886,
        [
            1425.6478238592886,
            1425.6478238592886,
            1425.6478238592886,
            1425.6478238592886,
            6131.678871675821,
            6433.548806954469
        ],
        2202.762386332226
    ],
    "reachable_jumper_length": [
        25.234932356259243,
        25.234932356259243,
        25.234932356259243,
        [
            0.0,
            0.0,
            25.234932356259243,
            25.234932356259243,
            25.234932356259243,
            25.234932356259243
        ],
        21.197343179257764
    ],
    "unreachable_jumper_length": [
        0.0,
        0.0,
        0.0,
        [
            0.0,
            0.0,
            0.0,
            0.0,
            25.234932356259243,
            25.234932356259243
        ],
        4.037589177001479
    ],
    "reachable_jumper_count": [
        1.0,
        1.0,
        1.0,
        [
            0.0,
            0.0,
            1.0,
            1.0,
            1.0,
            1.0
        ],
        0.84
    ],
    "unreachable_jumper_count": [
        0.0,
        0.0,
        0.0,
        [
            0.0,
            0.0,
            0.0,
            0.0,
            1.0,
            1.0
        ],
        0.16
    ],
    "shortest_path": {
        "percent_useful_node_count": [
            0.44642857142857145,
            0.42857142857142855,
            0.44642857142857145,
            [
                0.05357142857142857,
                0.05357142857142857,
                0.42857142857142855,
                0.44642857142857145,
                0.4642857142857143,
                0.48214285714285715
            ],
            0.38392857142857145
        ],
        "percent_useful_wire_length": 45.482311930722545,
        "percent_reachable_sensors": 0.2899,
        "percent_useful_jumper_count": [
            1.0,
            1.0,
            1.0,
            [
                0.0,
                0.0,
                1.0,
                1.0,
                1.0,
                1.0
            ],
            0.84
        ],
        "percent_useful_jumper_length": [
            1.0,
            1.0,
            1.0,
            [
                0.0,
                0.0,
                1.0,
                1.0,
                1.0,
                1.0
            ],
            0.84
        ],
        "percent_unreachable_bc_short_jumper": 0.58092,
        "percent_multiroute_reached_nodes": [
            0.6538461538461539,
            0.64,
            0.6666666666666666,
            [
                0.5925925925925926,
                0.6153846153846154,
                0.64,
                0.6666666666666666,
                0.6870000000000006,
                0.7624999999999993
            ],
            0.6685406439027131
        ],
        "path_length_max": [
            2315.4654390338897,
            2275.355279214335,
            2315.4654390338897
        ],
        "path_length_avg": [
            848.2700169951021,
            838.6941027350489,
            858.528603615461,
            [
                204.601833112326,
                273.32575464686334,
                477.3614973163117,
                1369.9639788538357,
                1656.0858458367693,
                1785.8260404971857
            ],
            926.2615276630833
        ],
        "path_node_count_max": [
            15.0,
            15.0,
            15.0
        ],
        "path_node_count_avg": [
            5.0,
            5.0,
            5.0,
            [
                1.0,
                1.0,
                3.0,
                9.0,
                11.0,
                12.0
            ],
            5.97819937909624
        ],
        "path_jumper_count_max": [
            1.0,
            1.0,
            1.0
        ],
        "path_jumper_count_avg": [
            0.0,
            0.0,
            0.0,
            [
                0.0,
                0.0,
                0.0,
                1.0,
                1.0,
                1.0
            ],
            0.4909624008278717
        ],
        "path_sensor_jumper_length_max": [
            39.99788809850214,
            39.995479502480116,
            39.99788809850214
        ],
        "path_sensor_jumper_length_avg": [
            18.134730598463733,
            17.890934371877382,
            18.374083149432494,
            [
                1.628462318574136,
                3.407417593352853,
                8.726505065554466,
                28.581787947804443,
                35.343367572877824,
                37.71145013298183
            ],
            18.77536350355262
        ],
        "path_router_node_branches_max": [
            2.0,
            2.0,
            2.0
        ],
        "path_router_node_branches_avg": [
            2.0,
            2.0,
            2.0,
            [
                2.0,
                2.0,
                2.0,
                2.0,
                2.0,
                2.0
            ],
            2.0
        ],
        "graph_max_wire_length": [
            1812.3705007174194,
            1730.3346545501547,
            1912.4794701798053,
            [
                364.26013958095797,
                476.0402560858437,
                1533.9260933789765,
                1971.8074984960465,
                2118.6072050083935,
                2194.416609164595
            ],
            1621.9106591327477
        ],
        "graph_avg_wire_length": [
            936.7763397628541,
            870.8310599376554,
            1006.8019713364057,
            [
                219.86857585891843,
                282.8661176809713,
                781.7444772547984,
                1049.4338098497503,
                1140.0152056870706,
                1210.43685649858
            ],
            862.8026494563127
        ],
        "graph_max_node_count": [
            13.0,
            13.0,
            14.0,
            [
                3.0,
                3.0,
                11.75,
                14.0,
                15.0,
                15.0
            ],
            11.68
        ],
        "graph_avg_node_count": [
            6.880952380952381,
            6.309523809523809,
            7.238095238095238,
            [
                2.0,
                2.0,
                5.785714285714286,
                7.571428571428571,
                8.285714285714286,
                8.476190476190476
            ],
            6.264523809523809
        ],
        "graph_max_jumper_count": [
            1.0,
            1.0,
            1.0,
            [
                0.0,
                0.0,
                1.0,
                1.0,
                1.0,
                1.0
            ],
            0.84
        ],