{
    "total_wire_length": 17697.778082560224,
    "total_jumper_length": 87.42824999000558,
    "total_jumper_count": 5,
    "center_node_count": 148,
    "edge_node_count": 56,
    "total_node_count": 204,
    "reachable_node_count": [
        204.0,
        204.0,
        204.0,
        [
            204.0,
            204.0,
            204.0,
            204.0,
            204.0,
            204.0
        ],
        204.0
    ],
    "unreachable_node_count": [
        0.0,
        0.0,
        0.0,
        [
            0.0,
            0.0,
            0.0,
            0.0,
            0.0,
            0.0
        ],
        0.0
    ],
    "reachable_wire_length": [
        17697.778082560224,
        17697.778082560224,
        17697.778082560224,
        [
            17697.778082560224,
            17697.778082560224,
            17697.778082560224,
            17697.778082560224,
            17697.778082560224,
            17697.778082560224
        ],
        17697.778082560228
    ],
    "unreachable_wire_length": [
        0.0,
        0.0,
        0.0,
        [
            0.0,
            0.0,
            0.0,
            0.0,
            0.0,
            0.0
        ],
        0.0
    ],
    "reachable_jumper_length": [
        87.42824999000558,
        87.42824999000558,
        87.42824999000558,
        [
            87.42824999000558,
            87.42824999000558,
            87.42824999000558,
            87.42824999000558,
            87.42824999000558,
            87.42824999000558
        ],
        87.42824999000558
    ],
    "unreachable_jumper_length": [
        0.0,
        0.0,
        0.0,
        [
            0.0,
            0.0,
            0.0,
            0.0,
            0.0,
            0.0
        ],
        0.0
    ],
    "reachable_jumper_count": [
        5.0,
        5.0,
        5.0,
        [
            5.0,
            5.0,
            5.0,
            5.0,
            5.0,
            5.0
        ],
        5.0
    ],
    "unreachable_jumper_count": [
        0.0,
        0.0,
        0.0,
        [
            0.0,
            0.0,
            0.0,
            0.0,
            0.0,
            0.0
        ],
        0.0
    ],
    "shortest_path": {
        "percent_useful_node_count": [
            0.7450980392156863,
            0.7401960784313726,
            0.75,
            [
                0.7252450980392157,
                0.7254901960784313,
                0.7352941176470589,
                0.7549019607843137,
                0.7647058823529411,
                0.7698529411764706
            ],
            0.7457843137254904
        ],
        "percent_useful_wire_length": 64.1517800667776,
        "percent_reachable_sensors": 0.71354,
        "percent_useful_jumper_count": [
            1.0,
            1.0,
            1.0,
            [
                0.8,
                0.8,
                1.0,
                1.0,
                1.0,
                1.0
            ],
            0.958
        ],
        "percent_useful_jumper_length": [
            0.4,
            0.2,
            0.4,
            [
                0.2,
                0.2,
                0.2,
                0.4,
                0.4,
                0.4
            ],
            0.30999999999999994
        ],
        "percent_unreachable_bc_short_jumper": 0.28646,
        "percent_multiroute_reached_nodes": [
            0.42567567567567566,
            0.42,
            0.4366638517267434,
            [
                0.3828712953712954,
                0.4035931174089069,
                0.4105111224316522,
                0.4451754385964912,
                0.46294815223386654,
                0.4741808844750021
            ],
            0.428479332484934
        ],
        "path_length_max": [
            2218.678846272432,
            2214.5938130010886,
            2218.678846272432
        ],
        "path_length_avg": [
            862.2442860403085,
            856.9535310412442,
            867.5980070677282,
            [
                243.45061382273508,
                345.7539867139469,
                555.4084684148073,
                1231.2323063911513,
                1553.621397501229,
                1707.3663643399916
            ],
            908.7953622825715
        ],
        "path_node_count_max": [
            32.0,
            31.0,
            32.0
        ],
        "path_node_count_avg": [
            12.0,
            12.0,
            12.0,
            [
                3.0,
                4.0,
                7.0,
                18.0,
                22.0,
                24.0
            ],
            12.439330661210304
        ],
        "path_jumper_count_max": [
            3.0,
            3.0,
            3.0
        ],
        "path_jumper_count_avg": [
            1.0,
            1.0,
            1.0,
            [
                0.0,
                0.0,
                0.0,
                1.0,
                2.0,
                2.0
            ],
            0.7773075090394371
        ],
        "path_sensor_jumper_length_max": [
            39.99919330157115,
            39.99564555515791,
            39.99919330157115
        ],
        "path_sensor_jumper_length_avg": [
            15.91800315489071,
            15.78549336902629,
            16.046729792760832,
            [
                1.408703399803538,
                2.8450627454764335,
                7.3899835742597055,
                26.123776091933646,
                33.774857236500765,
                36.74257840287769
            ],
            17.16361808124685
        ],
        "path_router_node_branches_max": [
            2.0,
            2.0,
            2.0
        ],
        "path_router_node_branches_avg": [
            2.0,
            2.0,
            2.0,
            [
                2.0,
                2.0,
                2.0,
                2.0,
                2.0,
                2.0
            ],
            2.0
        ],
        "graph_max_wire_length": [
            1707.8377379857811,
            1653.679677162532,
            1778.1041219406538,
            [
                1390.724049492292,
                1439.440877476137,
                1573.8073579624163,
                1915.7124896911955,
                2080.7557318357085,
                2153.428439798475
            ],
            1738.4909334105128
        ],
        "graph_avg_wire_length": [
            853.1648210870474,
            833.6617493006872,
            902.4039704636141,
            [
                711.5239048892054,
                751.5454223941518,
                800.9816596983577,
                1011.376187123901,
                1119.843588949128,
                1185.1976499556004
            ],
            901.856329568544
        ],
        "graph_max_node_count": [
            26.0,
            25.0,
            26.5,
            [
                21.95,
                22.0,
                24.0,
                28.25,
                31.0,
                32.0
            ],
            26.14
        ],
        "graph_avg_node_count": [
            12.384210526315789,
            12.223350253807107,
            13.088794031687433,
            [
                11.118719211822661,
                11.496174139181317,
                11.87452801880423,
                14.20343137254902,
                16.00659755705561,
                16.735294117647058
            ],
            13.167107386872162
        ],
        "graph_max_jumper_count": [
            2.0,
            2.0,
            2.0,
            [
                2.0,
                2.0,
                2.0,
                3.0,
                3.0,
                3.0
            ],
            2.27
        ],