{
    "total_wire_length": 21286.75329223962,
    "total_jumper_length": 1965.6131981728875,
    "total_jumper_count": 32,
    "center_node_count": 179,
    "edge_node_count": 57,
    "total_node_count": 236,
    "reachable_node_count": [
        236.0,
        236.0,
        236.0,
        [
            236.0,
            236.0,
            236.0,
            236.0,
            236.0,
            236.0
        ],
        236.0
    ],
    "unreachable_node_count": [
        0.0,
        0.0,
        0.0,
        [
            0.0,
            0.0,
            0.0,
            0.0,
            0.0,
            0.0
        ],
        0.0
    ],
    "reachable_wire_length": [
        21286.753292239624,
        21286.753292239624,
        21286.753292239624,
        [
            21286.753292239624,
            21286.753292239624,
            21286.753292239624,
            21286.753292239624,
            21286.753292239624,
            21286.753292239624
        ],
        21286.753292239624
    ],
    "unreachable_wire_length": [
        0.0,
        0.0,
        0.0,
        [
            0.0,
            0.0,
            0.0,
            0.0,
            0.0,
            0.0
        ],
        0.0
    ],
    "reachable_jumper_length": [
        1965.6131981728872,
        1965.6131981728872,
        1965.6131981728872,
        [
            1965.6131981728872,
            1965.6131981728872,
            1965.6131981728872,
            1965.6131981728872,
            1965.6131981728872,
            1965.6131981728872
        ],
        1965.613198172887
    ],
    "unreachable_jumper_length": [
        0.0,
        0.0,
        0.0,
        [
            0.0,
            0.0,
            0.0,
            0.0,
            0.0,
            0.0
        ],
        0.0
    ],
    "reachable_jumper_count": [
        32.0,
        32.0,
        32.0,
        [
            32.0,
            32.0,
            32.0,
            32.0,
            32.0,
            32.0
        ],
        32.0
    ],
    "unreachable_jumper_count": [
        0.0,
        0.0,
        0.0,
        [
            0.0,
            0.0,
            0.0,
            0.0,
            0.0,
            0.0
        ],
        0.0
    ],
    "shortest_path": {
        "percent_useful_node_count": [
            0.864406779661017,
            0.8601694915254238,
            0.864406779661017,
            [
                0.847457627118644,
                0.8516949152542372,
                0.8559322033898306,
                0.8728813559322034,
                0.8771186440677966,
                0.8813559322033898
            ],
            0.863813559322034
        ],
        "percent_useful_wire_length": 69.7220246382418,
        "percent_reachable_sensors": 1.0,
        "percent_useful_jumper_count": [
            0.65625,
            0.65625,
            0.6875,
            [
                0.59375,
                0.625,
                0.625,
                0.6875,
                0.71875,
                0.75
            ],
            0.66875
        ],
        "percent_useful_jumper_length": [
            0.0625,
            0.03125,
            0.0625,
            [
                0.03125,
                0.03125,
                0.03125,
                0.0625,
                0.0625,
                0.0625
            ],
            0.049375
        ],
        "percent_unreachable_bc_short_jumper": 0.0,
        "percent_multiroute_reached_nodes": [
            0.3349398429878757,
            0.3277127461910071,
            0.33905714147708066,
            [
                0.29939254795044723,
                0.3067794956835585,
                0.3203405232196662,
                0.3436277351108535,
                0.3623614663256607,
                0.36773761228629387
            ],
            0.3338965211746263
        ],
        "path_length_max": [
            2093.1286982054885,
            2047.0139013619305,
            2093.1286982054885
        ],
        "path_length_avg": [
            825.660439410369,
            822.7907291305847,
            828.9130721470102,
            [
                276.91163119505114,
                371.9635488702022,
                562.244402645501,
                1113.0493581649653,
                1344.2538422883865,
                1469.6285446260338
            ],
            844.8804184760631
        ],
        "path_node_count_max": [
            30.0,
            30.0,
            30.0
        ],
        "path_node_count_avg": [
            11.0,
            11.0,
            11.0,
            [
                3.0,
                4.0,
                7.0,
                16.0,
                20.0,
                22.0
            ],
            11.75289
        ],
        "path_jumper_count_max": [
            13.0,
            13.0,
            13.0
        ],
        "path_jumper_count_avg": [
            1.0,
            1.0,
            1.0,
            [
                0.0,
                0.0,
                0.0,
                4.0,
                6.0,
                8.0
            ],
            2.29889
        ],
        "path_sensor_jumper_length_max": [
            117.82219125668091,
            116.15088348117568,
            117.82219125668091
        ],
        "path_sensor_jumper_length_avg": [
            23.331287644474564,
            23.142336232206397,
            23.50374758452692,
            [
                1.9118877032611927,
                3.8912177239371464,
                10.400132078776952,
                42.950343583189806,
                63.057208135521186,
                73.16238661850514
            ],
            28.719151056272583
        ],
        "path_router_node_branches_max": [
            4.0,
            3.0,
            4.0
        ],
        "path_router_node_branches_avg": [
            2.0,
            2.0,
            2.0,
            [
                2.0,
                2.0,
                2.0,
                2.0,
                2.8999999999999986,
                3.0
            ],
            2.1451612903225805
        ],
        "graph_max_wire_length": [
            1537.6260044454127,
            1481.850713557356,
            1586.6972031156067,
            [
                1238.393413532206,
                1297.827790052767,
                1396.9009441062965,
                1680.7127939091647,
                1789.103408533549,
                1898.9665011051611
            ],
            1538.354425366846
        ],
        "graph_avg_wire_length": [
            814.0171511223518,
            784.1281109695199,
            834.2285499423493,
            [
                639.6643507210382,
                676.321689337713,
                723.5499083928833,
                874.9285194478223,
                988.1340545120207,
                1048.4507865373184
            ],
            815.8318946984152
        ],
        "graph_max_node_count": [
            23.0,
            22.4875,
            24.0,
            [
                18.0,
                19.0,
                21.0,
                26.0,
                28.0,
                29.0
            ],
            23.38
        ],
        "graph_avg_node_count": [
            12.004200293470287,
            11.490309200603319,
            12.355198176736689,
            [
                10.002726722430113,
                10.5654486586494,
                11.077475685234306,
                13.191700759789597,
                14.6,
                15.290129664654106
            ],
            12.23777930871978
        ],
        "graph_max_jumper_count": [
            8.5,
            8.0,
            9.0,
            [
                6.0,
                6.0,
                7.0,
                10.0,
                12.0,
                13.0
            ],
            8.78
        ],