{
    "total_wire_length": 16382.536301123433,
    "total_jumper_length": 2429.929094511274,
    "total_jumper_count": 67,
    "center_node_count": 102,
    "edge_node_count": 94,
    "total_node_count": 196,
    "reachable_node_count": [
        196.0,
        196.0,
        196.0,
        [
            196.0,
            196.0,
            196.0,
            196.0,
            196.0,
            196.0
        ],
        196.0
    ],
    "unreachable_node_count": [
        0.0,
        0.0,
        0.0,
        [
            0.0,
            0.0,
            0.0,
            0.0,
            0.0,
            0.0
        ],
        0.0
    ],
    "reachable_wire_length": [
        16382.536301123433,
        16382.536301123433,
        16382.536301123433,
        [
            16382.536301123433,
            16382.536301123433,
            16382.536301123433,
            16382.536301123433,
            16382.536301123433,
            16382.536301123433
        ],
        16382.536301123435
    ],
    "unreachable_wire_length": [
        0.0,
        0.0,
        0.0,
        [
            0.0,
            0.0,
            0.0,
            0.0,
            0.0,
            0.0
        ],
        0.0
    ],
    "reachable_jumper_length": [
        2429.9290945112734,
        2429.9290945112734,
        2429.9290945112734,
        [
            2429.9290945112734,
            2429.9290945112734,
            2429.9290945112734,
            2429.9290945112734,
            2429.9290945112734,
            2429.9290945112734
        ],
        2429.929094511273
    ],
    "unreachable_jumper_length": [
        0.0,
        0.0,
        0.0,
        [
            0.0,
            0.0,
            0.0,
            0.0,
            0.0,
            0.0
        ],
        0.0
    ],
    "reachable_jumper_count": [
        67.0,
        67.0,
        67.0,
        [
            67.0,
            67.0,
            67.0,
            67.0,
            67.0,
            67.0
        ],
        67.0
    ],
    "unreachable_jumper_count": [
        0.0,
        0.0,
        0.0,
        [
            0.0,
            0.0,
            0.0,
            0.0,
            0.0,
            0.0
        ],
        0.0
    ],
    "shortest_path": {
        "percent_useful_node_count": [
            0.7959183673469388,
            0.7857142857142857,
            0.798533163265306,
            [
                0.7650510204081632,
                0.775,
                0.7806122448979592,
                0.8061224489795918,
                0.8163265306122449,
                0.8214285714285714
            ],
            0.7933163265306122
        ],
        "percent_useful_wire_length": 54.26868660000808,
        "percent_reachable_sensors": 1.0,
        "percent_useful_jumper_count": [
            0.5298507462686567,
            0.5223880597014925,
            0.5373134328358209,
            [
                0.4619402985074627,
                0.4626865671641791,
                0.4925373134328358,
                0.5522388059701493,
                0.5835820895522389,
                0.5970149253731343
            ],
            0.5274626865671642
        ],
        "percent_useful_jumper_length": [
            0.05970149253731343,
            0.05970149253731343,
            0.07462686567164178,
            [
                0.04477611940298507,
                0.04477611940298507,
                0.04477611940298507,
                0.07462686567164178,
                0.07462686567164178,
                0.08955223880597014
            ],
            0.06223880597014926
        ],
        "percent_unreachable_bc_short_jumper": 0.0,
        "percent_multiroute_reached_nodes": [
            0.43408639523336645,
            0.42857142857142855,
            0.4394904458598726,
            [
                0.38986700316468376,
                0.40213756866491523,
                0.42038216560509556,
                0.44974832214765104,
                0.47038377689111927,
                0.4752884615384615
            ],
            0.43479732523684755
        ],
        "path_length_max": [
            1584.8682290868423,
            1572.055913223996,
            1584.8682290868423
        ],
        "path_length_avg": [
            529.5176634763911,
            527.591243067611,
            531.1395774385873,
            [
                175.37312311248198,
                239.20876423879182,
                370.9354118458674,
                711.690339315317,
                899.0553767979446,
                1006.3835504440485
            ],
            552.9604185231354
        ],
        "path_node_count_max": [
            24.0,
            24.0,
            24.0
        ],
        "path_node_count_avg": [
            8.0,
            8.0,
            8.0,
            [
                2.0,
                3.0,
                5.0,
                11.0,
                14.0,
                16.0
            ],
            8.45382
        ],
        "path_jumper_count_max": [
            9.0,
            8.0,
            9.0
        ],
        "path_jumper_count_avg": [
            1.0,
            1.0,
            1.0,
            [
                0.0,
                0.0,
                0.0,
                2.0,
                3.0,
                4.0
            ],
            1.28327
        ],
        "path_sensor_jumper_length_max": [
            79.73466917652456,
            77.24353904232927,
            79.73466917652456
        ],
        "path_sensor_jumper_length_avg": [
            13.06903667939602,
            12.967611791919955,
            13.166483107135136,
            [
                1.0726963296468999,
                2.2281712598190726,
                5.838765729583285,
                24.049369589343712,
                36.48757211696756,
                46.25692870179579
            ],
            16.757594886263448
        ],
        "path_router_node_branches_max": [
            3.0,
            3.0,
            3.0
        ],
        "path_router_node_branches_avg": [
            2.0,
            2.0,
            2.0,
            [
                2.0,
                2.0,
                2.0,
                2.0,
                3.0,
                3.0
            ],
            2.2054794520547945
        ],
        "graph_max_wire_length": [
            1102.5765216252487,
            1074.1592745272953,
            1155.9453319869415,
            [
                871.8447382727874,
                934.2233509350478,
                1002.2944081674514,
                1214.0438831244883,
                1340.0803300308623,
                1453.7856804829016
            ],
            1122.7009972190267
        ],
        "graph_avg_wire_length": [
            495.30401526543574,
            482.24315965958215,
            523.4902377539498,
            [
                420.72821695356805,
                430.58010098774236,
                456.5168770407989,
                604.2752677591367,
                668.6221126178284,
                765.0086307480968
            ],
            537.2090144822828
        ],
        "graph_max_node_count": [
            18.0,
            17.0,
            19.0,
            [
                14.95,
                15.0,
                16.0,
                21.0,
                22.0,
                23.049999999999997
            ],
            18.41
        ],
        "graph_avg_node_count": [
            8.648862670068027,
            8.198979591836734,
            9.07948717948718,
            [
                7.265175438596491,
                7.331241565452092,
                7.704081632653061,
                9.972301136363637,
                11.052804786836202,
                12.901764705882352
            ],
            9.063188770431687
        ],