{
    "total_wire_length": 128310.98756516454,
    "total_jumper_length": 20718.61365301782,
    "total_jumper_count": 1025,
    "center_node_count": 3207,
    "edge_node_count": 570,
    "total_node_count": 3777,
    "reachable_node_count": [
        3777.0,
        3777.0,
        3777.0,
        [
            3777.0,
            3777.0,
            3777.0,
            3777.0,
            3777.0,
            3777.0
        ],
        3777.0
    ],
    "unreachable_node_count": [
        0.0,
        0.0,
        0.0,
        [
            0.0,
            0.0,
            0.0,
            0.0,
            0.0,
            0.0
        ],
        0.0
    ],
    "reachable_wire_length": [
        128310.9875651645,
        128310.9875651645,
        128310.9875651645,
        [
            128310.9875651645,
            128310.9875651645,
            128310.9875651645,
            128310.9875651645,
            128310.9875651645,
            128310.9875651645
        ],
        128310.98756516451
    ],
    "unreachable_wire_length": [
        0.0,
        0.0,
        0.0,
        [
            0.0,
            0.0,
            0.0,
            0.0,
            0.0,
            0.0
        ],
        0.0
    ],
    "reachable_jumper_length": [
        20718.613653017786,
        20718.613653017786,
        20718.613653017786,
        [
            20718.613653017786,
            20718.613653017786,
            20718.613653017786,
            20718.613653017786,
            20718.613653017786,
            20718.613653017786
        ],
        20718.613653017783
    ],
    "unreachable_jumper_length": [
        0.0,
        0.0,
        0.0,
        [
            0.0,
            0.0,
            0.0,
            0.0,
            0.0,
            0.0
        ],
        0.0
    ],
    "reachable_jumper_count": [
        1025.0,
        1025.0,
        1025.0,
        [
            1025.0,
            1025.0,
            1025.0,
            1025.0,
            1025.0,
            1025.0
        ],
        1025.0
    ],
    "unreachable_jumper_count": [
        0.0,
        0.0,
        0.0,
        [
            0.0,
            0.0,
            0.0,
            0.0,
            0.0,
            0.0
        ],
        0.0
    ],
    "shortest_path": {
        "percent_useful_node_count": [
            0.7176330420969024,
            0.7147173682817051,
            0.7220015885623511,
            [
                0.6920307122054541,
                0.7000000000000001,
                0.7067778660312417,
                0.7297458300238284,
                0.7421498543817845,
                0.7445194598888006
            ],
            0.719017738946254
        ],
        "percent_useful_wire_length": 40.84668894440904,
        "percent_reachable_sensors": 1.0,
        "percent_useful_jumper_count": [
            0.16829268292682928,
            0.1648780487804878,
            0.16975609756097562,
            [
                0.14434146341463414,
                0.14829268292682926,
                0.15609756097560976,
                0.1746341463414634,
                0.18058536585365853,
                0.18341463414634146
            ],
            0.1656682926829268
        ],
        "percent_useful_jumper_length": [
            0.004878048780487805,
            0.003902439024390244,
            0.004878048780487805,
            [
                0.002926829268292683,
                0.002926829268292683,
                0.003902439024390244,
                0.004878048780487805,
                0.005853658536585366,
                0.005853658536585366
            ],
            0.004419512195121951
        ],
        "percent_unreachable_bc_short_jumper": 0.0,
        "percent_multiroute_reached_nodes": [
            0.1830870014825982,
            0.17571059431524547,
            0.18644702358667165,
            [
                0.13539017111903764,
                0.13933037631105638,
                0.160374885632101,
                0.1978812376280471,
                0.21119491651239275,
                0.21991354370300534
            ],
            0.17936084777392253
        ],
        "path_length_max": [
            2008.2780130139363,
            1992.8694711069063,
            2008.2780130139363
        ],
        "path_length_avg": [
            647.8913654904197,
            645.6141909048216,
            650.13919976452,
            [
                190.78886792057898,
                269.93975514850524,
                438.01787341962296,
                872.8135703018933,
                1124.1524716184615,
                1265.9259695587484
            ],
            676.0805303361783
        ],
        "path_node_count_max": [
            101.0,
            100.0,
            101.0
        ],
        "path_node_count_avg": [
            33.0,
            33.0,
            34.0,
            [
                10.0,
                14.0,
                23.0,
                45.0,
                57.0,
                65.0
            ],
            34.72886
        ],
        "path_jumper_count_max": [
            45.0,
            44.0,
            45.0
        ],
        "path_jumper_count_avg": [
            1.0,
            1.0,
            1.0,
            [
                0.0,
                0.0,
                1.0,
                7.0,
                16.0,
                20.0
            ],
            4.86432
        ],
        "path_sensor_jumper_length_max": [
            18.04657441035673,
            17.76013878245079,
            18.04657441035673
        ],
        "path_sensor_jumper_length_avg": [
            3.2558534554162515,
            3.231048097219161,
            3.2859943970597585,
            [
                0.2728871064928318,
                0.5490647509378509,
                1.453329446173616,
                5.943070361380107,
                8.892659118571016,
                11.208684923802727
            ],
            4.120873283841366
        ],
        "path_router_node_branches_max": [
            5.0,
            5.0,
            5.0
        ],
        "path_router_node_branches_avg": [
            2.0,
            2.0,
            2.0,
            [
                2.0,
                2.0,
                2.0,
                2.0,
                3.0,
                4.0
            ],
            2.2963800904977374
        ],
        "graph_max_wire_length": [
            1373.0913748263279,
            1336.9872378649006,
            1427.4894913628661,
            [
                1116.1370593286035,
                1165.1548816955024,
                1253.8596570259774,
                1518.311815747743,
                1849.1366592033598,
                1892.9356789313713
            ],
            1426.4757853802012
        ],
        "graph_avg_wire_length": [
            631.3437566388035,
            597.7608940720758,
            645.0686824902446,
            [
                547.7158511754857,
                551.1390035983991,
                568.1201408027007,
                716.0406312386826,
                942.2392625782397,
                992.1861222606349
            ],
            675.8143123905705
        ],
        "graph_max_node_count": [
            70.0,
            68.5,
            73.0,
            [
                56.95,
                60.0,
                64.0,
                79.0,
                96.0,
                99.0
            ],
            73.12
        ],
        "graph_avg_node_count": [
            33.064564111132924,
            31.479724357275376,
            34.1691818903892,
            [
                28.83902568175801,
                29.046855901375416,
                30.03260278371259,
                37.66717123646574,
                49.26936722266349,
                50.988820621230296
            ],
            35.34413935621063
        ],