{
    "total_wire_length": 75039.89814839773,
    "total_jumper_length": 20180.439686249112,
    "total_jumper_count": 519,
    "center_node_count": 932,
    "edge_node_count": 306,
    "total_node_count": 1238,
    "reachable_node_count": [
        1238.0,
        1238.0,
        1238.0,
        [
            1238.0,
            1238.0,
            1238.0,
            1238.0,
            1238.0,
            1238.0
        ],
        1238.0
    ],
    "unreachable_node_count": [
        0.0,
        0.0,
        0.0,
        [
            0.0,
            0.0,
            0.0,
            0.0,
            0.0,
            0.0
        ],
        0.0
    ],
    "reachable_wire_length": [
        75039.89814839778,
        75039.89814839778,
        75039.89814839778,
        [
            75039.89814839778,
            75039.89814839778,
            75039.89814839778,
            75039.89814839778,
            75039.89814839778,
            75039.89814839778
        ],
        75039.8981483978
    ],
    "unreachable_wire_length": [
        0.0,
        0.0,
        0.0,
        [
            0.0,
            0.0,
            0.0,
            0.0,
            0.0,
            0.0
        ],
        0.0
    ],
    "reachable_jumper_length": [
        20180.439686249105,
        20180.439686249105,
        20180.439686249105,
        [
            20180.439686249105,
            20180.439686249105,
            20180.439686249105,
            20180.439686249105,
            20180.439686249105,
            20180.439686249105
        ],
        20180.439686249098
    ],
    "unreachable_jumper_length": [
        0.0,
        0.0,
        0.0,
        [
            0.0,
            0.0,
            0.0,
            0.0,
            0.0,
            0.0
        ],
        0.0
    ],
    "reachable_jumper_count": [
        519.0,
        519.0,
        519.0,
        [
            519.0,
            519.0,
            519.0,
            519.0,
            519.0,
            519.0
        ],
        519.0
    ],
    "unreachable_jumper_count": [
        0.0,
        0.0,
        0.0,
        [
            0.0,
            0.0,
            0.0,
            0.0,
            0.0,
            0.0
        ],
        0.0
    ],
    "shortest_path": {
        "percent_useful_node_count": [
            0.7883683360258481,
            0.7859450726978998,
            0.7911954765751211,
            [
                0.7746365105008077,
                0.7761712439418417,
                0.7810985460420032,
                0.7966478190630049,
                0.8022617124394184,
                0.8053311793214862
            ],
            0.7889822294022616
        ],
        "percent_useful_wire_length": 48.87097626665491,
        "percent_reachable_sensors": 1.0,
        "percent_useful_jumper_count": [
            0.20616570327552985,
            0.20423892100192678,
            0.21001926782273603,
            [
                0.17726396917148363,
                0.18477842003853565,
                0.19460500963391136,
                0.21579961464354527,
                0.21984585741811177,
                0.22552986512524084
            ],
            0.20466281310211942
        ],
        "percent_useful_jumper_length": [
            0.009633911368015413,
            0.007707129094412331,
            0.009633911368015413,
            [
                0.005780346820809248,
                0.005780346820809248,
                0.007707129094412331,
                0.009633911368015413,
                0.011560693641618497,
                0.011560693641618497
            ],
            0.00859344894026975
        ],
        "percent_unreachable_bc_short_jumper": 0.0,
        "percent_multiroute_reached_nodes": [
            0.25778226865183385,
            0.25231719876416064,
            0.262993762993763,
            [
                0.22193368523991422,
                0.23042696778365138,
                0.24247136697753044,
                0.27454338857275895,
                0.2896028714436249,
                0.29268641577814974
            ],
            0.25839921934943694
        ],
        "path_length_max": [
            1997.2847594801249,
            1966.9577010496027,
            1997.2847594801249
        ],
        "path_length_avg": [
            714.9709490838392,
            712.5329171751314,
            717.4697123198158,
            [
                216.36608635446,
                303.18319833437886,
                494.0608368174497,
                945.0376688342141,
                1174.438612990309,
                1318.408478244287
            ],
            731.9052992328247
        ],
        "path_node_count_max": [
            51.0,
            51.0,
            51.0
        ],
        "path_node_count_avg": [
            19.0,
            19.0,
            19.0,
            [
                5.0,
                8.0,
                13.0,
                25.0,
                31.0,
                35.0
            ],
            19.48437
        ],
        "path_jumper_count_max": [
            25.0,
            24.0,
            25.0
        ],
        "path_jumper_count_avg": [
            1.0,
            1.0,
            1.0,
            [
                0.0,
                0.0,
                1.0,
                4.0,
                8.0,
                10.0
            ],
            2.76404
        ],
        "path_sensor_jumper_length_max": [
            39.678518304821125,
            38.08764578503955,
            39.678518304821125
        ],
        "path_sensor_jumper_length_avg": [
            6.593183956258516,
            6.542662973518534,
            6.639421538263998,
            [
                0.5469258815164486,
                1.1117334213891408,
                2.949964070307688,
                11.968016734566488,
                18.125323760111407,
                22.8313863217146
            ],
            8.338011611110474
        ],
        "path_router_node_branches_max": [
            5.0,
            4.0,
            5.0
        ],
        "path_router_node_branches_avg": [
            2.0,
            2.0,
            2.0,
            [
                2.0,
                2.0,
                2.0,
                3.0,
                3.0,
                4.0
            ],
            2.339366515837104
        ],
        "graph_max_wire_length": [
            1527.4169384720653,
            1464.807815961749,
            1568.4326868154326,
            [
                1146.133412736422,
                1252.069586722584,
                1342.1113077046828,
                1639.41281668754,
                1757.3041979010645,
                1898.2933456877613
            ],
            1507.0732732772146
        ],
        "graph_avg_wire_length": [
            702.7174910175073,
            678.139169158112,
            747.3621576322545,
            [
                601.9570486826946,
                611.3498738160112,
                639.26760556409,
                794.2882171751544,
                864.4896050342005,
                984.4627183849238
            ],
            729.8586449271362
        ],
        "graph_max_node_count": [
            41.0,
            40.0,
            43.0,
            [
                32.0,
                33.0,
                36.0,
                44.0,
                47.10000000000001,
                50.05
            ],
            40.67
        ],
        "graph_avg_node_count": [
            19.5859407542696,
            18.78741609932421,
            20.376265455921754,
            [
                16.664612035339086,
                16.858166618406795,
                17.623119610599417,
                21.873376493545962,
                23.162056984839477,
                26.522498279358967
            ],
            20.083209948326108
        ],