{
    "total_wire_length": 13377.777027444183,
    "total_jumper_length": 4259.627844969719,
    "total_jumper_count": 49,
    "center_node_count": 44,
    "edge_node_count": 60,
    "total_node_count": 104,
    "reachable_node_count": [
        104.0,
        104.0,
        104.0,
        [
            104.0,
            104.0,
            104.0,
            104.0,
            104.0,
            104.0
        ],
        104.0
    ],
    "unreachable_node_count": [
        0.0,
        0.0,
        0.0,
        [
            0.0,
            0.0,
            0.0,
            0.0,
            0.0,
            0.0
        ],
        0.0
    ],
    "reachable_wire_length": [
        13377.777027444181,
        13377.777027444181,
        13377.777027444181,
        [
            13377.777027444181,
            13377.777027444181,
            13377.777027444181,
            13377.777027444181,
            13377.777027444181,
            13377.777027444181
        ],
        13377.777027444185
    ],
    "unreachable_wire_length": [
        0.0,
        0.0,
        0.0,
        [
            0.0,
            0.0,
            0.0,
            0.0,
            0.0,
            0.0
        ],
        0.0
    ],
    "reachable_jumper_length": [
        4259.62784496972,
        4259.62784496972,
        4259.62784496972,
        [
            4259.62784496972,
            4259.62784496972,
            4259.62784496972,
            4259.62784496972,
            4259.62784496972,
            4259.62784496972
        ],
        4259.627844969721
    ],
    "unreachable_jumper_length": [
        0.0,
        0.0,
        0.0,
        [
            0.0,
            0.0,
            0.0,
            0.0,
            0.0,
            0.0
        ],
        0.0
    ],
    "reachable_jumper_count": [
        49.0,
        49.0,
        49.0,
        [
            49.0,
            49.0,
            49.0,
            49.0,
            49.0,
            49.0
        ],
        49.0
    ],
    "unreachable_jumper_count": [
        0.0,
        0.0,
        0.0,
        [
            0.0,
            0.0,
            0.0,
            0.0,
            0.0,
            0.0
        ],
        0.0
    ],
    "shortest_path": {
        "percent_useful_node_count": [
            0.7692307692307693,
            0.7596153846153846,
            0.7788461538461539,
            [
                0.7307692307692307,
                0.7403846153846154,
                0.7572115384615384,
                0.7980769230769231,
                0.8076923076923077,
                0.8173076923076923
            ],
            0.7724038461538462
        ],
        "percent_useful_wire_length": 62.16953278040998,
        "percent_reachable_sensors": 0.99944,
        "percent_useful_jumper_count": [
            0.4489795918367347,
            0.4489795918367347,
            0.46938775510204084,
            [
                0.3673469387755102,
                0.3877551020408163,
                0.42857142857142855,
                0.4744897959183674,
                0.5102040816326531,
                0.5306122448979592
            ],
            0.45306122448979586
        ],
        "percent_useful_jumper_length": [
            0.08163265306122448,
            0.08163265306122448,
            0.08163265306122448,
            [
                0.061224489795918366,
                0.061224489795918366,
                0.061224489795918366,
                0.10204081632653061,
                0.10204081632653061,
                0.10204081632653061
            ],
            0.07938775510204081
        ],
        "percent_unreachable_bc_short_jumper": 0.00056,
        "percent_multiroute_reached_nodes": [
            0.49382716049382713,
            0.4875,
            0.5,
            [
                0.44040360046457605,
                0.4564599483204134,
                0.46987951807228917,
                0.5116279069767442,
                0.5195324675324675,
                0.5309032661353337
            ],
            0.4900295228211228
        ],
        "path_length_max": [
            2284.480945378269,
            2252.5093321542795,
            2284.480945378269
        ],
        "path_length_avg": [
            784.6025855288212,
            782.0374532211237,
            787.7355330033139,
            [
                247.57035406522272,
                341.3466094074139,
                547.6905066788831,
                1065.5497341300822,
                1355.8145693869028,
                1517.585692510418
            ],
            822.8254334511118
        ],
        "path_node_count_max": [
            20.0,
            19.0,
            20.0
        ],
        "path_node_count_avg": [
            6.0,
            6.0,
            6.0,
            [
                1.0,
                2.0,
                4.0,
                9.0,
                11.0,
                13.0
            ],
            6.658939005843272
        ],
        "path_jumper_count_max": [
            7.0,
            7.0,
            7.0
        ],
        "path_jumper_count_avg": [
            1.0,
            1.0,
            1.0,
            [
                0.0,
                0.0,
                1.0,
                2.0,
                2.0,
                3.0
            ],
            1.182432162010726
        ],
        "path_sensor_jumper_length_max": [
            159.99331213317024,
            159.7122158819898,
            159.99331213317024
        ],
        "path_sensor_jumper_length_avg": [
            27.55628365044589,
            27.330579590071938,
            27.808244128163864,
            [
                2.3059154195071736,
                4.645473474137457,
                12.158230228194821,
                51.196957930768434,
                79.08868712553154,
                100.08824493053949
            ],
            35.71499112834749
        ],
        "path_router_node_branches_max": [
            3.0,
            3.0,
            3.0
        ],
        "path_router_node_branches_avg": [
            2.0,
            2.0,
            3.0,
            [
                2.0,
                2.0,
                2.0,
                3.0,
                3.0,
                3.0
            ],
            2.341463414634146
        ],
        "graph_max_wire_length": [
            1564.1572550538533,
            1508.992647080677,
            1626.0799883242778,
            [
                1159.7888770458494,
                1219.036669264741,
                1336.0732370039514,
                1726.0306008309603,
                1904.688394511198,
                1955.9819592916351
            ],
            1553.7322298410882
        ],
        "graph_avg_wire_length": [
            768.6268603475816,
            746.693262438146,
            803.7604009203486,
            [
                635.651941635234,
                658.8176729775831,
                701.0238164427348,
                876.3642065801275,
                1042.7167196562668,
                1064.9958893500313
            ],
            809.9573900202988
        ],
        "graph_max_node_count": [
            15.0,
            13.5,
            15.0,
            [
                11.0,
                11.0,
                12.0,
                16.0,
                17.0,
                18.0
            ],
            14.31
        ],
        "graph_avg_node_count": [
            7.265683345780433,
            7.079529022929147,
            7.509615384615385,
            [
                5.930769230769231,
                6.1923076923076925,
                6.508355115758029,
                8.27314291101056,
                9.352884615384616,
                10.109223300970873
            ],
            7.522979859711927
        ],