{
    "total_wire_length": 150700.85580115963,
    "total_jumper_length": 1449.3246202613877,
    "total_jumper_count": 290,
    "center_node_count": 3763,
    "edge_node_count": 630,
    "total_node_count": 4393,
    "reachable_node_count": [
        4393.0,
        4393.0,
        4393.0,
        [
            4393.0,
            4393.0,
            4393.0,
            4393.0,
            4393.0,
            4393.0
        ],
        4393.0
    ],
    "unreachable_node_count": [
        0.0,
        0.0,
        0.0,
        [
            0.0,
            0.0,
            0.0,
            0.0,
            0.0,
            0.0
        ],
        0.0
    ],
    "reachable_wire_length": [
        150700.85580115963,
        150700.85580115963,
        150700.85580115963,
        [
            150700.85580115963,
            150700.85580115963,
            150700.85580115963,
            150700.85580115963,
            150700.85580115963,
            150700.85580115963
        ],
        150700.8558011596
    ],
    "unreachable_wire_length": [
        0.0,
        0.0,
        0.0,
        [
            0.0,
            0.0,
            0.0,
            0.0,
            0.0,
            0.0
        ],
        0.0
    ],
    "reachable_jumper_length": [
        1449.324620261389,
        1449.324620261389,
        1449.324620261389,
        [
            1449.324620261389,
            1449.324620261389,
            1449.324620261389,
            1449.324620261389,
            1449.324620261389,
            1449.324620261389
        ],
        1449.3246202613884
    ],
    "unreachable_jumper_length": [
        0.0,
        0.0,
        0.0,
        [
            0.0,
            0.0,
            0.0,
            0.0,
            0.0,
            0.0
        ],
        0.0
    ],
    "reachable_jumper_count": [
        290.0,
        290.0,
        290.0,
        [
            290.0,
            290.0,
            290.0,
            290.0,
            290.0,
            290.0
        ],
        290.0
    ],
    "unreachable_jumper_count": [
        0.0,
        0.0,
        0.0,
        [
            0.0,
            0.0,
            0.0,
            0.0,
            0.0,
            0.0
        ],
        0.0
    ],
    "shortest_path": {
        "percent_useful_node_count": [
            0.6880264056453449,
            0.6846118825404052,
            0.6925791031185977,
            [
                0.6675961757341224,
                0.6722968358752561,
                0.6807989984065559,
                0.7011723195993627,
                0.7080355110402914,
                0.7140223082176189
            ],
            0.6908650125199179
        ],
        "percent_useful_wire_length": 38.569448698396904,
        "percent_reachable_sensors": 0.92887,
        "percent_useful_jumper_count": [
            0.2620689655172414,
            0.253448275862069,
            0.27241379310344827,
            [
                0.2103448275862069,
                0.21724137931034482,
                0.23706896551724138,
                0.2827586206896552,
                0.2968965517241379,
                0.3070689655172414
            ],
            0.26010344827586207
        ],
        "percent_useful_jumper_length": [
            0.013793103448275862,
            0.013793103448275862,
            0.017241379310344827,
            [
                0.010344827586206896,
                0.010344827586206896,
                0.010344827586206896,
                0.017241379310344827,
                0.020689655172413793,
                0.020689655172413793
            ],
            0.015034482758620689
        ],
        "percent_unreachable_bc_short_jumper": 0.07113,
        "percent_multiroute_reached_nodes": [
            0.17032552806730575,
            0.16370106761565836,
            0.1755876511226252,
            [
                0.1366622038145071,
                0.1426691808259672,
                0.1543139050145366,
                0.18446685740271626,
                0.19223954732195472,
                0.20619907785501615
            ],
            0.16929291542034722
        ],
        "path_length_max": [
            2214.1709854999726,
            2188.159271206539,
            2214.1709854999726
        ],
        "path_length_avg": [
            725.731175232384,
            722.78719827125,
            728.2138270964427,
            [
                207.34151063841176,
                290.7476592360785,
                485.65975153750287,
                981.8479357025551,
                1247.529939412627,
                1408.3985852016112
            ],
            753.1275242844017
        ],
        "path_node_count_max": [
            123.0,
            120.0,
            123.0
        ],
        "path_node_count_avg": [
            38.0,
            38.0,
            39.0,
            [
                11.0,
                15.0,
                26.0,
                53.0,
                68.0,
                77.0
            ],
            40.33982150354732
        ],
        "path_jumper_count_max": [
            12.0,
            10.0,
            12.0
        ],
        "path_jumper_count_avg": [
            1.0,
            1.0,
            1.0,
            [
                0.0,
                0.0,
                1.0,
                2.0,
                4.0,
                5.0
            ],
            1.6529116022694241
        ],
        "path_sensor_jumper_length_max": [
            9.999575365723572,
            9.999200875060733,
            9.999575365723572
        ],
        "path_sensor_jumper_length_avg": [
            2.988500051909025,
            2.9628312781795443,
            3.010393391189566,
            [
                0.2592185925337468,
                0.5163745561654854,
                1.348891512108592,
                5.250924826013915,
                7.4018341684254905,
                8.42399087996461
            ],
            3.4946443582463624
        ],
        "path_router_node_branches_max": [
            3.0,
            3.0,
            3.0
        ],
        "path_router_node_branches_avg": [
            2.0,
            2.0,
            2.0,
            [
                2.0,
                2.0,
                2.0,
                2.0,
                3.0,
                3.0
            ],
            2.144177449168207
        ],
        "graph_max_wire_length": [
            1586.301699886095,
            1516.5622738859036,
            1634.7455977747454,
            [
                1265.181380352227,
                1331.9298598810115,
                1413.0988095022885,
                1750.3076927959582,
                1947.736468341128,
                2069.6942262438265
            ],
            1612.2886823535584
        ],
        "graph_avg_wire_length": [
            679.2610681057458,
            664.0252382995127,
            731.1278199285761,
            [
                582.3713976706684,
                595.9357059262171,
                628.2761666367766,
                801.3655516093921,
                926.6445413086645,
                1021.8438554365677
            ],
            732.028018154547
        ],
        "graph_max_node_count": [
            89.0,
            86.0,
            93.0,
            [
                70.0,
                73.0,
                78.0,
                101.0,
                113.0,
                115.0
            ],
            90.61
        ],
        "graph_avg_node_count": [
            37.407098123277116,
            35.48318113760469,
            39.272852866682015,
            [
                31.628400279652613,
                31.95749176146093,
                33.947476947065624,
                43.39567626940463,
                50.2455677954585,
                55.588887531813214
            ],
            39.61679252287253
        ],