{
    "total_wire_length": 50994.15378454992,
    "total_jumper_length": 13680.704958001006,
    "total_jumper_count": 357,
    "center_node_count": 633,
    "edge_node_count": 244,
    "total_node_count": 877,
    "reachable_node_count": [
        877.0,
        877.0,
        877.0,
        [
            877.0,
            877.0,
            877.0,
            877.0,
            877.0,
            877.0
        ],
        877.0
    ],
    "unreachable_node_count": [
        0.0,
        0.0,
        0.0,
        [
            0.0,
            0.0,
            0.0,
            0.0,
            0.0,
            0.0
        ],
        0.0
    ],
    "reachable_wire_length": [
        50994.153784549904,
        50994.153784549904,
        50994.153784549904,
        [
            50994.153784549904,
            50994.153784549904,
            50994.153784549904,
            50994.153784549904,
            50994.153784549904,
            50994.153784549904
        ],
        50994.1537845499
    ],
    "unreachable_wire_length": [
        0.0,
        0.0,
        0.0,
        [
            0.0,
            0.0,
            0.0,
            0.0,
            0.0,
            0.0
        ],
        0.0
    ],
    "reachable_jumper_length": [
        13680.704958001003,
        13680.704958001003,
        13680.704958001003,
        [
            13680.704958001003,
            13680.704958001003,
            13680.704958001003,
            13680.704958001003,
            13680.704958001003,
            13680.704958001003
        ],
        13680.704958001
    ],
    "unreachable_jumper_length": [
        0.0,
        0.0,
        0.0,
        [
            0.0,
            0.0,
            0.0,
            0.0,
            0.0,
            0.0
        ],
        0.0
    ],
    "reachable_jumper_count": [
        357.0,
        357.0,
        357.0,
        [
            357.0,
            357.0,
            357.0,
            357.0,
            357.0,
            357.0
        ],
        357.0
    ],
    "unreachable_jumper_count": [
        0.0,
        0.0,
        0.0,
        [
            0.0,
            0.0,
            0.0,
            0.0,
            0.0,
            0.0
        ],
        0.0
    ],
    "shortest_path": {
        "percent_useful_node_count": [
            0.7822120866590649,
            0.7782212086659065,
            0.7833523375142531,
            [
                0.766248574686431,
                0.7684150513112885,
                0.7728050171037628,
                0.7879133409350056,
                0.7961231470923603,
                0.8005131128848346
            ],
            0.7812542759407072
        ],
        "percent_useful_wire_length": 49.40439151003435,
        "percent_reachable_sensors": 1.0,
        "percent_useful_jumper_count": [
            0.20168067226890757,
            0.19607843137254902,
            0.20728291316526612,
            [
                0.1819327731092437,
                0.18487394957983194,
                0.19047619047619047,
                0.21288515406162464,
                0.22128851540616246,
                0.226890756302521
            ],
            0.20173669467787114
        ],
        "percent_useful_jumper_length": [
            0.014005602240896359,
            0.011204481792717087,
            0.014005602240896359,
            [
                0.008403361344537815,
                0.011204481792717087,
                0.011204481792717087,
                0.014005602240896359,
                0.014005602240896359,
                0.01680672268907563
            ],
            0.012661064425770308
        ],
        "percent_unreachable_bc_short_jumper": 0.0,
        "percent_multiroute_reached_nodes": [
            0.29108873505349275,
            0.2872721449662427,
            0.29942428162012735,
            [
                0.2509845904298459,
                0.25535238485638156,
                0.27419868140070075,
                0.30669382927843625,
                0.32077946693507275,
                0.3251294981714706
            ],
            0.2907774734309715
        ],
        "path_length_max": [
            1255.0266555839219,
            1246.7115556358194,
            1255.0266555839219
        ],
        "path_length_avg": [
            573.7608132207029,
            571.5723783342996,
            575.6323046953992,
            [
                187.26215211249817,
                258.7552306993415,
                397.3917415153738,
                731.024734667858,
                853.8344531519756,
                928.06617576328
            ],
            565.5019785030681
        ],
        "path_node_count_max": [
            34.0,
            34.0,
            34.0
        ],
        "path_node_count_avg": [
            15.0,
            15.0,
            15.0,
            [
                5.0,
                7.0,
                10.0,
                19.0,
                23.0,
                25.0
            ],
            14.90525
        ],
        "path_jumper_count_max": [
            14.0,
            13.0,
            14.0
        ],
        "path_jumper_count_avg": [
            1.0,
            1.0,
            1.0,
            [
                0.0,
                0.0,
                0.0,
                1.0,
                3.0,
                5.0
            ],
            1.22688
        ],
        "path_sensor_jumper_length_max": [
            40.60512278441775,
            39.51914837732803,
            40.60512278441775
        ],
        "path_sensor_jumper_length_avg": [
            6.589817961301566,
            6.536615976794047,
            6.641857159349742,
            [
                0.5372941677683764,
                1.103344891913839,
                2.9344763506950624,
                11.990093795537412,
                17.991495813338645,
                22.66988602112817
            ],
            8.318570268814831
        ],
        "path_router_node_branches_max": [
            6.0,
            5.0,
            6.0
        ],
        "path_router_node_branches_avg": [
            2.0,
            2.0,
            2.0,
            [
                2.0,
                2.0,
                2.0,
                2.0,
                3.0,
                3.1999999999999886
            ],
            2.313364055299539
        ],
        "graph_max_wire_length": [
            1029.0784684242099,
            998.5895056593143,
            1059.3747375850094,
            [
                870.2614983757708,
                887.7360649739749,
                947.2887494794197,
                1104.223325293644,
                1164.3013508595814,
                1196.3444371733253
            ],
            1028.9588978131442
        ],
        "graph_avg_wire_length": [
            547.3196942390628,
            530.2650616025027,
            570.3370448914341,
            [
                500.3615755726114,
                502.5869844134746,
                516.4081536828145,
                601.7249363944234,
                653.3808670761806,
                674.0932924561417
            ],
            563.9150659520798
        ],
        "graph_max_node_count": [
            29.0,
            28.0,
            29.0,
            [
                24.0,
                25.0,
                26.0,
                31.0,
                33.0,
                33.05
            ],
            28.69
        ],
        "graph_avg_node_count": [
            15.055695808889233,
            14.726857040972279,
            15.619156214367163,
            [
                13.978506271379704,
                14.071290740349529,
                14.334093500570125,
                16.56328392246294,
                17.94979883130568,
                18.629468020969856
            ],
            15.601987094225619
        ],