{
    "total_wire_length": 83380.71118671627,
    "total_jumper_length": 107382.28309415223,
    "total_jumper_count": 1412,
    "center_node_count": 2085,
    "edge_node_count": 332,
    "total_node_count": 2417,
    "reachable_node_count": [
        2417.0,
        2417.0,
        2417.0,
        [
            2417.0,
            2417.0,
            2417.0,
            2417.0,
            2417.0,
            2417.0
        ],
        2417.0
    ],
    "unreachable_node_count": [
        0.0,
        0.0,
        0.0,
        [
            0.0,
            0.0,
            0.0,
            0.0,
            0.0,
            0.0
        ],
        0.0
    ],
    "reachable_wire_length": [
        83380.71118671625,
        83380.71118671625,
        83380.71118671625,
        [
            83380.71118671625,
            83380.71118671625,
            83380.71118671625,
            83380.71118671625,
            83380.71118671625,
            83380.71118671625
        ],
        83380.71118671623
    ],
    "unreachable_wire_length": [
        0.0,
        0.0,
        0.0,
        [
            0.0,
            0.0,
            0.0,
            0.0,
            0.0,
            0.0
        ],
        0.0
    ],
    "reachable_jumper_length": [
        107382.28309415233,
        107382.28309415233,
        107382.28309415233,
        [
            107382.28309415233,
            107382.28309415233,
            107382.28309415233,
            107382.28309415233,
            107382.28309415233,
            107382.28309415233
        ],
        107382.28309415234
    ],
    "unreachable_jumper_length": [
        0.0,
        0.0,
        0.0,
        [
            0.0,
            0.0,
            0.0,
            0.0,
            0.0,
            0.0
        ],
        0.0
    ],
    "reachable_jumper_count": [
        1412.0,
        1412.0,
        1412.0,
        [
            1412.0,
            1412.0,
            1412.0,
            1412.0,
            1412.0,
            1412.0
        ],
        1412.0
    ],
    "unreachable_jumper_count": [
        0.0,
        0.0,
        0.0,
        [
            0.0,
            0.0,
            0.0,
            0.0,
            0.0,
            0.0
        ],
        0.0
    ],
    "shortest_path": {
        "percent_useful_node_count": [
            0.7534133223003724,
            0.7519652461729416,
            0.756930078609847,
            [
                0.7352089366983864,
                0.7411667356226728,
                0.7470004137360364,
                0.7627223831195697,
                0.7676044683491932,
                0.7712867190732313
            ],
            0.7541001241208108
        ],
        "percent_useful_wire_length": 45.521828124699674,
        "percent_reachable_sensors": 1.0,
        "percent_useful_jumper_count": [
            0.05453257790368272,
            0.053824362606232294,
            0.05594900849858357,
            [
                0.04525495750708215,
                0.04603399433427762,
                0.05099150141643059,
                0.058781869688385266,
                0.06239376770538244,
                0.06444759206798867
            ],
            0.05473796033994334
        ],
        "percent_useful_jumper_length": [
            0.00141643059490085,
            0.00141643059490085,
            0.00141643059490085,
            [
                0.000708215297450425,
                0.000708215297450425,
                0.000708215297450425,
                0.00141643059490085,
                0.00141643059490085,
                0.00141643059490085
            ],
            0.00113314447592068
        ],
        "percent_unreachable_bc_short_jumper": 0.0,
        "percent_multiroute_reached_nodes": [
            0.21896776671374601,
            0.21467307340009772,
            0.22504136789851076,
            [
                0.16991289454881686,
                0.18260452338226774,
                0.2030561107453583,
                0.23981368563685634,
                0.25471020487935897,
                0.26140420368395706
            ],
            0.21925169388472507
        ],
        "path_length_max": [
            1304.1950597659177,
            1269.162967415332,
            1304.1950597659177
        ],
        "path_length_avg": [
            501.93361132195633,
            500.21471485250004,
            503.8708138204679,
            [
                157.1635660716832,
                220.1836490508903,
                342.8112835402323,
                672.6006587090558,
                812.803244615828,
                890.9237987944555
            ],
            511.2595552488839
        ],
        "path_node_count_max": [
            58.0,
            57.0,
            58.0
        ],
        "path_node_count_avg": [
            24.0,
            23.0,
            24.0,
            [
                8.0,
                11.0,
                17.0,
                31.0,
                38.0,
                41.0
            ],
            23.91302
        ],
        "path_jumper_count_max": [
            15.0,
            15.0,
            15.0
        ],
        "path_jumper_count_avg": [
            1.0,
            1.0,
            1.0,
            [
                0.0,
                0.0,
                0.0,
                3.0,
                5.0,
                5.0
            ],
            1.79552
        ],
        "path_sensor_jumper_length_max": [
            19.044405245822823,
            17.20358622038551,
            19.044405245822823
        ],
        "path_sensor_jumper_length_avg": [
            3.2683726803015847,
            3.241861480073227,
            3.295941817593483,
            [
                0.2716201382302156,
                0.5428515510236515,
                1.4516633805890544,
                5.978466727153982,
                8.94927560017693,
                11.22015760077206
            ],
            4.13023372903377
        ],
        "path_router_node_branches_max": [
            21.0,
            12.0,
            21.0
        ],
        "path_router_node_branches_avg": [
            2.0,
            2.0,
            2.0,
            [
                2.0,
                2.0,
                2.0,
                2.0,
                4.0,
                8.0
            ],
            2.8028169014084505
        ],
        "graph_max_wire_length": [
            966.257826190154,
            938.1384646820602,
            997.1963627433958,
            [
                809.7295391804157,
                829.7057633696829,
                898.3256798302108,
                1060.1975096323408,
                1146.0997874653149,
                1179.3020184307093
            ],
            981.4296981861323
        ],
        "graph_avg_wire_length": [
            493.9479975492428,
            478.01035542460454,
            515.4544453627542,
            [
                399.35036720395976,
                420.4789702050859,
                453.8459489520779,
                550.8420677648112,
                606.3663243273089,
                644.2383747572469
            ],
            507.2739138916736
        ],
        "graph_max_node_count": [
            47.0,
            45.0,
            49.0,
            [
                39.95,
                40.9,
                43.0,
                51.25,
                55.10000000000001,
                56.05
            ],
            47.37
        ],
        "graph_avg_node_count": [
            23.87409705431122,
            22.90768175630089,
            24.863330529857024,
            [
                19.06343746096214,
                19.986470831609434,
                21.37293671429732,
                26.381304116449343,
                28.670890620885707,
                29.55872517905005
            ],
            24.139689249190216
        ],