{
    "total_wire_length": 121642.43127147875,
    "total_jumper_length": 180007.26917595195,
    "total_jumper_count": 2487,
    "center_node_count": 3039,
    "edge_node_count": 538,
    "total_node_count": 3577,
    "reachable_node_count": [
        3577.0,
        3577.0,
        3577.0,
        [
            3577.0,
            3577.0,
            3577.0,
            3577.0,
            3577.0,
            3577.0
        ],
        3577.0
    ],
    "unreachable_node_count": [
        0.0,
        0.0,
        0.0,
        [
            0.0,
            0.0,
            0.0,
            0.0,
            0.0,
            0.0
        ],
        0.0
    ],
    "reachable_wire_length": [
        121642.43127147875,
        121642.43127147875,
        121642.43127147875,
        [
            121642.43127147875,
            121642.43127147875,
            121642.43127147875,
            121642.43127147875,
            121642.43127147875,
            121642.43127147875
        ],
        121642.43127147874
    ],
    "unreachable_wire_length": [
        0.0,
        0.0,
        0.0,
        [
            0.0,
            0.0,
            0.0,
            0.0,
            0.0,
            0.0
        ],
        0.0
    ],
    "reachable_jumper_length": [
        180007.26917595207,
        180007.26917595207,
        180007.26917595207,
        [
            180007.26917595207,
            180007.26917595207,
            180007.26917595207,
            180007.26917595207,
            180007.26917595207,
            180007.26917595207
        ],
        180007.269175952
    ],
    "unreachable_jumper_length": [
        0.0,
        0.0,
        0.0,
        [
            0.0,
            0.0,
            0.0,
            0.0,
            0.0,
            0.0
        ],
        0.0
    ],
    "reachable_jumper_count": [
        2487.0,
        2487.0,
        2487.0,
        [
            2487.0,
            2487.0,
            2487.0,
            2487.0,
            2487.0,
            2487.0
        ],
        2487.0
    ],
    "unreachable_jumper_count": [
        0.0,
        0.0,
        0.0,
        [
            0.0,
            0.0,
            0.0,
            0.0,
            0.0,
            0.0
        ],
        0.0
    ],
    "shortest_path": {
        "percent_useful_node_count": [
            0.7133072407045009,
            0.7103718199608611,
            0.7173609169695275,
            [
                0.6887755102040816,
                0.6951635448700029,
                0.7024741403410679,
                0.725398378529494,
                0.7353368744758177,
                0.7431227285434723
            ],
            0.7146407604137547
        ],
        "percent_useful_wire_length": 42.36327066455094,
        "percent_reachable_sensors": 1.0,
        "percent_useful_jumper_count": [
            0.04302372336147969,
            0.04221954161640531,
            0.04402895054282267,
            [
                0.03737434660233213,
                0.03779654201849618,
                0.04051065540812224,
                0.045436268596702856,
                0.04784881383192602,
                0.04945717732207479
            ],
            0.043055890631282664
        ],
        "percent_useful_jumper_length": [
            0.0016083634901487736,
            0.0016083634901487736,
            0.0016083634901487736,
            [
                0.0012062726176115801,
                0.0015681544028950543,
                0.0016083634901487736,
                0.002010454362685967,
                0.0024125452352231603,
                0.0024125452352231603
            ],
            0.001761158021712907
        ],
        "percent_unreachable_bc_short_jumper": 0.0,
        "percent_multiroute_reached_nodes": [
            0.22982427310402231,
            0.22442966345830195,
            0.23262354359180393,
            [
                0.1926013401877563,
                0.20004724887835074,
                0.21325901455012627,
                0.2425585375474233,
                0.25815805624932675,
                0.2639589281718059
            ],
            0.22802637509078155
        ],
        "path_length_max": [
            1397.205199472969,
            1373.2878721101388,
            1397.205199472969
        ],
        "path_length_avg": [
            618.4346010196575,
            616.1532347798234,
            620.4124591286932,
            [
                188.46124309074858,
                262.8084841495805,
                419.91467283773034,
                788.9333897822138,
                922.868450908794,
                997.3735381176301
            ],
            605.4186549881766
        ],
        "path_node_count_max": [
            71.0,
            70.0,
            71.0
        ],
        "path_node_count_avg": [
            30.0,
            30.0,
            30.0,
            [
                9.0,
                13.0,
                20.0,
                40.0,
                47.0,
                51.0
            ],
            30.0319
        ],
        "path_jumper_count_max": [
            10.0,
            9.0,
            10.0
        ],
        "path_jumper_count_avg": [
            1.0,
            1.0,
            1.0,
            [
                0.0,
                0.0,
                0.0,
                2.0,
                3.0,
                4.0
            ],
            1.1591
        ],
        "path_sensor_jumper_length_max": [
            17.837852055685484,
            17.27482378730602,
            17.837852055685484
        ],
        "path_sensor_jumper_length_avg": [
            3.255009690835386,
            3.2302573466130164,
            3.2815478687508324,
            [
                0.269945066753642,
                0.5464968239907443,
                1.4569069703077728,
                5.912349679916591,
                8.870342839216514,
                11.112609105246012
            ],
            4.109582873925697
        ],
        "path_router_node_branches_max": [
            13.0,
            11.0,
            13.0
        ],
        "path_router_node_branches_avg": [
            2.0,
            2.0,
            2.0,
            [
                2.0,
                2.0,
                2.0,
                2.0,
                3.1999999999999886,
                8.0
            ],
            2.6171735241502683
        ],
        "graph_max_wire_length": [
            1148.2600625344037,
            1104.5110093753444,
            1164.633765769232,
            [
                960.7598873463467,
                1008.6374069739967,
                1071.6036793420005,
                1218.6100185912806,
                1282.6371841906716,
                1304.5058594488464
            ],
            1142.9041595054823
        ],
        "graph_avg_wire_length": [
            593.2207779794533,
            582.5042951573427,
            607.341257747047,
            [
                527.2754097075243,
                532.6990430829552,
                551.4095706309045,
                639.3802920219332,
                697.3792156118128,
                715.6083303421117
            ],
            603.4784979954263
        ],
        "graph_max_node_count": [
            59.0,
            58.0,
            60.0,
            [
                50.95,
                53.0,
                56.0,
                64.0,
                67.10000000000001,
                69.0
            ],
            59.59
        ],
        "graph_avg_node_count": [
            29.643720916409016,
            28.871080401533433,
            30.123742491247555,
            [
                26.832838430743923,
                27.15567612277441,
                27.882931248049246,
                32.13326837051386,
                34.89254049141952,
                36.27706398540495
            ],
            30.361701818715645
        ],