{
    "total_wire_length": 30343.622137856597,
    "total_jumper_length": 1190.3552439514365,
    "total_jumper_count": 57,
    "center_node_count": 192,
    "edge_node_count": 132,
    "total_node_count": 324,
    "reachable_node_count": [
        324.0,
        324.0,
        324.0,
        [
            324.0,
            324.0,
            324.0,
            324.0,
            324.0,
            324.0
        ],
        324.0
    ],
    "unreachable_node_count": [
        0.0,
        0.0,
        0.0,
        [
            0.0,
            0.0,
            0.0,
            0.0,
            0.0,
            0.0
        ],
        0.0
    ],
    "reachable_wire_length": [
        30343.6221378566,
        30343.6221378566,
        30343.6221378566,
        [
            30343.6221378566,
            30343.6221378566,
            30343.6221378566,
            30343.6221378566,
            30343.6221378566,
            30343.6221378566
        ],
        30343.622137856608
    ],
    "unreachable_wire_length": [
        0.0,
        0.0,
        0.0,
        [
            0.0,
            0.0,
            0.0,
            0.0,
            0.0,
            0.0
        ],
        0.0
    ],
    "reachable_jumper_length": [
        1190.3552439514363,
        1190.3552439514363,
        1190.3552439514363,
        [
            1190.3552439514363,
            1190.3552439514363,
            1190.3552439514363,
            1190.3552439514363,
            1190.3552439514363,
            1190.3552439514363
        ],
        1190.3552439514363
    ],
    "unreachable_jumper_length": [
        0.0,
        0.0,
        0.0,
        [
            0.0,
            0.0,
            0.0,
            0.0,
            0.0,
            0.0
        ],
        0.0
    ],
    "reachable_jumper_count": [
        57.0,
        57.0,
        57.0,
        [
            57.0,
            57.0,
            57.0,
            57.0,
            57.0,
            57.0
        ],
        57.0
    ],
    "unreachable_jumper_count": [
        0.0,
        0.0,
        0.0,
        [
            0.0,
            0.0,
            0.0,
            0.0,
            0.0,
            0.0
        ],
        0.0
    ],
    "shortest_path": {
        "percent_useful_node_count": [
            0.7438271604938271,
            0.7407407407407407,
            0.7469135802469136,
            [
                0.7189814814814814,
                0.7253086419753086,
                0.7345679012345679,
                0.7530864197530864,
                0.7623456790123457,
                0.7654320987654321
            ],
            0.7435493827160493
        ],
        "percent_useful_wire_length": 50.71250060725453,
        "percent_reachable_sensors": 0.92417,
        "percent_useful_jumper_count": [
            0.543859649122807,
            0.5263157894736842,
            0.543859649122807,
            [
                0.45614035087719296,
                0.47368421052631576,
                0.5087719298245614,
                0.5614035087719298,
                0.5964912280701754,
                0.5973684210526315
            ],
            0.5368421052631579
        ],
        "percent_useful_jumper_length": [
            0.08771929824561403,
            0.07017543859649122,
            0.08771929824561403,
            [
                0.05263157894736842,
                0.05263157894736842,
                0.07017543859649122,
                0.08771929824561403,
                0.10526315789473684,
                0.10526315789473684
            ],
            0.0792982456140351
        ],
        "percent_unreachable_bc_short_jumper": 0.07583,
        "percent_multiroute_reached_nodes": [
            0.39877546923617385,
            0.3941908713692946,
            0.4065057517795095,
            [
                0.35981621079567067,
                0.3681154470156264,
                0.3831175298804781,
                0.41630901287553645,
                0.43095840501973487,
                0.43700105042016807
            ],
            0.39943022131074235
        ],
        "path_length_max": [
            1452.1925150638547,
            1438.7451217141925,
            1452.1925150638547
        ],
        "path_length_avg": [
            693.6919924530142,
            691.3213439187632,
            695.9033976010421,
            [
                229.092423812019,
                313.49700825045613,
                488.6121450318888,
                870.7220800386633,
                1014.7880443722584,
                1094.6106679894426
            ],
            678.5528956571522
        ],
        "path_node_count_max": [
            24.0,
            23.0,
            24.0
        ],
        "path_node_count_avg": [
            10.0,
            10.0,
            10.0,
            [
                3.0,
                4.0,
                7.0,
                13.0,
                15.0,
                16.0
            ],
            9.838828354090698
        ],
        "path_jumper_count_max": [
            8.0,
            7.0,
            8.0
        ],
        "path_jumper_count_avg": [
            1.0,
            1.0,
            1.0,
            [
                0.0,
                0.0,
                0.0,
                1.0,
                2.0,
                2.0
            ],
            0.9562201759416558
        ],
        "path_sensor_jumper_length_max": [
            39.99777290499519,
            39.99502846934597,
            39.99777290499519
        ],
        "path_sensor_jumper_length_avg": [
            11.960284993917018,
            11.870571065436803,
            12.052450808523734,
            [
                0.9699376239290324,
                2.010958696986362,
                5.3999228214254975,
                21.002279949995593,
                29.69648573831976,
                33.82072457344534
            ],
            13.994953612200925
        ],
        "path_router_node_branches_max": [
            3.0,
            3.0,
            3.0
        ],
        "path_router_node_branches_avg": [
            2.0,
            2.0,
            2.0,
            [
                2.0,
                2.0,
                2.0,
                2.0,
                3.0,
                3.0
            ],
            2.169811320754717
        ],
        "graph_max_wire_length": [
            1200.868834386868,
            1175.285780953099,
            1230.1458961346127,
            [
                985.0282822390539,
                1019.7975467315625,
                1094.62052693244,
                1290.2254741375837,
                1355.8101344816814,
                1388.9728930461397
            ],
            1194.1945491893002
        ],
        "graph_avg_wire_length": [
            669.6944511525928,
            643.5752879041756,
            702.5121816467715,
            [
                571.2382829695298,
                584.6280703569305,
                617.7103955131197,
                735.8882275607285,
                779.1668400434351,
                786.2871932985374
            ],
            677.0312588139941
        ],
        "graph_max_node_count": [
            20.0,
            19.0,
            20.0,
            [
                16.0,
                17.0,
                18.0,
                21.0,
                22.0,
                22.0
            ],
            19.41
        ],
        "graph_avg_node_count": [
            10.58050431403681,
            10.033564720293997,
            11.168284789644012,
            [
                9.138135859737401,
                9.249576612903226,
                9.486765767934521,
                11.771742762357096,
                12.194966442953021,
                12.399382399646223
            ],
            10.671689457567423
        ],