{
    "total_wire_length": 80945.04663126932,
    "total_jumper_length": 403.3223313542153,
    "total_jumper_count": 81,
    "center_node_count": 1015,
    "edge_node_count": 324,
    "total_node_count": 1339,
    "reachable_node_count": [
        1339.0,
        1339.0,
        1339.0,
        [
            1339.0,
            1339.0,
            1339.0,
            1339.0,
            1339.0,
            1339.0
        ],
        1339.0
    ],
    "unreachable_node_count": [
        0.0,
        0.0,
        0.0,
        [
            0.0,
            0.0,
            0.0,
            0.0,
            0.0,
            0.0
        ],
        0.0
    ],
    "reachable_wire_length": [
        80945.04663126935,
        80945.04663126935,
        80945.04663126935,
        [
            80945.04663126935,
            80945.04663126935,
            80945.04663126935,
            80945.04663126935,
            80945.04663126935,
            80945.04663126935
        ],
        80945.04663126935
    ],
    "unreachable_wire_length": [
        0.0,
        0.0,
        0.0,
        [
            0.0,
            0.0,
            0.0,
            0.0,
            0.0,
            0.0
        ],
        0.0
    ],
    "reachable_jumper_length": [
        403.3223313542153,
        403.3223313542153,
        403.3223313542153,
        [
            403.3223313542153,
            403.3223313542153,
            403.3223313542153,
            403.3223313542153,
            403.3223313542153,
            403.3223313542153
        ],
        403.3223313542154
    ],
    "unreachable_jumper_length": [
        0.0,
        0.0,
        0.0,
        [
            0.0,
            0.0,
            0.0,
            0.0,
            0.0,
            0.0
        ],
        0.0
    ],
    "reachable_jumper_count": [
        81.0,
        81.0,
        81.0,
        [
            81.0,
            81.0,
            81.0,
            81.0,
            81.0,
            81.0
        ],
        81.0
    ],
    "unreachable_jumper_count": [
        0.0,
        0.0,
        0.0,
        [
            0.0,
            0.0,
            0.0,
            0.0,
            0.0,
            0.0
        ],
        0.0
    ],
    "shortest_path": {
        "percent_useful_node_count": [
            0.6893203883495146,
            0.6833457804331591,
            0.6949215832710979,
            [
                0.6643764002987305,
                0.6696788648244959,
                0.6786781179985064,
                0.6990291262135923,
                0.7058252427184466,
                0.7079910380881255
            ],
            0.6884615384615383
        ],
        "percent_useful_wire_length": 42.563805339916954,
        "percent_reachable_sensors": 0.67479,
        "percent_useful_jumper_count": [
            0.41975308641975306,
            0.4012345679012346,
            0.43209876543209874,
            [
                0.32098765432098764,
                0.3567901234567901,
                0.38271604938271603,
                0.4567901234567901,
                0.48148148148148145,
                0.4944444444444444
            ],
            0.415925925925926
        ],
        "percent_useful_jumper_length": [
            0.04938271604938271,
            0.04938271604938271,
            0.04938271604938271,
            [
                0.037037037037037035,
                0.037037037037037035,
                0.04938271604938271,
                0.06172839506172839,
                0.07407407407407407,
                0.07407407407407407
            ],
            0.05246913580246915
        ],
        "percent_unreachable_bc_short_jumper": 0.32521,
        "percent_multiroute_reached_nodes": [
            0.2607776264313559,
            0.2564605009331817,
            0.2668845315904139,
            [
                0.21666887817198496,
                0.2257314018818114,
                0.23690195422680366,
                0.28007805063773084,
                0.3020309108061569,
                0.3098874499815421
            ],
            0.2615792190266122
        ],
        "path_length_max": [
            2529.9533554400605,
            2497.6215442675984,
            2529.9533554400605
        ],
        "path_length_avg": [
            768.9308158638173,
            765.8906196695028,
            772.3501130859197,
            [
                224.57423238474988,
                320.6231181947841,
                522.8038471192697,
                1062.736595310856,
                1384.952807962019,
                1565.8744054177607
            ],
            817.836887070688
        ],
        "path_node_count_max": [
            70.0,
            69.0,
            70.0
        ],
        "path_node_count_avg": [
            21.0,
            21.0,
            21.0,
            [
                6.0,
                8.0,
                14.0,
                29.0,
                38.0,
                43.0
            ],
            22.269372693726936
        ],
        "path_jumper_count_max": [
            7.0,
            7.0,
            7.0
        ],
        "path_jumper_count_avg": [
            1.0,
            1.0,
            1.0,
            [
                0.0,
                0.0,
                1.0,
                2.0,
                2.0,
                2.0
            ],
            1.080573215370708
        ],
        "path_sensor_jumper_length_max": [
            9.99973007437417,
            9.999140584697518,
            9.99973007437417
        ],
        "path_sensor_jumper_length_avg": [
            4.088726460101125,
            4.055621056323256,
            4.122375334500247,
            [
                0.3688774124548763,
                0.7464079027196789,
                1.9093601024802656,
                6.67881605463395,
                8.540852994515248,
                9.252762610466633
            ],
            4.3744420975941996
        ],
        "path_router_node_branches_max": [
            3.0,
            3.0,
            3.0
        ],
        "path_router_node_branches_avg": [
            2.0,
            2.0,
            2.0,
            [
                2.0,
                2.0,
                2.0,
                2.0,
                3.0,
                3.0
            ],
            2.20817843866171
        ],
        "graph_max_wire_length": [
            1706.3910240645414,
            1640.54649600453,
            1751.3422668237058,
            [
                1411.3221923394804,
                1444.5356814003896,
                1556.944556008653,
                1935.8052640599476,
                2346.8225675036624,
                2404.458486475686
            ],
            1785.1932693835365
        ],
        "graph_avg_wire_length": [
            739.4516671477534,
            725.2860971483635,
            794.875569678856,
            [
                647.96540851766,
                660.7190187928687,
                686.0010593765601,
                893.2531402001981,
                1179.9206994267397,
                1230.259367620291
            ],
            822.5589870560775
        ],
        "graph_max_node_count": [
            48.0,
            46.0,
            50.0,
            [
                40.0,
                41.0,
                44.0,
                55.5,
                65.0,
                66.05
            ],
            50.26
        ],
        "graph_avg_node_count": [
            20.995316636818913,
            20.39518363972759,
            22.261857207571417,
            [
                18.279285714285717,
                18.58227219304211,
                19.324028091761477,
                25.04833239706219,
                32.54261492087416,
                33.656842556842555
            ],
            23.058458369407226
        ],