{
    "total_wire_length": 31901.701358799713,
    "total_jumper_length": 33321.61741366467,
    "total_jumper_count": 489,
    "center_node_count": 405,
    "edge_node_count": 204,
    "total_node_count": 609,
    "reachable_node_count": [
        609.0,
        609.0,
        609.0,
        [
            609.0,
            609.0,
            609.0,
            609.0,
            609.0,
            609.0
        ],
        609.0
    ],
    "unreachable_node_count": [
        0.0,
        0.0,
        0.0,
        [
            0.0,
            0.0,
            0.0,
            0.0,
            0.0,
            0.0
        ],
        0.0
    ],
    "reachable_wire_length": [
        31901.70135879972,
        31901.70135879972,
        31901.70135879972,
        [
            31901.70135879972,
            31901.70135879972,
            31901.70135879972,
            31901.70135879972,
            31901.70135879972,
            31901.70135879972
        ],
        31901.701358799717
    ],
    "unreachable_wire_length": [
        0.0,
        0.0,
        0.0,
        [
            0.0,
            0.0,
            0.0,
            0.0,
            0.0,
            0.0
        ],
        0.0
    ],
    "reachable_jumper_length": [
        33321.61741366467,
        33321.61741366467,
        33321.61741366467,
        [
            33321.61741366467,
            33321.61741366467,
            33321.61741366467,
            33321.61741366467,
            33321.61741366467,
            33321.61741366467
        ],
        33321.61741366468
    ],
    "unreachable_jumper_length": [
        0.0,
        0.0,
        0.0,
        [
            0.0,
            0.0,
            0.0,
            0.0,
            0.0,
            0.0
        ],
        0.0
    ],
    "reachable_jumper_count": [
        489.0,
        489.0,
        489.0,
        [
            489.0,
            489.0,
            489.0,
            489.0,
            489.0,
            489.0
        ],
        489.0
    ],
    "unreachable_jumper_count": [
        0.0,
        0.0,
        0.0,
        [
            0.0,
            0.0,
            0.0,
            0.0,
            0.0,
            0.0
        ],
        0.0
    ],
    "shortest_path": {
        "percent_useful_node_count": [
            0.7881773399014779,
            0.7848932676518884,
            0.7914614121510674,
            [
                0.7668308702791461,
                0.7733990147783252,
                0.7799671592775042,
                0.7951559934318555,
                0.8029556650246306,
                0.8078817733990148
            ],
            0.7883251231527093
        ],
        "percent_useful_wire_length": 56.6064189412834,
        "percent_reachable_sensors": 1.0,
        "percent_useful_jumper_count": [
            0.15337423312883436,
            0.15132924335378323,
            0.1554192229038855,
            [
                0.13486707566462167,
                0.1390593047034765,
                0.1446830265848671,
                0.16155419222903886,
                0.16789366053169735,
                0.1698364008179959
            ],
            0.1531083844580777
        ],
        "percent_useful_jumper_length": [
            0.0081799591002045,
            0.0081799591002045,
            0.0081799591002045,
            [
                0.006134969325153374,
                0.006134969325153374,
                0.006134969325153374,
                0.010224948875255624,
                0.010224948875255624,
                0.012269938650306749
            ],
            0.008261758691206544
        ],
        "percent_unreachable_bc_short_jumper": 0.0,
        "percent_multiroute_reached_nodes": [
            0.3375268689586053,
            0.3280922431865828,
            0.3423249021473539,
            [
                0.2841736394499503,
                0.29131213831914626,
                0.3170340921178598,
                0.3537842193661127,
                0.37374334318291846,
                0.3840789972076143
            ],
            0.3353234158734827
        ],
        "path_length_max": [
            1510.8215926088556,
            1493.6166471720423,
            1510.8215926088556
        ],
        "path_length_avg": [
            492.33390450048864,
            490.70729024205554,
            494.09934053849474,
            [
                153.71841721060838,
                211.0453732214876,
                336.5497237233854,
                659.204945159365,
                844.0201347530365,
                952.7807640746804
            ],
            513.4425732334511
        ],
        "path_node_count_max": [
            39.0,
            39.0,
            39.0
        ],
        "path_node_count_avg": [
            13.0,
            13.0,
            13.0,
            [
                4.0,
                6.0,
                9.0,
                18.0,
                22.0,
                25.0
            ],
            13.75521
        ],
        "path_jumper_count_max": [
            12.0,
            12.0,
            12.0
        ],
        "path_jumper_count_avg": [
            1.0,
            1.0,
            1.0,
            [
                0.0,
                0.0,
                1.0,
                3.0,
                5.0,
                6.0
            ],
            1.91336
        ],
        "path_sensor_jumper_length_max": [
            40.33494133416958,
            39.66441397378931,
            40.33494133416958
        ],
        "path_sensor_jumper_length_avg": [
            6.648922117291617,
            6.600054305454749,
            6.694559885091103,
            [
                0.5533936787789409,
                1.1385933792041654,
                2.9809622669448386,
                12.061333780377533,
                18.17289900734575,
                22.95429666886992
            ],
            8.403994242170109
        ],
        "path_router_node_branches_max": [
            8.0,
            7.0,
            8.0
        ],
        "path_router_node_branches_avg": [
            2.0,
            2.0,
            2.0,
            [
                2.0,
                2.0,
                2.0,
                3.0,
                5.0,
                6.0
            ],
            2.7797619047619047
        ],
        "graph_max_wire_length": [
            1018.4387661056019,
            988.393836063638,
            1064.0375415509502,
            [
                845.3810836603494,
                885.1524019986199,
                946.3468141284226,
                1162.3332566865927,
                1371.1888667301075,
                1466.6769529317526
            ],
            1071.4043933613173
        ],
        "graph_avg_wire_length": [
            474.08771648890433,
            457.1479501840947,
            491.33789291586777,
            [
                405.94133388262975,
                411.22643460246854,
                432.9737248591935,
                556.4788631105025,
                680.0667251515457,
                764.7737823782129
            ],
            510.2813047324408
        ],
        "graph_max_node_count": [
            27.5,
            27.0,
            28.51249999999999,
            [
                23.0,
                24.0,
                25.0,
                32.0,
                37.10000000000001,
                38.0
            ],
            29.05
        ],
        "graph_avg_node_count": [
            13.330687494586089,
            12.845272181060533,
            13.918475649904892,
            [
                11.695584239130435,
                11.805764065910948,
                12.216012327648093,
                14.950738916256158,
                19.10478594114597,
                19.88398920253219
            ],
            14.262614343701475
        ],