{
    "total_wire_length": 8498.131909435062,
    "total_jumper_length": 16.34173908948462,
    "total_jumper_count": 3,
    "center_node_count": 27,
    "edge_node_count": 58,
    "total_node_count": 85,
    "reachable_node_count": [
        14.0,
        14.0,
        39.0,
        [
            8.0,
            11.0,
            11.0,
            39.0,
            39.0,
            39.0
        ],
        25.11
    ],
    "unreachable_node_count": [
        71.0,
        46.0,
        71.0,
        [
            46.0,
            46.0,
            46.0,
            74.0,
            74.0,
            77.0
        ],
        59.89
    ],
    "reachable_wire_length": [
        1204.4857370318134,
        1204.4857370318134,
        4630.614779801272,
        [
            542.9396855012094,
            1162.1361655116186,
            1162.1361655116186,
            4630.614779801272,
            4630.614779801272,
            4630.614779801272
        ],
        2819.3368929740955
    ],
    "unreachable_wire_length": [
        7293.646172403249,
        3867.51712963379,
        7293.646172403249,
        [
            3867.51712963379,
            3867.51712963379,
            3867.51712963379,
            7335.995743923443,
            7335.995743923443,
            7955.192223933853
        ],
        5678.795016460967
    ],
    "reachable_jumper_length": [
        5.117024775402625,
        5.117024775402625,
        6.33356936162448,
        [
            0.0,
            4.891144952457516,
            4.891144952457516,
            6.33356936162448,
            6.33356936162448,
            6.33356936162448
        ],
        5.251817281341748
    ],
    "unreachable_jumper_length": [
        11.224714314081996,
        10.00816972786014,
        11.224714314081996,
        [
            10.00816972786014,
            10.00816972786014,
            10.00816972786014,
            11.450594137027105,
            11.450594137027105,
            16.34173908948462
        ],
        11.089921808142872
    ],
    "reachable_jumper_count": [
        1.0,
        1.0,
        1.0,
        [
            0.0,
            1.0,
            1.0,
            1.0,
            1.0,
            1.0
        ],
        0.92
    ],
    "unreachable_jumper_count": [
        2.0,
        2.0,
        2.0,
        [
            2.0,
            2.0,
            2.0,
            2.0,
            2.0,
            3.0
        ],
        2.08
    ],
    "shortest_path": {
        "percent_useful_node_count": [
            0.08235294117647059,
            0.07058823529411765,
            0.2,
            [
                0.03529411764705882,
                0.047058823529411764,
                0.07058823529411765,
                0.2,
                0.21176470588235294,
                0.21176470588235294
            ],
            0.13058823529411762
        ],
        "percent_useful_wire_length": 16.209287531686744,
        "percent_reachable_sensors": 0.07037,
        "percent_useful_jumper_count": [
            0.3333333333333333,
            0.3333333333333333,
            0.3333333333333333,
            [
                0.0,
                0.0,
                0.3333333333333333,
                0.3333333333333333,
                0.3333333333333333,
                0.3333333333333333
            ],
            0.26999999999999996
        ],
        "percent_useful_jumper_length": [
            0.0,
            0.0,
            0.3333333333333333,
            [
                0.0,
                0.0,
                0.0,
                0.3333333333333333,
                0.3333333333333333,
                0.3333333333333333
            ],
            0.16333333333333333
        ],
        "percent_unreachable_bc_short_jumper": 0.7878,
        "percent_multiroute_reached_nodes": [
            0.75,
            0.7032163742690059,
            0.7777777777777778,
            [
                0.5,
                0.5,
                0.6499999999999999,
                0.8235294117647058,
                0.8235294117647058,
                1.0
            ],
            0.7171660339574427
        ],
        "path_length_max": [
            1637.762929870839,
            1582.103750855356,
            1637.762929870839
        ],
        "path_length_avg": [
            455.12819249567025,
            444.4025436193946,
            466.2965431145604,
            [
                120.33846024768222,
                159.62262086243612,
                268.8755228100629,
                817.5179174456142,
                1060.8654425471998,
                1164.557527775609
            ],
            548.5382941575458
        ],
        "path_node_count_max": [
            11.0,
            11.0,
            11.0
        ],
        "path_node_count_avg": [
            3.0,
            3.0,
            3.0,
            [
                1.0,
                1.0,
                2.0,
                8.0,
                9.0,
                10.0
            ],
            4.381270427739094
        ],
        "path_jumper_count_max": [
            1.0,
            1.0,
            1.0
        ],
        "path_jumper_count_avg": [
            0.0,
            0.0,
            0.0,
            [
                0.0,
                0.0,
                0.0,
                1.0,
                1.0,
                1.0
            ],
            0.4359812420065369
        ],
        "path_sensor_jumper_length_max": [
            9.999224969394099,
            9.996059233288497,
            9.999224969394099
        ],
        "path_sensor_jumper_length_avg": [
            4.798212610332427,
            4.671645737828788,
            4.907119037546888,
            [
                0.5345477190362476,
                0.9985818944815852,
                2.4065826582948655,
                7.343103570610125,
                8.947522824645333,
                9.488880469682035
            ],
            4.892135987748397
        ],
        "path_router_node_branches_max": [
            3.0,
            3.0,
            3.0
        ],
        "path_router_node_branches_avg": [
            3.0,
            2.0,
            3.0,
            [
                2.0,
                2.0,
                2.0,
                3.0,
                3.0,
                3.0
            ],
            2.5384615384615383
        ],
        "graph_max_wire_length": [
            652.1307214488813,
            582.2710560994365,
            973.351424301651,
            [
                328.3644968064732,
                364.81377394912505,
                463.74220261631535,
                1233.0449392197718,
                1370.8203395640205,
                1417.667703506961
            ],
            828.9336918494206
        ],
        "graph_avg_wire_length": [
            405.60317375179886,
            345.3428808300812,
            492.3288271892086,
            [
                192.277543395153,
                224.27689219631816,
                275.0135274465116,
                626.54333794799,
                704.0120998989607,
                762.8951959408441
            ],
            448.7606924633217
        ],
        "graph_max_node_count": [
            5.0,
            4.0,
            9.0,
            [
                3.0,
                3.0,
                4.0,
                11.0,
                11.0,
                12.0
            ],
            7.0
        ],
        "graph_avg_node_count": [
            3.4545454545454546,
            2.9285714285714284,
            5.012820512820513,
            [
                2.1232954545454548,
                2.1818181818181817,
                2.6363636363636362,
                5.923076923076923,
                6.3076923076923075,
                6.797435897435897
            ],
            4.133736596736597
        ],