{
    "total_wire_length": 16345.936776362825,
    "total_jumper_length": 53.68151098732647,
    "total_jumper_count": 13,
    "center_node_count": 104,
    "edge_node_count": 118,
    "total_node_count": 222,
    "reachable_node_count": [
        199.0,
        199.0,
        199.0,
        [
            8.0,
            15.0,
            199.0,
            199.0,
            199.0,
            199.0
        ],
        174.52
    ],
    "unreachable_node_count": [
        23.0,
        23.0,
        23.0,
        [
            23.0,
            23.0,
            23.0,
            23.0,
            207.0,
            214.0
        ],
        47.48
    ],
    "reachable_wire_length": [
        15240.027411507524,
        15240.027411507524,
        15240.027411507524,
        [
            168.1702429720939,
            937.739121883206,
            15240.027411507524,
            15240.027411507524,
            15240.027411507524,
            15240.027411507524
        ],
        13319.164423543472
    ],
    "unreachable_wire_length": [
        1105.9093648552998,
        1105.9093648552998,
        1105.9093648552998,
        [
            1105.9093648552998,
            1105.9093648552998,
            1105.9093648552998,
            1105.9093648552998,
            15408.197654479618,
            16177.766533390732
        ],
        3026.772352819351
    ],
    "reachable_jumper_length": [
        53.68151098732647,
        53.68151098732647,
        53.68151098732647,
        [
            0.0,
            0.0,
            53.68151098732647,
            53.68151098732647,
            53.68151098732647,
            53.68151098732647
        ],
        46.702914558974044
    ],
    "unreachable_jumper_length": [
        0.0,
        0.0,
        0.0,
        [
            0.0,
            0.0,
            0.0,
            0.0,
            53.68151098732647,
            53.68151098732647
        ],
        6.978596428352441
    ],
    "reachable_jumper_count": [
        13.0,
        13.0,
        13.0,
        [
            0.0,
            0.0,
            13.0,
            13.0,
            13.0,
            13.0
        ],
        11.31
    ],
    "unreachable_jumper_count": [
        0.0,
        0.0,
        0.0,
        [
            0.0,
            0.0,
            0.0,
            0.0,
            13.0,
            13.0
        ],
        1.69
    ],
    "shortest_path": {
        "percent_useful_node_count": [
            0.5135135135135135,
            0.5089527027027028,
            0.5157657657657657,
            [
                0.009009009009009009,
                0.02252252252252252,
                0.5,
                0.5225225225225225,
                0.527027027027027,
                0.5315315315315315
            ],
            0.4482882882882883
        ],
        "percent_useful_wire_length": 39.84499154260681,
        "percent_reachable_sensors": 0.31043,
        "percent_useful_jumper_count": [
            0.7692307692307693,
            0.7692307692307693,
            0.7692307692307693,
            [
                0.0,
                0.0,
                0.6923076923076923,
                0.8461538461538461,
                0.8461538461538461,
                0.9230769230769231
            ],
            0.6799999999999997
        ],
        "percent_useful_jumper_length": [
            0.3076923076923077,
            0.3076923076923077,
            0.3076923076923077,
            [
                0.0,
                0.0,
                0.3076923076923077,
                0.38461538461538464,
                0.38461538461538464,
                0.38461538461538464
            ],
            0.2884615384615384
        ],
        "percent_unreachable_bc_short_jumper": 0.62135,
        "percent_multiroute_reached_nodes": [
            0.5739130434782609,
            0.5677937471369675,
            0.5810876623376624,
            [
                0.5170314842578712,
                0.5340779610194902,
                0.5555555555555556,
                0.5896915584415585,
                0.6800000000000012,
                1.0
            ],
            0.6082411129296422
        ],
        "path_length_max": [
            1590.5194320381738,
            1581.9763487926307,
            1590.5194320381738
        ],
        "path_length_avg": [
            615.8394970170136,
            611.8114321131783,
            620.1203739283975,
            [
                169.67447937383488,
                242.9275278040611,
                409.1730574869118,
                825.2426625364495,
                1011.9679229758216,
                1115.2903345867276
            ],
            624.7406897914977
        ],
        "path_node_count_max": [
            29.0,
            28.0,
            29.0
        ],
        "path_node_count_avg": [
            10.0,
            10.0,
            11.0,
            [
                2.0,
                3.0,
                6.0,
                15.0,
                17.0,
                19.0
            ],
            10.453757690944819
        ],
        "path_jumper_count_max": [
            5.0,
            5.0,
            5.0
        ],
        "path_jumper_count_avg": [
            1.0,
            1.0,
            1.0,
            [
                0.0,
                0.0,
                1.0,
                2.0,
                2.0,
                3.0
            ],
            1.2447250587894212
        ],
        "path_sensor_jumper_length_max": [
            9.99983022357162,
            9.99803073559403,
            9.99983022357162
        ],
        "path_sensor_jumper_length_avg": [
            4.623531641974185,
            4.570833099846611,
            4.682496417194218,
            [
                0.4391088852201198,
                0.881174419355952,
                2.2360018938673676,
                7.1942907293263705,
                8.85569413338353,
                9.432225693542716
            ],
            4.748534781813051
        ],
        "path_router_node_branches_max": [
            3.0,
            3.0,
            3.0
        ],
        "path_router_node_branches_avg": [
            2.0,
            2.0,
            2.0,
            [
                2.0,
                2.0,
                2.0,
                3.0,
                3.0,
                3.0
            ],
            2.3230769230769233
        ],
        "graph_max_wire_length": [
            1211.031416542636,
            1182.1909935394067,
            1251.186974426622,
            [
                314.8054178437226,
                403.96693662754825,
                1067.306898297302,
                1318.8998551049444,
                1414.7936647793108,
                1480.117958024885
            ],
            1120.9437497567324
        ],
        "graph_avg_wire_length": [
            610.7092087928288,
            582.1427766932953,
            633.5198224395637,
            [
                181.39920758180764,
                347.44279303240273,
                497.2489156400673,
                672.3295481876008,
                750.4102619053184,
                815.032958610538
            ],
            582.6572116085391
        ],
        "graph_max_node_count": [
            22.0,
            22.0,
            23.0,
            [
                3.0,
                3.9000000000000004,
                19.75,
                24.25,
                26.0,
                27.049999999999997
            ],
            20.34
        ],
        "graph_avg_node_count": [
            10.973331122618166,
            10.224791470040557,
            11.756345177664974,
            [
                2.125,
                2.4533333333333336,
                8.461928934010153,
                12.561781311509375,
                13.938392857142857,
                14.13428446905604
            ],
            10.171321994031233
        ],