{
    "total_wire_length": 20502.585873120577,
    "total_jumper_length": 15354.97618635969,
    "total_jumper_count": 210,
    "center_node_count": 127,
    "edge_node_count": 148,
    "total_node_count": 275,
    "reachable_node_count": [
        275.0,
        275.0,
        275.0,
        [
            275.0,
            275.0,
            275.0,
            275.0,
            275.0,
            275.0
        ],
        275.0
    ],
    "unreachable_node_count": [
        0.0,
        0.0,
        0.0,
        [
            0.0,
            0.0,
            0.0,
            0.0,
            0.0,
            0.0
        ],
        0.0
    ],
    "reachable_wire_length": [
        20502.58587312058,
        20502.58587312058,
        20502.58587312058,
        [
            20502.58587312058,
            20502.58587312058,
            20502.58587312058,
            20502.58587312058,
            20502.58587312058,
            20502.58587312058
        ],
        20502.585873120577
    ],
    "unreachable_wire_length": [
        0.0,
        0.0,
        0.0,
        [
            0.0,
            0.0,
            0.0,
            0.0,
            0.0,
            0.0
        ],
        0.0
    ],
    "reachable_jumper_length": [
        15354.976186359696,
        15354.976186359696,
        15354.976186359696,
        [
            15354.976186359696,
            15354.976186359696,
            15354.976186359696,
            15354.976186359696,
            15354.976186359696,
            15354.976186359696
        ],
        15354.976186359701
    ],
    "unreachable_jumper_length": [
        0.0,
        0.0,
        0.0,
        [
            0.0,
            0.0,
            0.0,
            0.0,
            0.0,
            0.0
        ],
        0.0
    ],
    "reachable_jumper_count": [
        210.0,
        210.0,
        210.0,
        [
            210.0,
            210.0,
            210.0,
            210.0,
            210.0,
            210.0
        ],
        210.0
    ],
    "unreachable_jumper_count": [
        0.0,
        0.0,
        0.0,
        [
            0.0,
            0.0,
            0.0,
            0.0,
            0.0,
            0.0
        ],
        0.0
    ],
    "shortest_path": {
        "percent_useful_node_count": [
            0.7781818181818182,
            0.7745454545454545,
            0.7818636363636363,
            [
                0.7527272727272727,
                0.7563636363636363,
                0.7672727272727272,
                0.7927272727272727,
                0.8003636363636364,
                0.8109090909090909
            ],
            0.7788727272727273
        ],
        "percent_useful_wire_length": 63.560246845073756,
        "percent_reachable_sensors": 0.99083,
        "percent_useful_jumper_count": [
            0.3047619047619048,
            0.3,
            0.30952380952380953,
            [
                0.27595238095238095,
                0.28523809523809524,
                0.29404761904761906,
                0.319047619047619,
                0.34285714285714286,
                0.3476190476190476
            ],
            0.30766666666666664
        ],
        "percent_useful_jumper_length": [
            0.03333333333333333,
            0.03333333333333333,
            0.0380952380952381,
            [
                0.02857142857142857,
                0.02857142857142857,
                0.02857142857142857,
                0.04285714285714286,
                0.047619047619047616,
                0.04785714285714284
            ],
            0.03642857142857143
        ],
        "percent_unreachable_bc_short_jumper": 0.00917,
        "percent_multiroute_reached_nodes": [
            0.46667442253997804,
            0.46153846153846156,
            0.4740848765192662,
            [
                0.4010064701653487,
                0.41758878504672897,
                0.44894848113942365,
                0.4836062888961677,
                0.4976368838316553,
                0.5070455910820373
            ],
            0.4624034881486264
        ],
        "path_length_max": [
            1597.958835065053,
            1565.1292127388153,
            1597.958835065053
        ],
        "path_length_avg": [
            602.2826639771082,
            599.8823272291731,
            604.2991953573729,
            [
                197.694629795385,
                272.431305714819,
                423.6073685124021,
                800.0587705259753,
                967.2143730344881,
                1058.8319839887872
            ],
            615.7494622904744
        ],
        "path_node_count_max": [
            24.0,
            24.0,
            24.0
        ],
        "path_node_count_avg": [
            10.0,
            10.0,
            10.0,
            [
                3.0,
                4.0,
                6.0,
                13.0,
                16.0,
                17.0
            ],
            9.784312142345307
        ],
        "path_jumper_count_max": [
            12.0,
            12.0,
            12.0
        ],
        "path_jumper_count_avg": [
            2.0,
            2.0,
            2.0,
            [
                0.0,
                0.0,
                1.0,
                3.0,
                4.0,
                5.0
            ],
            1.984063865647992
        ],
        "path_sensor_jumper_length_max": [
            159.999943735133,
            159.58153807932294,
            159.999943735133
        ],
        "path_sensor_jumper_length_avg": [
            13.46848161226883,
            13.36818507557568,
            13.57599245731749,
            [
                1.1289528761469907,
                2.296005501193339,
                5.999823538960644,
                24.965024515810548,
                38.750480340445,
                49.85332154460384
            ],
            18.091777206173152
        ],
        "path_router_node_branches_max": [
            6.0,
            4.0,
            6.0
        ],
        "path_router_node_branches_avg": [
            2.0,
            2.0,
            3.0,
            [
                2.0,
                2.0,
                2.0,
                3.0,
                3.0,
                4.0
            ],
            2.5428571428571427
        ],
        "graph_max_wire_length": [
            1116.160256823294,
            1080.6037320866171,
            1157.0580740150476,
            [
                932.0637275669026,
                971.9075743446657,
                1040.4268116273056,
                1243.4055957295327,
                1437.2365037937568,
                1511.8313525477874
            ],
            1157.338491326469
        ],
        "graph_avg_wire_length": [
            565.9293487983904,
            535.9991387840114,
            602.0406058730857,
            [
                458.6372882889269,
                473.49664813747097,
                498.00741716286393,
                663.2131693314368,
                819.3350292628113,
                848.7646150469656
            ],
            598.8599135838318
        ],
        "graph_max_node_count": [
            19.0,
            18.0,
            20.0,
            [
                15.0,
                16.0,
                16.75,
                21.0,
                23.0,
                24.0
            ],
            19.11
        ],
        "graph_avg_node_count": [
            10.137436009945883,
            9.472527472527473,
            10.781376518218623,
            [
                8.02811036060573,
                8.085804339746705,
                8.677869732992212,
                12.00890009812339,
                13.18290909090909,
                14.098181818181818
            ],
            10.399898411931781
        ],