{
    "total_wire_length": 39183.97414824544,
    "total_jumper_length": 11954.533621336857,
    "total_jumper_count": 302,
    "center_node_count": 487,
    "edge_node_count": 174,
    "total_node_count": 661,
    "reachable_node_count": [
        661.0,
        661.0,
        661.0,
        [
            661.0,
            661.0,
            661.0,
            661.0,
            661.0,
            661.0
        ],
        661.0
    ],
    "unreachable_node_count": [
        0.0,
        0.0,
        0.0,
        [
            0.0,
            0.0,
            0.0,
            0.0,
            0.0,
            0.0
        ],
        0.0
    ],
    "reachable_wire_length": [
        39183.974148245434,
        39183.974148245434,
        39183.974148245434,
        [
            39183.974148245434,
            39183.974148245434,
            39183.974148245434,
            39183.974148245434,
            39183.974148245434,
            39183.974148245434
        ],
        39183.974148245434
    ],
    "unreachable_wire_length": [
        0.0,
        0.0,
        0.0,
        [
            0.0,
            0.0,
            0.0,
            0.0,
            0.0,
            0.0
        ],
        0.0
    ],
    "reachable_jumper_length": [
        11954.533621336852,
        11954.533621336852,
        11954.533621336852,
        [
            11954.533621336852,
            11954.533621336852,
            11954.533621336852,
            11954.533621336852,
            11954.533621336852,
            11954.533621336852
        ],
        11954.533621336852
    ],
    "unreachable_jumper_length": [
        0.0,
        0.0,
        0.0,
        [
            0.0,
            0.0,
            0.0,
            0.0,
            0.0,
            0.0
        ],
        0.0
    ],
    "reachable_jumper_count": [
        302.0,
        302.0,
        302.0,
        [
            302.0,
            302.0,
            302.0,
            302.0,
            302.0,
            302.0
        ],
        302.0
    ],
    "unreachable_jumper_count": [
        0.0,
        0.0,
        0.0,
        [
            0.0,
            0.0,
            0.0,
            0.0,
            0.0,
            0.0
        ],
        0.0
    ],
    "shortest_path": {
        "percent_useful_node_count": [
            0.8320726172465961,
            0.829803328290469,
            0.8350983358547656,
            [
                0.8092284417549168,
                0.8154311649016641,
                0.8260211800302572,
                0.8430408472012103,
                0.8502269288956127,
                0.8503025718608169
            ],
            0.8322692889561271
        ],
        "percent_useful_wire_length": 52.890324609569205,
        "percent_reachable_sensors": 1.0,
        "percent_useful_jumper_count": [
            0.271523178807947,
            0.26490066225165565,
            0.27487582781456954,
            [
                0.2183774834437086,
                0.23178807947019867,
                0.2508278145695364,
                0.28807947019867547,
                0.30165562913907285,
                0.31142384105960264
            ],
            0.2687748344370861
        ],
        "percent_useful_jumper_length": [
            0.006622516556291391,
            0.0033112582781456954,
            0.006622516556291391,
            [
                0.0033112582781456954,
                0.0033112582781456954,
                0.0033112582781456954,
                0.006622516556291391,
                0.006622516556291391,
                0.006622516556291391
            ],
            0.0050993377483443715
        ],
        "percent_unreachable_bc_short_jumper": 0.0,
        "percent_multiroute_reached_nodes": [
            0.2941742081447964,
            0.28947420429055626,
            0.29698098240755055,
            [
                0.25274258141855466,
                0.256653395869095,
                0.2720767604488534,
                0.3055561105561106,
                0.3207718405428329,
                0.3309879029629919
            ],
            0.2910243202994739
        ],
        "path_length_max": [
            1798.5112415277742,
            1774.831305509346,
            1798.5112415277742
        ],
        "path_length_avg": [
            564.5762237495641,
            562.0090715330734,
            567.1197786862667,
            [
                161.61744709722285,
                220.92845581026356,
                359.7699615779096,
                833.5416938380492,
                1065.689351187178,
                1190.8283704237829
            ],
            612.6152211033437
        ],
        "path_node_count_max": [
            45.0,
            44.0,
            45.0
        ],
        "path_node_count_avg": [
            15.0,
            15.0,
            15.0,
            [
                4.0,
                6.0,
                9.0,
                21.0,
                27.0,
                30.0
            ],
            15.87145
        ],
        "path_jumper_count_max": [
            29.0,
            29.0,
            29.0
        ],
        "path_jumper_count_avg": [
            2.0,
            2.0,
            2.0,
            [
                0.0,
                0.0,
                0.0,
                8.0,
                13.0,
                16.0
            ],
            4.75224
        ],
        "path_sensor_jumper_length_max": [
            35.18815360371656,
            34.47998092066614,
            35.18815360371656
        ],
        "path_sensor_jumper_length_avg": [
            6.499290219369571,
            6.455799304061879,
            6.557381937027277,
            [
                0.536967649878723,
                1.097818494332119,
                2.917237239655301,
                11.848494563553368,
                17.78786138687067,
                22.33356808037998
            ],
            8.222779989375436
        ],
        "path_router_node_branches_max": [
            6.0,
            4.0,
            6.0
        ],
        "path_router_node_branches_avg": [
            2.0,
            2.0,
            2.0,
            [
                2.0,
                2.0,
                2.0,
                3.0,
                3.0,
                4.0
            ],
            2.39247311827957
        ],
        "graph_max_wire_length": [
            1277.1276574967592,
            1233.0157995244915,
            1315.3960182926833,
            [
                1036.7370541041983,
                1051.7991510066242,
                1155.778679876395,
                1440.887088445368,
                1652.2141090291134,
                1717.6907303606288
            ],
            1311.1159794795103
        ],
        "graph_avg_wire_length": [
            577.3710143225557,
            560.3507676472727,
            596.361719892404,
            [
                468.5452806858522,
                473.7804902870413,
                512.6698972344473,
                658.7763486759046,
                835.2407507806888,
                870.977145773308
            ],
            608.0898267599861
        ],
        "graph_max_node_count": [
            33.0,
            32.0,
            33.5,
            [
                26.95,
                27.0,
                30.0,
                36.0,
                42.0,
                43.0
            ],
            33.59
        ],
        "graph_avg_node_count": [
            15.520922522290533,
            15.212878787878788,
            16.04248861911988,
            [
                12.79831781395135,
                13.115938104448743,
                14.354387291981846,
                17.15959730077712,
                21.816368265308235,
                22.5614598876301
            ],
            16.353383910316644
        ],