{
    "total_wire_length": 14446.361574785138,
    "total_jumper_length": 3039.3660846261105,
    "total_jumper_count": 79,
    "center_node_count": 239,
    "edge_node_count": 91,
    "total_node_count": 330,
    "reachable_node_count": [
        330.0,
        330.0,
        330.0,
        [
            330.0,
            330.0,
            330.0,
            330.0,
            330.0,
            330.0
        ],
        330.0
    ],
    "unreachable_node_count": [
        0.0,
        0.0,
        0.0,
        [
            0.0,
            0.0,
            0.0,
            0.0,
            0.0,
            0.0
        ],
        0.0
    ],
    "reachable_wire_length": [
        14446.36157478514,
        14446.36157478514,
        14446.36157478514,
        [
            14446.36157478514,
            14446.36157478514,
            14446.36157478514,
            14446.36157478514,
            14446.36157478514,
            14446.36157478514
        ],
        14446.361574785138
    ],
    "unreachable_wire_length": [
        0.0,
        0.0,
        0.0,
        [
            0.0,
            0.0,
            0.0,
            0.0,
            0.0,
            0.0
        ],
        0.0
    ],
    "reachable_jumper_length": [
        3039.3660846261105,
        3039.3660846261105,
        3039.3660846261105,
        [
            3039.3660846261105,
            3039.3660846261105,
            3039.3660846261105,
            3039.3660846261105,
            3039.3660846261105,
            3039.3660846261105
        ],
        3039.3660846261114
    ],
    "unreachable_jumper_length": [
        0.0,
        0.0,
        0.0,
        [
            0.0,
            0.0,
            0.0,
            0.0,
            0.0,
            0.0
        ],
        0.0
    ],
    "reachable_jumper_count": [
        79.0,
        79.0,
        79.0,
        [
            79.0,
            79.0,
            79.0,
            79.0,
            79.0,
            79.0
        ],
        79.0
    ],
    "unreachable_jumper_count": [
        0.0,
        0.0,
        0.0,
        [
            0.0,
            0.0,
            0.0,
            0.0,
            0.0,
            0.0
        ],
        0.0
    ],
    "shortest_path": {
        "percent_useful_node_count": [
            0.8575757575757575,
            0.8545454545454545,
            0.8606060606060606,
            [
                0.8333333333333334,
                0.8393939393939394,
                0.8454545454545455,
                0.8666666666666667,
                0.8757575757575757,
                0.8848484848484849
            ],
            0.8572727272727273
        ],
        "percent_useful_wire_length": 70.31962483506172,
        "percent_reachable_sensors": 1.0,
        "percent_useful_jumper_count": [
            0.4430379746835443,
            0.42405063291139244,
            0.45569620253164556,
            [
                0.3670886075949367,
                0.379746835443038,
                0.41455696202531644,
                0.46835443037974683,
                0.5063291139240507,
                0.5069620253164557
            ],
            0.44164556962025314
        ],
        "percent_useful_jumper_length": [
            0.06329113924050633,
            0.05063291139240506,
            0.06329113924050633,
            [
                0.0379746835443038,
                0.0379746835443038,
                0.05063291139240506,
                0.06329113924050633,
                0.0759493670886076,
                0.0759493670886076
            ],
            0.05734177215189876
        ],
        "percent_unreachable_bc_short_jumper": 0.0,
        "percent_multiroute_reached_nodes": [
            0.32570797996329914,
            0.3159747244649102,
            0.32974910394265233,
            [
                0.27078647635524794,
                0.27713503649635035,
                0.2941160118606375,
                0.33842657342657345,
                0.35197653723710925,
                0.361045395191643
            ],
            0.3188881758979979
        ],
        "path_length_max": [
            985.6713787733685,
            967.2338190830685,
            985.6713787733685
        ],
        "path_length_avg": [
            464.99206538128715,
            463.42951688465996,
            466.45439119200023,
            [
                158.57087745640112,
                213.9173391443639,
                327.15041041001354,
                585.0140615718201,
                685.2029467938878,
                743.4920374043578
            ],
            457.4711275139189
        ],
        "path_node_count_max": [
            28.0,
            28.0,
            28.0
        ],
        "path_node_count_avg": [
            12.0,
            12.0,
            12.0,
            [
                3.0,
                5.0,
                8.0,
                15.0,
                18.0,
                20.0
            ],
            11.96159
        ],
        "path_jumper_count_max": [
            10.0,
            10.0,
            10.0
        ],
        "path_jumper_count_avg": [
            1.0,
            1.0,
            1.0,
            [
                0.0,
                0.0,
                0.0,
                2.0,
                3.0,
                5.0
            ],
            1.28267
        ],
        "path_sensor_jumper_length_max": [
            65.85062045666224,
            62.858753101784785,
            65.85062045666224
        ],
        "path_sensor_jumper_length_avg": [
            11.875845440817638,
            11.77393302211465,
            11.962529411101533,
            [
                0.9420877249198278,
                1.9464916817523954,
                5.19002429207047,
                21.90326824678202,
                31.887985201406007,
                37.127688254774824
            ],
            14.58752816149636
        ],
        "path_router_node_branches_max": [
            4.0,
            3.0,
            4.0
        ],
        "path_router_node_branches_avg": [
            2.0,
            2.0,
            2.0,
            [
                2.0,
                2.0,
                2.0,
                2.0,
                3.0,
                3.0
            ],
            2.141025641025641
        ],
        "graph_max_wire_length": [
            795.7637332022618,
            768.835738612194,
            819.8715116205532,
            [
                672.7014497016843,
                697.6339195180581,
                733.5980929168429,
                868.7460376712997,
                907.7182975587555,
                934.2938118092288
            ],
            800.1226228462241
        ],
        "graph_avg_wire_length": [
            437.4217509662722,
            427.0372569154395,
            446.75179986918295,
            [
                381.22436289670856,
                387.60389005869143,
                404.0739680047932,
                479.3670495609776,
                521.9427161680101,
                536.8794448106465
            ],
            446.1187609666196
        ],
        "graph_max_node_count": [
            23.0,
            22.0,
            24.0,
            [
                19.95,
                20.0,
                21.0,
                25.0,
                27.0,
                28.0
            ],
            23.3
        ],
        "graph_avg_node_count": [
            12.274646344367707,
            11.967676767676767,
            12.662571400910059,
            [
                10.814589665653495,
                10.885242060691603,
                11.185728101685548,
                13.452272727272728,
                14.535165057135163,
                15.929246108501427
            ],
            12.560377968587161
        ],