{
    "total_wire_length": 48196.341654531134,
    "total_jumper_length": 4230.371849818176,
    "total_jumper_count": 218,
    "center_node_count": 1603,
    "edge_node_count": 257,
    "total_node_count": 1860,
    "reachable_node_count": [
        1860.0,
        1860.0,
        1860.0,
        [
            1860.0,
            1860.0,
            1860.0,
            1860.0,
            1860.0,
            1860.0
        ],
        1860.0
    ],
    "unreachable_node_count": [
        0.0,
        0.0,
        0.0,
        [
            0.0,
            0.0,
            0.0,
            0.0,
            0.0,
            0.0
        ],
        0.0
    ],
    "reachable_wire_length": [
        48196.341654531134,
        48196.341654531134,
        48196.341654531134,
        [
            48196.341654531134,
            48196.341654531134,
            48196.341654531134,
            48196.341654531134,
            48196.341654531134,
            48196.341654531134
        ],
        48196.34165453112
    ],
    "unreachable_wire_length": [
        0.0,
        0.0,
        0.0,
        [
            0.0,
            0.0,
            0.0,
            0.0,
            0.0,
            0.0
        ],
        0.0
    ],
    "reachable_jumper_length": [
        4230.371849818178,
        4230.371849818178,
        4230.371849818178,
        [
            4230.371849818178,
            4230.371849818178,
            4230.371849818178,
            4230.371849818178,
            4230.371849818178,
            4230.371849818178
        ],
        4230.371849818177
    ],
    "unreachable_jumper_length": [
        0.0,
        0.0,
        0.0,
        [
            0.0,
            0.0,
            0.0,
            0.0,
            0.0,
            0.0
        ],
        0.0
    ],
    "reachable_jumper_count": [
        218.0,
        218.0,
        218.0,
        [
            218.0,
            218.0,
            218.0,
            218.0,
            218.0,
            218.0
        ],
        218.0
    ],
    "unreachable_jumper_count": [
        0.0,
        0.0,
        0.0,
        [
            0.0,
            0.0,
            0.0,
            0.0,
            0.0,
            0.0
        ],
        0.0
    ],
    "shortest_path": {
        "percent_useful_node_count": [
            0.788978494623656,
            0.7860215053763441,
            0.7919354838709678,
            [
                0.7671774193548387,
                0.7709139784946237,
                0.7821236559139785,
                0.7979838709677419,
                0.8075268817204301,
                0.8123924731182796
            ],
            0.7894086021505374
        ],
        "percent_useful_wire_length": 58.73321891968519,
        "percent_reachable_sensors": 1.0,
        "percent_useful_jumper_count": [
            0.3761467889908257,
            0.3669724770642202,
            0.38073394495412843,
            [
                0.3165137614678899,
                0.33440366972477065,
                0.3486238532110092,
                0.3944954128440367,
                0.40871559633027527,
                0.4176605504587156
            ],
            0.37211009174311926
        ],
        "percent_useful_jumper_length": [
            0.022935779816513763,
            0.01834862385321101,
            0.022935779816513763,
            [
                0.013761467889908258,
                0.013761467889908258,
                0.01834862385321101,
                0.022935779816513763,
                0.023394495412844076,
                0.027522935779816515
            ],
            0.020779816513761467
        ],
        "percent_unreachable_bc_short_jumper": 0.0,
        "percent_multiroute_reached_nodes": [
            0.24727326703556662,
            0.2408906882591093,
            0.2553728214649338,
            [
                0.20940895864997064,
                0.21588960562466936,
                0.2314773634156885,
                0.26870527143032213,
                0.280010638349787,
                0.28503892369668715
            ],
            0.24848639194288105
        ],
        "path_length_max": [
            1178.0095926832698,
            1163.8163267981529,
            1178.0095926832698
        ],
        "path_length_avg": [
            549.6239950660943,
            547.6918100550486,
            551.8511396640168,
            [
                176.59743789331569,
                243.02179374731256,
                379.869745429497,
                704.14560311323,
                834.8372030759986,
                910.14684939203
            ],
            544.5200387261021
        ],
        "path_node_count_max": [
            61.0,
            60.0,
            61.0
        ],
        "path_node_count_avg": [
            28.0,
            28.0,
            28.0,
            [
                9.0,
                12.0,
                19.0,
                36.0,
                43.0,
                47.0
            ],
            27.66854
        ],
        "path_jumper_count_max": [
            25.0,
            24.0,
            25.0
        ],
        "path_jumper_count_avg": [
            1.0,
            1.0,
            1.0,
            [
                0.0,
                0.0,
                0.0,
                2.0,
                5.0,
                9.0
            ],
            1.85495
        ],
        "path_sensor_jumper_length_max": [
            27.60765512889379,
            27.372013790679446,
            27.60765512889379
        ],
        "path_sensor_jumper_length_avg": [
            5.920735407758384,
            5.879174234698946,
            5.973362774338308,
            [
                0.4964763841013902,
                1.0141084220997814,
                2.622321642108285,
                10.93111976702713,
                15.798323896982813,
                18.28308292444265
            ],
            7.259873755262644
        ],
        "path_router_node_branches_max": [
            4.0,
            3.0,
            4.0
        ],
        "path_router_node_branches_avg": [
            2.0,
            2.0,
            2.0,
            [
                2.0,
                2.0,
                2.0,
                2.0,
                2.0,
                3.0
            ],
            2.090062111801242
        ],
        "graph_max_wire_length": [
            1019.1869849558153,
            973.7755275457557,
            1057.6423620409719,
            [
                846.4374174346018,
                868.9176862493401,
                935.7285327443358,
                1090.7908973360834,
                1144.1761114045291,
                1154.5361727109162
            ],
            1010.4552989352626
        ],
        "graph_avg_wire_length": [
            537.1297899246138,
            501.94000142838104,
            560.5159038438658,
            [
                467.4505060655312,
                469.0887967605616,
                486.6947818605614,
                584.5145836461156,
                630.3801434153244,
                651.5384781897822
            ],
            540.8976762662198
        ],
        "graph_max_node_count": [
            54.0,
            51.5,
            55.0,
            [
                44.0,
                45.9,
                49.0,
                57.0,
                60.0,
                61.0
            ],
            53.08
        ],
        "graph_avg_node_count": [
            27.95732462978924,
            26.30519959351712,
            29.295698924731184,
            [
                24.730279138258076,
                24.91126832844575,
                25.416801075268815,
                30.89215788347302,
                32.359569892473125,
                33.78655913978495
            ],
            28.345394595711277
        ],