{
    "total_wire_length": 55452.55370940273,
    "total_jumper_length": 550.9205295138879,
    "total_jumper_count": 48,
    "center_node_count": 928,
    "edge_node_count": 194,
    "total_node_count": 1122,
    "reachable_node_count": [
        1122.0,
        1122.0,
        1122.0,
        [
            1122.0,
            1122.0,
            1122.0,
            1122.0,
            1122.0,
            1122.0
        ],
        1122.0
    ],
    "unreachable_node_count": [
        0.0,
        0.0,
        0.0,
        [
            0.0,
            0.0,
            0.0,
            0.0,
            0.0,
            0.0
        ],
        0.0
    ],
    "reachable_wire_length": [
        55452.55370940273,
        55452.55370940273,
        55452.55370940273,
        [
            55452.55370940273,
            55452.55370940273,
            55452.55370940273,
            55452.55370940273,
            55452.55370940273,
            55452.55370940273
        ],
        55452.55370940272
    ],
    "unreachable_wire_length": [
        0.0,
        0.0,
        0.0,
        [
            0.0,
            0.0,
            0.0,
            0.0,
            0.0,
            0.0
        ],
        0.0
    ],
    "reachable_jumper_length": [
        550.9205295138879,
        550.9205295138879,
        550.9205295138879,
        [
            550.9205295138879,
            550.9205295138879,
            550.9205295138879,
            550.9205295138879,
            550.9205295138879,
            550.9205295138879
        ],
        550.9205295138881
    ],
    "unreachable_jumper_length": [
        0.0,
        0.0,
        0.0,
        [
            0.0,
            0.0,
            0.0,
            0.0,
            0.0,
            0.0
        ],
        0.0
    ],
    "reachable_jumper_count": [
        48.0,
        48.0,
        48.0,
        [
            48.0,
            48.0,
            48.0,
            48.0,
            48.0,
            48.0
        ],
        48.0
    ],
    "unreachable_jumper_count": [
        0.0,
        0.0,
        0.0,
        [
            0.0,
            0.0,
            0.0,
            0.0,
            0.0,
            0.0
        ],
        0.0
    ],
    "shortest_path": {
        "percent_useful_node_count": [
            0.7531194295900179,
            0.7477718360071302,
            0.7562388591800356,
            [
                0.7315953654188948,
                0.735204991087344,
                0.7433155080213903,
                0.7620320855614974,
                0.7665775401069519,
                0.7718360071301248
            ],
            0.7516844919786096
        ],
        "percent_useful_wire_length": 57.21174102769144,
        "percent_reachable_sensors": 0.71597,
        "percent_useful_jumper_count": [
            0.6041666666666666,
            0.5833333333333334,
            0.6041666666666666,
            [
                0.4791666666666667,
                0.5,
                0.5416666666666666,
                0.6458333333333334,
                0.6666666666666666,
                0.6666666666666666
            ],
            0.5866666666666666
        ],
        "percent_useful_jumper_length": [
            0.10416666666666667,
            0.08333333333333333,
            0.10416666666666667,
            [
                0.0625,
                0.0625,
                0.08333333333333333,
                0.10416666666666667,
                0.125,
                0.125
            ],
            0.094375
        ],
        "percent_unreachable_bc_short_jumper": 0.28403,
        "percent_multiroute_reached_nodes": [
            0.281930933178127,
            0.27417421426415967,
            0.2870007381048798,
            [
                0.24045955854618972,
                0.24411915204678364,
                0.25974277660324174,
                0.2988287579117775,
                0.3102213599597395,
                0.32046489393400274
            ],
            0.2801431727968562
        ],
        "path_length_max": [
            1845.0206771357916,
            1838.1822324430077,
            1845.0206771357916
        ],
        "path_length_avg": [
            865.6055586247069,
            862.4512801120095,
            869.8055123461353,
            [
                272.81649796097406,
                380.64044251447007,
                597.5311989242913,
                1106.3356191446871,
                1313.9397368663178,
                1421.084646900409
            ],
            855.741220223982
        ],
        "path_node_count_max": [
            52.0,
            51.0,
            52.0
        ],
        "path_node_count_avg": [
            23.0,
            23.0,
            23.0,
            [
                7.0,
                10.0,
                16.0,
                29.0,
                35.0,
                38.0
            ],
            22.598698269480565
        ],
        "path_jumper_count_max": [
            7.0,
            6.975000000000001,
            7.0
        ],
        "path_jumper_count_avg": [
            1.0,
            1.0,
            1.0,
            [
                0.0,
                0.0,
                0.0,
                1.0,
                2.0,
                3.0
            ],
            0.9411288182465746
        ],
        "path_sensor_jumper_length_max": [
            19.999657875368513,
            19.99805510391999,
            19.999657875368513
        ],
        "path_sensor_jumper_length_avg": [
            7.8996919715339935,
            7.834185500662761,
            7.969116577375862,
            [
                0.7021790048106827,
                1.4099760018047907,
                3.6958523856795105,
                12.999300900576502,
                16.79715362583326,
                18.29085611332756
            ],
            8.542991807523247
        ],
        "path_router_node_branches_max": [
            2.0,
            2.0,
            2.0
        ],
        "path_router_node_branches_avg": [
            2.0,
            2.0,
            2.0,
            [
                2.0,
                2.0,
                2.0,
                2.0,
                2.0,
                2.0
            ],
            2.0
        ],
        "graph_max_wire_length": [
            1553.786119144009,
            1516.3025582287758,
            1623.7380472308384,
            [
                1301.7879000526086,
                1311.8355491351458,
                1441.9183876152806,
                1697.1923649392052,
                1759.940247650166,
                1789.9039479322291
            ],
            1556.6699115257989
        ],
        "graph_avg_wire_length": [
            843.3728564272681,
            803.9862744977937,
            874.8563853402112,
            [
                730.9841349713265,
                741.0305827492535,
                773.5027506311,
                930.8359225829478,
                1011.3875263615001,
                1044.2535063504183
            ],
            858.7581114440549
        ],
        "graph_max_node_count": [
            43.5,
            42.0,
            45.0,
            [
                35.0,
                37.0,
                39.0,
                47.0,
                49.10000000000001,
                51.0
            ],
            43.12
        ],
        "graph_avg_node_count": [
            22.943546778376223,
            21.59874888293119,
            23.6935330024522,
            [
                19.793777976723366,
                20.236158916851643,
                21.040521266698264,
                25.436656899601946,
                27.522196196864666,
                28.300590463458107
            ],
            23.452768865780985
        ],