{
    "total_wire_length": 25839.812325964413,
    "total_jumper_length": 303.5423375965365,
    "total_jumper_count": 32,
    "center_node_count": 434,
    "edge_node_count": 120,
    "total_node_count": 554,
    "reachable_node_count": [
        554.0,
        554.0,
        554.0,
        [
            554.0,
            554.0,
            554.0,
            554.0,
            554.0,
            554.0
        ],
        554.0
    ],
    "unreachable_node_count": [
        0.0,
        0.0,
        0.0,
        [
            0.0,
            0.0,
            0.0,
            0.0,
            0.0,
            0.0
        ],
        0.0
    ],
    "reachable_wire_length": [
        25839.81232596442,
        25839.81232596442,
        25839.81232596442,
        [
            25839.81232596442,
            25839.81232596442,
            25839.81232596442,
            25839.81232596442,
            25839.81232596442,
            25839.81232596442
        ],
        25839.812325964413
    ],
    "unreachable_wire_length": [
        0.0,
        0.0,
        0.0,
        [
            0.0,
            0.0,
            0.0,
            0.0,
            0.0,
            0.0
        ],
        0.0
    ],
    "reachable_jumper_length": [
        303.54233759653647,
        303.54233759653647,
        303.54233759653647,
        [
            303.54233759653647,
            303.54233759653647,
            303.54233759653647,
            303.54233759653647,
            303.54233759653647,
            303.54233759653647
        ],
        303.54233759653647
    ],
    "unreachable_jumper_length": [
        0.0,
        0.0,
        0.0,
        [
            0.0,
            0.0,
            0.0,
            0.0,
            0.0,
            0.0
        ],
        0.0
    ],
    "reachable_jumper_count": [
        32.0,
        32.0,
        32.0,
        [
            32.0,
            32.0,
            32.0,
            32.0,
            32.0,
            32.0
        ],
        32.0
    ],
    "unreachable_jumper_count": [
        0.0,
        0.0,
        0.0,
        [
            0.0,
            0.0,
            0.0,
            0.0,
            0.0,
            0.0
        ],
        0.0
    ],
    "shortest_path": {
        "percent_useful_node_count": [
            0.7888086642599278,
            0.7851985559566786,
            0.7924413357400723,
            [
                0.7580324909747292,
                0.7635379061371841,
                0.776173285198556,
                0.7978339350180506,
                0.8052346570397112,
                0.8140794223826715
            ],
            0.7873465703971121
        ],
        "percent_useful_wire_length": 61.504718073331325,
        "percent_reachable_sensors": 0.71067,
        "percent_useful_jumper_count": [
            0.6875,
            0.6875,
            0.71875,
            [
                0.53125,
                0.590625,
                0.625,
                0.75,
                0.78125,
                0.8125
            ],
            0.6909375
        ],
        "percent_useful_jumper_length": [
            0.125,
            0.125,
            0.125,
            [
                0.09375,
                0.09375,
                0.09375,
                0.15625,
                0.15625,
                0.1578124999999999
            ],
            0.1271875
        ],
        "percent_unreachable_bc_short_jumper": 0.28933,
        "percent_multiroute_reached_nodes": [
            0.3106989999152471,
            0.3057160917464331,
            0.3146853146853147,
            [
                0.27211999128919856,
                0.2787856451835813,
                0.2917137851397627,
                0.3219310047004501,
                0.34051234009561965,
                0.343261273064745
            ],
            0.3093456504035028
        ],
        "path_length_max": [
            1974.9098897703884,
            1957.9720853589802,
            1974.9098897703884
        ],
        "path_length_avg": [
            648.3721338552248,
            645.6562224760879,
            650.9061129217735,
            [
                194.8600696670297,
                276.0546984332375,
                447.8707735421639,
                873.8508940642222,
                1094.9760104480797,
                1232.0633963674309
            ],
            673.0687782260339
        ],
        "path_node_count_max": [
            55.0,
            51.0,
            55.0
        ],
        "path_node_count_avg": [
            18.0,
            17.0,
            18.0,
            [
                5.0,
                7.0,
                12.0,
                24.0,
                30.0,
                34.0
            ],
            18.188273038118957
        ],
        "path_jumper_count_max": [
            5.0,
            4.0,
            5.0
        ],
        "path_jumper_count_avg": [
            1.0,
            1.0,
            1.0,
            [
                0.0,
                0.0,
                0.0,
                2.0,
                2.0,
                3.0
            ],
            1.0696385101383201
        ],
        "path_sensor_jumper_length_max": [
            19.999990920370696,
            19.998783527559933,
            19.999990920370696
        ],
        "path_sensor_jumper_length_avg": [
            7.854262191198462,
            7.788451817756616,
            7.9161126155313415,
            [
                0.702213726208592,
                1.4071177842574185,
                3.636930962133743,
                12.977682587738187,
                16.794638339195444,
                18.31811286265096
            ],
            8.499604438314368
        ],
        "path_router_node_branches_max": [
            2.0,
            2.0,
            2.0
        ],
        "path_router_node_branches_avg": [
            2.0,
            2.0,
            2.0,
            [
                2.0,
                2.0,
                2.0,
                2.0,
                2.0,
                2.0
            ],
            2.0
        ],
        "graph_max_wire_length": [
            1371.7573961919904,
            1316.897868528641,
            1421.743193076095,
            [
                1133.5690776001259,
                1151.1256017749251,
                1264.166892962395,
                1503.232562075209,
                1697.2056924783435,
                1777.8293199990508
            ],
            1400.6939178103835
        ],
        "graph_avg_wire_length": [
            637.1780017363059,
            616.625929770382,
            672.6874723148553,
            [
                543.6836113555297,
                555.5898903001382,
                593.0890822774547,
                734.9282221831742,
                842.5919911669473,
                911.2374738424812
            ],
            675.1053421009507
        ],
        "graph_max_node_count": [
            41.0,
            39.0,
            42.0,
            [
                33.95,
                34.0,
                36.75,
                44.25,
                48.10000000000001,
                50.0
            ],
            40.9
        ],
        "graph_avg_node_count": [
            18.28417144449753,
            17.63586956521739,
            18.93365732368897,
            [
                15.276582278481012,
                15.845750452079566,
                16.636281588447652,
                20.61343012704174,
                24.25812274368231,
                25.620140015043507
            ],
            19.043937497425084
        ],
        "graph_max_jumper_count": [
            4.0,
            3.0,
            4.0,
            [
                3.0,
                3.0,
                3.0,
                4.0,
                4.0,
                4.0
            ],
            3.56
        ],