{
    "total_wire_length": 17932.95575817216,
    "total_jumper_length": 1230.9152711108943,
    "total_jumper_count": 63,
    "center_node_count": 296,
    "edge_node_count": 122,
    "total_node_count": 418,
    "reachable_node_count": [
        418.0,
        418.0,
        418.0,
        [
            418.0,
            418.0,
            418.0,
            418.0,
            418.0,
            418.0
        ],
        418.0
    ],
    "unreachable_node_count": [
        0.0,
        0.0,
        0.0,
        [
            0.0,
            0.0,
            0.0,
            0.0,
            0.0,
            0.0
        ],
        0.0
    ],
    "reachable_wire_length": [
        17932.955758172153,
        17932.955758172153,
        17932.955758172153,
        [
            17932.955758172153,
            17932.955758172153,
            17932.955758172153,
            17932.955758172153,
            17932.955758172153,
            17932.955758172153
        ],
        17932.955758172146
    ],
    "unreachable_wire_length": [
        0.0,
        0.0,
        0.0,
        [
            0.0,
            0.0,
            0.0,
            0.0,
            0.0,
            0.0
        ],
        0.0
    ],
    "reachable_jumper_length": [
        1230.9152711108943,
        1230.9152711108943,
        1230.9152711108943,
        [
            1230.9152711108943,
            1230.9152711108943,
            1230.9152711108943,
            1230.9152711108943,
            1230.9152711108943,
            1230.9152711108943
        ],
        1230.9152711108943
    ],
    "unreachable_jumper_length": [
        0.0,
        0.0,
        0.0,
        [
            0.0,
            0.0,
            0.0,
            0.0,
            0.0,
            0.0
        ],
        0.0
    ],
    "reachable_jumper_count": [
        63.0,
        63.0,
        63.0,
        [
            63.0,
            63.0,
            63.0,
            63.0,
            63.0,
            63.0
        ],
        63.0
    ],
    "unreachable_jumper_count": [
        0.0,
        0.0,
        0.0,
        [
            0.0,
            0.0,
            0.0,
            0.0,
            0.0,
            0.0
        ],
        0.0
    ],
    "shortest_path": {
        "percent_useful_node_count": [
            0.8373205741626795,
            0.8337320574162679,
            0.8421052631578947,
            [
                0.8084928229665072,
                0.8131578947368421,
                0.8229665071770335,
                0.84688995215311,
                0.8516746411483254,
                0.8564593301435407
            ],
            0.8347846889952152
        ],
        "percent_useful_wire_length": 67.42424375679052,
        "percent_reachable_sensors": 0.97127,
        "percent_useful_jumper_count": [
            0.6190476190476191,
            0.6031746031746031,
            0.626984126984127,
            [
                0.5238095238095238,
                0.5396825396825397,
                0.5714285714285714,
                0.6507936507936508,
                0.6825396825396826,
                0.6984126984126984
            ],
            0.6158730158730159
        ],
        "percent_useful_jumper_length": [
            0.07936507936507936,
            0.06349206349206349,
            0.07936507936507936,
            [
                0.047619047619047616,
                0.047619047619047616,
                0.047619047619047616,
                0.07936507936507936,
                0.09523809523809523,
                0.09523809523809523
            ],
            0.06920634920634919
        ],
        "percent_unreachable_bc_short_jumper": 0.02873,
        "percent_multiroute_reached_nodes": [
            0.3228118567311651,
            0.32,
            0.3276659959758551,
            [
                0.2848249281421479,
                0.29971908071585984,
                0.30980913892445583,
                0.33616422811338065,
                0.3423874904652937,
                0.34662041408146754
            ],
            0.32219920101876715
        ],
        "path_length_max": [
            1626.8476905155446,
            1619.6711879231555,
            1626.8476905155446
        ],
        "path_length_avg": [
            535.5792314133655,
            533.8534893454773,
            537.6131497596673,
            [
                170.47903687173408,
                233.24268861448598,
                370.4011017407664,
                712.6274450543067,
                901.049797021222,
                1016.9158111768529
            ],
            554.7850773209145
        ],
        "path_node_count_max": [
            47.0,
            47.0,
            47.0
        ],
        "path_node_count_avg": [
            14.0,
            14.0,
            14.0,
            [
                4.0,
                6.0,
                10.0,
                20.0,
                25.0,
                28.0
            ],
            14.95622226569337
        ],
        "path_jumper_count_max": [
            10.0,
            10.0,
            10.0
        ],
        "path_jumper_count_avg": [
            1.0,
            1.0,
            1.0,
            [
                0.0,
                0.0,
                1.0,
                2.0,
                3.0,
                4.0
            ],
            1.232355575689561
        ],
        "path_sensor_jumper_length_max": [
            39.99893058136118,
            39.99314602709356,
            39.99893058136118
        ],
        "path_sensor_jumper_length_avg": [
            11.640500100714412,
            11.547521147468276,
            11.728429153753693,
            [
                1.000800758002462,
                1.9837892046328884,
                5.202659935984529,
                21.141054848809496,
                30.105245963617463,
                34.30352059359122
            ],
            13.94264086530714
        ],
        "path_router_node_branches_max": [
            3.0,
            2.0,
            3.0
        ],
        "path_router_node_branches_avg": [
            2.0,
            2.0,
            2.0,
            [
                2.0,
                2.0,
                2.0,
                2.0,
                2.0,
                2.0
            ],
            2.0083333333333333
        ],
        "graph_max_wire_length": [
            1110.4583795282701,
            1074.0256352338247,
            1159.0349106313543,
            [
                901.6786830826884,
                930.1941173114772,
                1010.8829228081662,
                1227.5449429169987,
                1368.2627544025988,
                1484.062474412948
            ],
            1137.1986223814918
        ],
        "graph_avg_wire_length": [
            527.4953083495016,
            500.7135698863169,
            539.4693381357047,
            [
                448.5380967685383,
                456.23410781551905,
                476.3884597832644,
                586.4348651953442,
                670.3615591303928,
                751.163448496328
            ],
            546.6442938009366
        ],
        "graph_max_node_count": [
            32.0,
            31.0,
            34.0,
            [
                26.0,
                27.9,
                29.0,
                36.0,
                39.10000000000001,
                45.0
            ],
            33.31
        ],
        "graph_avg_node_count": [
            14.983622133947442,
            14.466992665036674,
            15.447894303706885,
            [
                12.814526978674682,
                12.882238442822384,
                13.684500320623489,
                16.52909919327215,
                19.108622675662335,
                21.317866971393475
            ],
            15.67983074472157
        ],