{
    "total_wire_length": 39180.43706040917,
    "total_jumper_length": 1359.3009065064055,
    "total_jumper_count": 65,
    "center_node_count": 655,
    "edge_node_count": 153,
    "total_node_count": 808,
    "reachable_node_count": [
        808.0,
        808.0,
        808.0,
        [
            808.0,
            808.0,
            808.0,
            808.0,
            808.0,
            808.0
        ],
        808.0
    ],
    "unreachable_node_count": [
        0.0,
        0.0,
        0.0,
        [
            0.0,
            0.0,
            0.0,
            0.0,
            0.0,
            0.0
        ],
        0.0
    ],
    "reachable_wire_length": [
        39180.43706040917,
        39180.43706040917,
        39180.43706040917,
        [
            39180.43706040917,
            39180.43706040917,
            39180.43706040917,
            39180.43706040917,
            39180.43706040917,
            39180.43706040917
        ],
        39180.43706040917
    ],
    "unreachable_wire_length": [
        0.0,
        0.0,
        0.0,
        [
            0.0,
            0.0,
            0.0,
            0.0,
            0.0,
            0.0
        ],
        0.0
    ],
    "reachable_jumper_length": [
        1359.3009065064052,
        1359.3009065064052,
        1359.3009065064052,
        [
            1359.3009065064052,
            1359.3009065064052,
            1359.3009065064052,
            1359.3009065064052,
            1359.3009065064052,
            1359.3009065064052
        ],
        1359.3009065064048
    ],
    "unreachable_jumper_length": [
        0.0,
        0.0,
        0.0,
        [
            0.0,
            0.0,
            0.0,
            0.0,
            0.0,
            0.0
        ],
        0.0
    ],
    "reachable_jumper_count": [
        65.0,
        65.0,
        65.0,
        [
            65.0,
            65.0,
            65.0,
            65.0,
            65.0,
            65.0
        ],
        65.0
    ],
    "unreachable_jumper_count": [
        0.0,
        0.0,
        0.0,
        [
            0.0,
            0.0,
            0.0,
            0.0,
            0.0,
            0.0
        ],
        0.0
    ],
    "shortest_path": {
        "percent_useful_node_count": [
            0.8205445544554455,
            0.817450495049505,
            0.8242574257425742,
            [
                0.801980198019802,
                0.8068069306930694,
                0.8131188118811881,
                0.8270420792079207,
                0.8353960396039604,
                0.8404084158415841
            ],
            0.8206435643564356
        ],
        "percent_useful_wire_length": 62.69237161810637,
        "percent_reachable_sensors": 0.97244,
        "percent_useful_jumper_count": [
            0.5615384615384615,
            0.5538461538461539,
            0.5692307692307692,
            [
                0.4607692307692308,
                0.49230769230769234,
                0.5230769230769231,
                0.6,
                0.6307692307692307,
                0.6469230769230769
            ],
            0.560153846153846
        ],
        "percent_useful_jumper_length": [
            0.07692307692307693,
            0.06153846153846154,
            0.07692307692307693,
            [
                0.046153846153846156,
                0.06153846153846154,
                0.06153846153846154,
                0.07692307692307693,
                0.09230769230769231,
                0.09230769230769231
            ],
            0.072
        ],
        "percent_unreachable_bc_short_jumper": 0.02756,
        "percent_multiroute_reached_nodes": [
            0.281203007518797,
            0.27342549923195086,
            0.28519006865248775,
            [
                0.23906878306878307,
                0.24837241190182366,
                0.25895360814376717,
                0.2918560606060606,
                0.3154204715823906,
                0.32666096074859147
            ],
            0.2786651702710823
        ],
        "path_length_max": [
            1556.3871726112584,
            1535.00742925115,
            1556.3871726112584
        ],
        "path_length_avg": [
            753.6054685953352,
            750.959207232665,
            756.1410776645992,
            [
                236.07846298595828,
                329.77570361815816,
                520.3846853826203,
                955.7005660664983,
                1125.4092538606528,
                1217.4502520408012
            ],
            739.5052776432408
        ],
        "path_node_count_max": [
            42.0,
            41.0,
            42.0
        ],
        "path_node_count_avg": [
            20.0,
            19.0,
            20.0,
            [
                5.0,
                8.0,
                13.0,
                25.0,
                30.0,
                32.0
            ],
            19.157634404179177
        ],
        "path_jumper_count_max": [
            8.0,
            8.0,
            8.0
        ],
        "path_jumper_count_avg": [
            1.0,
            1.0,
            1.0,
            [
                0.0,
                0.0,
                0.0,
                1.0,
                2.0,
                3.0
            ],
            0.9547221422401382
        ],
        "path_sensor_jumper_length_max": [
            39.999502462206294,
            39.993687317853755,
            39.999502462206294
        ],
        "path_sensor_jumper_length_avg": [
            11.501621504459756,
            11.419444861257004,
            11.591746199411501,
            [
                0.9717184513425184,
                1.981071233262856,
                5.170601175560897,
                20.881733878427127,
                29.94345932619226,
                34.11465393606688
            ],
            13.833284385959542
        ],
        "path_router_node_branches_max": [
            3.0,
            2.0,
            3.0
        ],
        "path_router_node_branches_avg": [
            2.0,
            2.0,
            2.0,
            [
                2.0,
                2.0,
                2.0,
                2.0,
                2.0,
                2.0
            ],
            2.011627906976744
        ],
        "graph_max_wire_length": [
            1344.9682697450849,
            1302.0561984568849,
            1389.1172327020165,
            [
                1102.7722711897584,
                1132.4066455966563,
                1223.6035568400432,
                1432.8747082574448,
                1500.7729519439883,
                1517.5655129715149
            ],
            1328.658633883108
        ],
        "graph_avg_wire_length": [
            727.3456148989333,
            699.4737855861414,
            750.1995298515303,
            [
                624.2912140007122,
                633.1318564812301,
                660.6539264208161,
                796.9367209431252,
                845.753460576088,
                868.918411427016
            ],
            733.2261703591842
        ],
        "graph_max_node_count": [
            37.0,
            36.0,
            38.0,
            [
                30.0,
                31.0,
                33.75,
                39.0,
                41.0,
                42.0
            ],
            36.43
        ],
        "graph_avg_node_count": [
            19.55690789473684,
            19.01598955349812,
            20.264003635357838,
            [
                16.982398409928074,
                17.106439855695747,
                18.011439533892283,
                21.776349614395887,
                22.8017622709924,
                23.582591100693016
            ],
            19.916463458568636
        ],