{
    "total_wire_length": 72661.23925882339,
    "total_jumper_length": 1659.3280100670693,
    "total_jumper_count": 161,
    "center_node_count": 2427,
    "edge_node_count": 329,
    "total_node_count": 2756,
    "reachable_node_count": [
        2756.0,
        2756.0,
        2756.0,
        [
            2756.0,
            2756.0,
            2756.0,
            2756.0,
            2756.0,
            2756.0
        ],
        2756.0
    ],
    "unreachable_node_count": [
        0.0,
        0.0,
        0.0,
        [
            0.0,
            0.0,
            0.0,
            0.0,
            0.0,
            0.0
        ],
        0.0
    ],
    "reachable_wire_length": [
        72661.2392588234,
        72661.2392588234,
        72661.2392588234,
        [
            72661.2392588234,
            72661.2392588234,
            72661.2392588234,
            72661.2392588234,
            72661.2392588234,
            72661.2392588234
        ],
        72661.2392588234
    ],
    "unreachable_wire_length": [
        0.0,
        0.0,
        0.0,
        [
            0.0,
            0.0,
            0.0,
            0.0,
            0.0,
            0.0
        ],
        0.0
    ],
    "reachable_jumper_length": [
        1659.3280100670688,
        1659.3280100670688,
        1659.3280100670688,
        [
            1659.3280100670688,
            1659.3280100670688,
            1659.3280100670688,
            1659.3280100670688,
            1659.3280100670688,
            1659.3280100670688
        ],
        1659.328010067069
    ],
    "unreachable_jumper_length": [
        0.0,
        0.0,
        0.0,
        [
            0.0,
            0.0,
            0.0,
            0.0,
            0.0,
            0.0
        ],
        0.0
    ],
    "reachable_jumper_count": [
        161.0,
        161.0,
        161.0,
        [
            161.0,
            161.0,
            161.0,
            161.0,
            161.0,
            161.0
        ],
        161.0
    ],
    "unreachable_jumper_count": [
        0.0,
        0.0,
        0.0,
        [
            0.0,
            0.0,
            0.0,
            0.0,
            0.0,
            0.0
        ],
        0.0
    ],
    "shortest_path": {
        "percent_useful_node_count": [
            0.7543541364296081,
            0.7492743105950653,
            0.7590711175616836,
            [
                0.7339985486211902,
                0.7386792452830189,
                0.7445573294629898,
                0.7681422351233672,
                0.7754716981132075,
                0.7784651669085632
            ],
            0.755845428156749
        ],
        "percent_useful_wire_length": 54.88473191086875,
        "percent_reachable_sensors": 0.97507,
        "percent_useful_jumper_count": [
            0.40372670807453415,
            0.3944099378881988,
            0.4161490683229814,
            [
                0.33540372670807456,
                0.35403726708074534,
                0.37888198757763975,
                0.42857142857142855,
                0.4472049689440994,
                0.453416149068323
            ],
            0.4022360248447205
        ],
        "percent_useful_jumper_length": [
            0.024844720496894408,
            0.024844720496894408,
            0.031055900621118012,
            [
                0.018633540372670808,
                0.018633540372670808,
                0.024844720496894408,
                0.031055900621118012,
                0.037267080745341616,
                0.037267080745341616
            ],
            0.027701863354037258
        ],
        "percent_unreachable_bc_short_jumper": 0.02493,
        "percent_multiroute_reached_nodes": [
            0.2392346743130555,
            0.2342934258643904,
            0.24786324786324787,
            [
                0.19998388417953583,
                0.20641213914375778,
                0.2177402354462919,
                0.2601642793904426,
                0.27452330379044915,
                0.2783452066817232
            ],
            0.2397960615516723
        ],
        "path_length_max": [
            2212.109899949304,
            2190.4160061465527,
            2212.109899949304
        ],
        "path_length_avg": [
            722.1713950603688,
            719.1963317571683,
            724.4966814256663,
            [
                207.75870605789737,
                294.69936860161965,
                485.2415699747395,
                963.5735331470091,
                1222.2662185486215,
                1381.997842849259
            ],
            744.8983657033165
        ],
        "path_node_count_max": [
            120.0,
            118.0,
            120.0
        ],
        "path_node_count_avg": [
            37.0,
            37.0,
            37.0,
            [
                10.0,
                15.0,
                25.0,
                50.0,
                65.0,
                74.0
            ],
            38.78167721291805
        ],
        "path_jumper_count_max": [
            14.0,
            11.0,
            14.0
        ],
        "path_jumper_count_avg": [
            1.0,
            1.0,
            1.0,
            [
                0.0,
                0.0,
                0.0,
                2.0,
                4.0,
                6.0
            ],
            1.56765155322182
        ],
        "path_sensor_jumper_length_max": [
            19.999764292705386,
            19.998093733724865,
            19.999764292705386
        ],
        "path_sensor_jumper_length_avg": [
            5.697692328754338,
            5.650622924933362,
            5.744825358157708,
            [
                0.4738811089737953,
                0.9639216927055395,
                2.542046231961094,
                10.40623230046273,
                14.878626887654871,
                16.991523166904937
            ],
            6.869197556400395
        ],
        "path_router_node_branches_max": [
            3.0,
            3.0,
            3.0
        ],
        "path_router_node_branches_avg": [
            2.0,
            2.0,
            2.0,
            [
                2.0,
                2.0,
                2.0,
                2.0,
                2.0,
                2.0
            ],
            2.008421052631579
        ],
        "graph_max_wire_length": [
            1525.807936752392,
            1476.5461583912956,
            1571.3191146343943,
            [
                1286.4644015470328,
                1302.9642513087592,
                1377.8860367220004,
                1679.9498442494942,
                1969.5042053635739,
                2118.1474006272792
            ],
            1570.4164751597677
        ],
        "graph_avg_wire_length": [
            690.790099024776,
            671.0658325650086,
            721.7815735990263,
            [
                595.0614024677767,
                600.6433401138718,
                639.1009273595341,
                782.5434214179971,
                957.4423771906645,
                1055.4216294824437
            ],
            734.4045768259721
        ],
        "graph_max_node_count": [
            85.5,
            81.0,
            89.0,
            [
                69.95,
                72.0,
                78.0,
                93.0,
                108.30000000000003,
                114.14999999999999
            ],
            87.29
        ],
        "graph_avg_node_count": [
            36.77138890045718,
            35.82208016391057,
            38.407710061808395,
            [
                31.708786449900078,
                32.03740464962356,
                33.93759788356988,
                41.422686139747995,
                50.16021967764189,
                57.13485911179726
            ],
            38.98289476251871
        ],