{
    "total_wire_length": 8485.698949136317,
    "total_jumper_length": 9.399852556011513,
    "total_jumper_count": 1,
    "center_node_count": 36,
    "edge_node_count": 44,
    "total_node_count": 80,
    "reachable_node_count": [
        16.0,
        16.0,
        16.0,
        [
            6.0,
            7.800000000000001,
            10.0,
            16.0,
            18.0,
            18.0
        ],
        14.36
    ],
    "unreachable_node_count": [
        64.0,
        64.0,
        64.0,
        [
            62.0,
            62.0,
            64.0,
            70.0,
            72.20000000000002,
            74.0
        ],
        65.64
    ],
    "reachable_wire_length": [
        2100.1009623394734,
        1593.349472074726,
        2100.1009623394734,
        [
            353.5011584796662,
            716.2405177427867,
            926.4383579740296,
            2330.2277014298784,
            2330.2277014298784,
            2330.2277014298784
        ],
        1690.5034440471968
    ],
    "unreachable_wire_length": [
        6385.59798679684,
        6385.59798679684,
        6892.349477061589,
        [
            6155.471247706435,
            6155.471247706435,
            6155.471247706435,
            7559.260591162286,
            7769.458431393531,
            8132.197790656649
        ],
        6795.195505089118
    ],
    "reachable_jumper_length": [
        0.0,
        0.0,
        0.0,
        [
            0.0,
            0.0,
            0.0,
            0.0,
            9.399852556011513,
            9.399852556011513
        ],
        1.409977883401727
    ],
    "unreachable_jumper_length": [
        9.399852556011513,
        9.399852556011513,
        9.399852556011513,
        [
            0.0,
            0.0,
            9.399852556011513,
            9.399852556011513,
            9.399852556011513,
            9.399852556011513
        ],
        7.989874672609785
    ],
    "reachable_jumper_count": [
        0.0,
        0.0,
        0.0,
        [
            0.0,
            0.0,
            0.0,
            0.0,
            1.0,
            1.0
        ],
        0.15
    ],
    "unreachable_jumper_count": [
        1.0,
        1.0,
        1.0,
        [
            0.0,
            0.0,
            1.0,
            1.0,
            1.0,
            1.0
        ],
        0.85
    ],
    "shortest_path": {
        "percent_useful_node_count": [
            0.1,
            0.0875,
            0.1,
            [
                0.025,
                0.0375,
                0.075,
                0.10312500000000001,
                0.1125,
                0.125
            ],
            0.086
        ],
        "percent_useful_wire_length": 12.240412796626385,
        "percent_reachable_sensors": 0.02399,
        "percent_useful_jumper_count": [
            0.0,
            0.0,
            0.0,
            [
                0.0,
                0.0,
                0.0,
                0.0,
                0.0,
                1.0
            ],
            0.07
        ],
        "percent_useful_jumper_length": [
            0.0,
            0.0,
            0.0,
            [
                0.0,
                0.0,
                0.0,
                0.0,
                0.0,
                0.0
            ],
            0.0
        ],
        "percent_unreachable_bc_short_jumper": 0.88145,
        "percent_multiroute_reached_nodes": [
            0.75,
            0.6666666666666666,
            0.75,
            [
                0.5,
                0.5,
                0.625,
                1.0,
                1.0,
                1.0
            ],
            0.7570555555555556
        ],
        "path_length_max": [
            1197.3685369768214,
            1179.941019243019,
            1197.3685369768214
        ],
        "path_length_avg": [
            385.0903390674058,
            372.7268495205457,
            399.9400636159054,
            [
                126.94309160559428,
                167.18375950995863,
                248.7057020627978,
                568.4524576604088,
                744.9517094864443,
                822.0536758153507
            ],
            423.91442699404445
        ],
        "path_node_count_max": [
            7.0,
            7.0,
            7.0
        ],
        "path_node_count_avg": [
            2.0,
            2.0,
            2.0,
            [
                1.0,
                1.0,
                1.0,
                3.0,
                4.0,
                5.0
            ],
            2.3117965819091286
        ],
        "path_jumper_count_max": [
            1.0,
            1.0,
            1.0
        ],
        "path_jumper_count_avg": [
            0.0,
            0.0,
            0.0,
            [
                0.0,
                0.0,
                0.0,
                0.0,
                0.0,
                0.0
            ],
            0.007919966652771988
        ],
        "path_sensor_jumper_length_max": [
            9.995727957549034,
            9.988994678673636,
            9.995727957549034
        ],
        "path_sensor_jumper_length_avg": [
            4.927007066893117,
            4.718057649192774,
            5.109123951062724,
            [
                0.4962588060348296,
                0.956302949735006,
                2.4212585365042,
                7.428935774560134,
                8.944512355067694,
                9.513654672837363
            ],
            4.947608220643606
        ],
        "path_router_node_branches_max": [
            2.0,
            2.0,
            2.0
        ],
        "path_router_node_branches_avg": [
            2.0,
            2.0,
            2.0,
            [
                2.0,
                2.0,
                2.0,
                2.0,
                2.0,
                2.0
            ],
            2.0
        ],
        "graph_max_wire_length": [
            771.6009104502491,
            704.2098663969459,
            826.663532118889,
            [
                341.9440700277555,
                424.80602518294194,
                607.0322716194631,
                883.016229975537,
                1019.9477426604948,
                1041.0735817289813
            ],
            738.0579784327309
        ],
        "graph_avg_wire_length": [
            436.1649896904547,
            408.74855597520747,
            462.0181215491524,
            [
                176.25762146202146,
                241.92024183048483,
                374.3657698327032,
                510.5750004388688,
                580.6504702254872,
                686.2553807071779
            ],
            435.127607563028
        ],
        "graph_max_node_count": [
            5.5,
            5.0,
            6.0,
            [
                3.0,
                3.0,
                5.0,
                6.0,
                7.0,
                7.0
            ],
            5.27
        ],
        "graph_avg_node_count": [
            3.1180555555555554,
            3.0,
            3.25,
            [
                2.0,
                2.0,
                2.878125,
                3.5746527777777777,
                3.75,
                4.008333333333333
            ],
            3.1112083333333334
        ],
        "graph_max_jumper_count": [
            0.0,
            0.0,
            0.0,
            [
                0.0,
                0.0,
                0.0,
                0.0,
                1.0,
                1.0
            ],
            0.15
        ],
        "graph_avg_jumper_count": [
            0.0,
            0.0,
            0.0,
            [
                0.0,
                0.0,
                0.0,
                0.0,
                0.1,
                0.2222222222222222
            ],
            0.029138888888888888
        ]
    },