{
    "total_wire_length": 11629.62865766876,
    "total_jumper_length": 3801.5873627740975,
    "total_jumper_count": 57,
    "center_node_count": 193,
    "edge_node_count": 65,
    "total_node_count": 258,
    "reachable_node_count": [
        258.0,
        258.0,
        258.0,
        [
            258.0,
            258.0,
            258.0,
            258.0,
            258.0,
            258.0
        ],
        258.0
    ],
    "unreachable_node_count": [
        0.0,
        0.0,
        0.0,
        [
            0.0,
            0.0,
            0.0,
            0.0,
            0.0,
            0.0
        ],
        0.0
    ],
    "reachable_wire_length": [
        11629.628657668756,
        11629.628657668756,
        11629.628657668756,
        [
            11629.628657668756,
            11629.628657668756,
            11629.628657668756,
            11629.628657668756,
            11629.628657668756,
            11629.628657668756
        ],
        11629.62865766876
    ],
    "unreachable_wire_length": [
        0.0,
        0.0,
        0.0,
        [
            0.0,
            0.0,
            0.0,
            0.0,
            0.0,
            0.0
        ],
        0.0
    ],
    "reachable_jumper_length": [
        3801.5873627740975,
        3801.5873627740975,
        3801.5873627740975,
        [
            3801.5873627740975,
            3801.5873627740975,
            3801.5873627740975,
            3801.5873627740975,
            3801.5873627740975,
            3801.5873627740975
        ],
        3801.5873627740984
    ],
    "unreachable_jumper_length": [
        0.0,
        0.0,
        0.0,
        [
            0.0,
            0.0,
            0.0,
            0.0,
            0.0,
            0.0
        ],
        0.0
    ],
    "reachable_jumper_count": [
        57.0,
        57.0,
        57.0,
        [
            57.0,
            57.0,
            57.0,
            57.0,
            57.0,
            57.0
        ],
        57.0
    ],
    "unreachable_jumper_count": [
        0.0,
        0.0,
        0.0,
        [
            0.0,
            0.0,
            0.0,
            0.0,
            0.0,
            0.0
        ],
        0.0
    ],
    "shortest_path": {
        "percent_useful_node_count": [
            0.8449612403100775,
            0.8410852713178295,
            0.8488372093023255,
            [
                0.8217054263565892,
                0.8255813953488372,
                0.8372093023255814,
                0.8527131782945736,
                0.8569767441860465,
                0.8604651162790697
            ],
            0.8437596899224806
        ],
        "percent_useful_wire_length": 71.85938025252763,
        "percent_reachable_sensors": 1.0,
        "percent_useful_jumper_count": [
            0.38596491228070173,
            0.38596491228070173,
            0.38596491228070173,
            [
                0.3157894736842105,
                0.3333333333333333,
                0.3684210526315789,
                0.40350877192982454,
                0.43859649122807015,
                0.43859649122807015
            ],
            0.384561403508772
        ],
        "percent_useful_jumper_length": [
            0.03508771929824561,
            0.017543859649122806,
            0.03508771929824561,
            [
                0.017543859649122806,
                0.017543859649122806,
                0.017543859649122806,
                0.03508771929824561,
                0.03508771929824561,
                0.03508771929824561
            ],
            0.027719298245614036
        ],
        "percent_unreachable_bc_short_jumper": 0.0,
        "percent_multiroute_reached_nodes": [
            0.3623853211009174,
            0.3530760928224501,
            0.36744202652056474,
            [
                0.31644149805202965,
                0.32718032645678113,
                0.3424349006540787,
                0.3778801843317972,
                0.40272121669180494,
                0.4087654962030246
            ],
            0.3612241527293419
        ],
        "path_length_max": [
            1052.1615147529842,
            1024.7445147529843,
            1052.1615147529842
        ],
        "path_length_avg": [
            450.9092171205394,
            449.1027198684157,
            452.68919365524783,
            [
                145.27208597281628,
                195.74961673531334,
                301.7558536193342,
                601.3180896360549,
                720.4351087041604,
                779.2069701924156
            ],
            454.8360910728286
        ],
        "path_node_count_max": [
            28.0,
            28.0,
            28.0
        ],
        "path_node_count_avg": [
            11.0,
            11.0,
            12.0,
            [
                3.0,
                4.0,
                7.0,
                16.0,
                19.0,
                21.0
            ],
            11.66187
        ],
        "path_jumper_count_max": [
            9.0,
            9.0,
            9.0
        ],
        "path_jumper_count_avg": [
            1.0,
            1.0,
            1.0,
            [
                0.0,
                0.0,
                0.0,
                3.0,
                4.0,
                5.0
            ],
            1.68317
        ],
        "path_sensor_jumper_length_max": [
            60.97005821208123,
            60.079232352328155,
            60.97005821208123
        ],
        "path_sensor_jumper_length_avg": [
            12.046497865509508,
            11.954656611371425,
            12.148964478652635,
            [
                1.0002974267446174,
                2.0460499411504727,
                5.340180254519895,
                22.25475199497746,
                32.3180602569286,
                37.38442019844843
            ],
            14.78770979912833
        ],
        "path_router_node_branches_max": [
            5.0,
            3.0,
            5.0
        ],
        "path_router_node_branches_avg": [
            2.0,
            2.0,
            2.0,
            [
                2.0,
                2.0,
                2.0,
                2.0,
                3.0,
                3.0
            ],
            2.1481481481481484
        ],
        "graph_max_wire_length": [
            833.534866642291,
            796.7006382997193,
            869.6100482689236,
            [
                653.162110512313,
                692.4034241930622,
                753.5493341435252,
                913.5315651048633,
                955.2846485140806,
                971.9901441072649
            ],
            827.5249926325031
        ],
        "graph_avg_wire_length": [
            443.01323922193103,
            425.41307240441654,
            452.60264970423714,
            [
                337.68162712335277,
                365.67066007074664,
                397.07549793058513,
                478.9535772113414,
                514.923868163568,
                527.7609087990359
            ],
            440.85155699289334
        ],
        "graph_max_node_count": [
            23.5,
            23.0,
            24.0,
            [
                18.0,
                19.0,
                21.75,
                25.0,
                27.0,
                27.049999999999997
            ],
            23.26
        ],
        "graph_avg_node_count": [
            12.320340542334026,
            11.752038732230611,
            12.523525033027493,
            [
                9.847625248015873,
                10.24776792447139,
                11.261865442041444,
                12.992309100897272,
                13.838759689922481,
                14.208604651162789
            ],
            12.134719381070465
        ],