{
    "total_wire_length": 18614.781626595402,
    "total_jumper_length": 9269.554031072947,
    "total_jumper_count": 130,
    "center_node_count": 308,
    "edge_node_count": 106,
    "total_node_count": 414,
    "reachable_node_count": [
        414.0,
        414.0,
        414.0,
        [
            414.0,
            414.0,
            414.0,
            414.0,
            414.0,
            414.0
        ],
        414.0
    ],
    "unreachable_node_count": [
        0.0,
        0.0,
        0.0,
        [
            0.0,
            0.0,
            0.0,
            0.0,
            0.0,
            0.0
        ],
        0.0
    ],
    "reachable_wire_length": [
        18614.781626595417,
        18614.781626595417,
        18614.781626595417,
        [
            18614.781626595417,
            18614.781626595417,
            18614.781626595417,
            18614.781626595417,
            18614.781626595417,
            18614.781626595417
        ],
        18614.781626595417
    ],
    "unreachable_wire_length": [
        0.0,
        0.0,
        0.0,
        [
            0.0,
            0.0,
            0.0,
            0.0,
            0.0,
            0.0
        ],
        0.0
    ],
    "reachable_jumper_length": [
        9269.554031072948,
        9269.554031072948,
        9269.554031072948,
        [
            9269.554031072948,
            9269.554031072948,
            9269.554031072948,
            9269.554031072948,
            9269.554031072948,
            9269.554031072948
        ],
        9269.554031072948
    ],
    "unreachable_jumper_length": [
        0.0,
        0.0,
        0.0,
        [
            0.0,
            0.0,
            0.0,
            0.0,
            0.0,
            0.0
        ],
        0.0
    ],
    "reachable_jumper_count": [
        130.0,
        130.0,
        130.0,
        [
            130.0,
            130.0,
            130.0,
            130.0,
            130.0,
            130.0
        ],
        130.0
    ],
    "unreachable_jumper_count": [
        0.0,
        0.0,
        0.0,
        [
            0.0,
            0.0,
            0.0,
            0.0,
            0.0,
            0.0
        ],
        0.0
    ],
    "shortest_path": {
        "percent_useful_node_count": [
            0.855072463768116,
            0.8526570048309179,
            0.8599033816425121,
            [
                0.8330917874396135,
                0.8429951690821256,
                0.8478260869565217,
                0.8647342995169082,
                0.8743961352657005,
                0.8769323671497584
            ],
            0.8557729468599033
        ],
        "percent_useful_wire_length": 73.02412698868042,
        "percent_reachable_sensors": 1.0,
        "percent_useful_jumper_count": [
            0.3153846153846154,
            0.3076923076923077,
            0.3153846153846154,
            [
                0.2692307692307692,
                0.27692307692307694,
                0.2923076923076923,
                0.3230769230769231,
                0.33076923076923076,
                0.3384615384615385
            ],
            0.3080769230769231
        ],
        "percent_useful_jumper_length": [
            0.03076923076923077,
            0.03076923076923077,
            0.03076923076923077,
            [
                0.023076923076923078,
                0.023076923076923078,
                0.03076923076923077,
                0.038461538461538464,
                0.038461538461538464,
                0.046153846153846156
            ],
            0.033
        ],
        "percent_unreachable_bc_short_jumper": 0.0,
        "percent_multiroute_reached_nodes": [
            0.30985915492957744,
            0.30385110054701747,
            0.31487073615774597,
            [
                0.28113574120455986,
                0.28599002849002847,
                0.2990974016930005,
                0.3277769564360339,
                0.3439285218654846,
                0.3497134670487106
            ],
            0.31270429434929614
        ],
        "path_length_max": [
            1140.9044908601568,
            1095.8639135526944,
            1140.9044908601568
        ],
        "path_length_avg": [
            521.6401212228645,
            519.8769321913708,
            523.2541532852724,
            [
                175.86022996426146,
                240.7792748924329,
                368.3035875962961,
                658.018447659376,
                771.9368825610854,
                840.8003334584942
            ],
            513.9604525425002
        ],
        "path_node_count_max": [
            30.0,
            30.0,
            30.0
        ],
        "path_node_count_avg": [
            13.0,
            13.0,
            13.0,
            [
                4.0,
                6.0,
                9.0,
                17.0,
                20.0,
                22.0
            ],
            12.95983
        ],
        "path_jumper_count_max": [
            7.0,
            6.0,
            7.0
        ],
        "path_jumper_count_avg": [
            1.0,
            1.0,
            1.0,
            [
                0.0,
                0.0,
                0.0,
                1.0,
                2.0,
                3.0
            ],
            1.0054
        ],
        "path_sensor_jumper_length_max": [
            63.50688790668202,
            62.119381392844836,
            63.50688790668202
        ],
        "path_sensor_jumper_length_avg": [
            12.069229234666494,
            11.973294631249473,
            12.174031672652635,
            [
                1.0252204503741336,
                2.0651014965752696,
                5.364150533324361,
                22.289615801197144,
                32.40594971544093,
                37.50377173637118
            ],
            14.842996053768925
        ],
        "path_router_node_branches_max": [
            5.0,
            4.0,
            5.0
        ],
        "path_router_node_branches_avg": [
            2.0,
            2.0,
            2.0,
            [
                2.0,
                2.0,
                2.0,
                2.0,
                3.0,
                3.3499999999999943
            ],
            2.210526315789474
        ],
        "graph_max_wire_length": [
            939.1500456306998,
            907.9701817128214,
            960.4540863855439,
            [
                758.3548005577821,
                778.575543094651,
                852.7116894459997,
                995.3873369213527,
                1029.5197920314415,
                1046.092995172697
            ],
            920.6992486698576
        ],
        "graph_avg_wire_length": [
            495.39829850394506,
            481.9294306620009,
            514.9528344334228,
            [
                433.6515548189229,
                438.8225201716576,
                459.28180942169524,
                536.2373140419469,
                581.1013344982509,
                586.0572943358574
            ],
            503.9355145765873
        ],
        "graph_max_node_count": [
            26.0,
            24.0,
            26.0,
            [
                21.0,
                22.0,
                23.0,
                28.0,
                29.0,
                29.049999999999997
            ],
            25.33
        ],
        "graph_avg_node_count": [
            13.245098039215687,
            12.821775312066574,
            13.67726161369193,
            [
                11.926202934512894,
                12.011355002110596,
                12.372679115583587,
                14.73671497584541,
                15.479418886198546,
                16.0
            ],
            13.569580820440583
        ],