{
    "total_wire_length": 33824.528612350696,
    "total_jumper_length": 13692.175569087587,
    "total_jumper_count": 190,
    "center_node_count": 564,
    "edge_node_count": 152,
    "total_node_count": 716,
    "reachable_node_count": [
        716.0,
        716.0,
        716.0,
        [
            716.0,
            716.0,
            716.0,
            716.0,
            716.0,
            716.0
        ],
        716.0
    ],
    "unreachable_node_count": [
        0.0,
        0.0,
        0.0,
        [
            0.0,
            0.0,
            0.0,
            0.0,
            0.0,
            0.0
        ],
        0.0
    ],
    "reachable_wire_length": [
        33824.52861235069,
        33824.52861235069,
        33824.52861235069,
        [
            33824.52861235069,
            33824.52861235069,
            33824.52861235069,
            33824.52861235069,
            33824.52861235069,
            33824.52861235069
        ],
        33824.52861235069
    ],
    "unreachable_wire_length": [
        0.0,
        0.0,
        0.0,
        [
            0.0,
            0.0,
            0.0,
            0.0,
            0.0,
            0.0
        ],
        0.0
    ],
    "reachable_jumper_length": [
        13692.175569087596,
        13692.175569087596,
        13692.175569087596,
        [
            13692.175569087596,
            13692.175569087596,
            13692.175569087596,
            13692.175569087596,
            13692.175569087596,
            13692.175569087596
        ],
        13692.175569087593
    ],
    "unreachable_jumper_length": [
        0.0,
        0.0,
        0.0,
        [
            0.0,
            0.0,
            0.0,
            0.0,
            0.0,
            0.0
        ],
        0.0
    ],
    "reachable_jumper_count": [
        190.0,
        190.0,
        190.0,
        [
            190.0,
            190.0,
            190.0,
            190.0,
            190.0,
            190.0
        ],
        190.0
    ],
    "unreachable_jumper_count": [
        0.0,
        0.0,
        0.0,
        [
            0.0,
            0.0,
            0.0,
            0.0,
            0.0,
            0.0
        ],
        0.0
    ],
    "shortest_path": {
        "percent_useful_node_count": [
            0.8268156424581006,
            0.8254189944134078,
            0.8296089385474861,
            [
                0.8085893854748603,
                0.8142458100558659,
                0.8222765363128491,
                0.835195530726257,
                0.8437150837988827,
                0.8463687150837989
            ],
            0.8278491620111731
        ],
        "percent_useful_wire_length": 67.99721035982003,
        "percent_reachable_sensors": 1.0,
        "percent_useful_jumper_count": [
            0.2631578947368421,
            0.2578947368421053,
            0.2736842105263158,
            [
                0.2313157894736842,
                0.23684210526315788,
                0.25263157894736843,
                0.2789473684210526,
                0.2894736842105263,
                0.29473684210526313
            ],
            0.2638421052631579
        ],
        "percent_useful_jumper_length": [
            0.021052631578947368,
            0.021052631578947368,
            0.02631578947368421,
            [
                0.015789473684210527,
                0.015789473684210527,
                0.021052631578947368,
                0.02631578947368421,
                0.031578947368421054,
                0.031578947368421054
            ],
            0.023368421052631577
        ],
        "percent_unreachable_bc_short_jumper": 0.0,
        "percent_multiroute_reached_nodes": [
            0.292088019227281,
            0.2847465807141072,
            0.2988162513151977,
            [
                0.24446329526916802,
                0.26352019054536857,
                0.27801238539260564,
                0.3158554831895793,
                0.32938939467241357,
                0.3344549346325151
            ],
            0.2938644216060111
        ],
        "path_length_max": [
            1550.1958415728454,
            1498.1794296658027,
            1550.1958415728454
        ],
        "path_length_avg": [
            678.8802602189731,
            676.7751399345767,
            680.8946774413154,
            [
                221.6060715631076,
                303.9861445588713,
                469.2993413144313,
                863.2191338187974,
                1006.7430923399014,
                1091.4406291057344
            ],
            667.2313562317116
        ],
        "path_node_count_max": [
            38.0,
            38.0,
            38.0
        ],
        "path_node_count_avg": [
            17.0,
            17.0,
            17.0,
            [
                5.0,
                7.0,
                12.0,
                22.0,
                26.0,
                28.0
            ],
            16.71663
        ],
        "path_jumper_count_max": [
            10.0,
            10.0,
            10.0
        ],
        "path_jumper_count_avg": [
            1.0,
            1.0,
            1.0,
            [
                0.0,
                0.0,
                0.0,
                2.0,
                3.0,
                4.0
            ],
            1.21436
        ],
        "path_sensor_jumper_length_max": [
            53.95938999748609,
            52.151850658324484,
            53.95938999748609
        ],
        "path_sensor_jumper_length_avg": [
            11.88791782394262,
            11.796288412287435,
            11.982502137801513,
            [
                0.9766317327107517,
                1.9843808239421912,
                5.258206517300436,
                21.90149881881213,
                31.843853235702962,
                36.8552609089368
            ],
            14.571046154535546
        ],
        "path_router_node_branches_max": [
            6.0,
            4.0,
            6.0
        ],
        "path_router_node_branches_avg": [
            2.0,
            2.0,
            2.0,
            [
                2.0,
                2.0,
                2.0,
                2.0,
                2.0,
                3.0
            ],
            2.1354166666666665
        ],
        "graph_max_wire_length": [
            1217.0360588758595,
            1182.87485827233,
            1255.445366875591,
            [
                1009.7226218275434,
                1083.025374525907,
                1143.0861208063573,
                1290.5774087076068,
                1336.928512512691,
                1395.6231582758808
            ],
            1216.3641713173345
        ],
        "graph_avg_wire_length": [
            649.4822415399369,
            631.6033475495922,
            667.9192900698879,
            [
                574.4814825861536,
                580.7342036541871,
                597.3682830502464,
                698.0736722956157,
                774.5718787544678,
                791.684485692793
            ],
            659.2102021498405
        ],
        "graph_max_node_count": [
            33.0,
            32.0,
            33.5,
            [
                28.0,
                28.9,
                31.0,
                35.0,
                37.0,
                38.05
            ],
            32.88
        ],
        "graph_avg_node_count": [
            16.874301675977655,
            16.55941142816277,
            17.279329608938546,
            [
                15.425977653631286,
                15.489256919756222,
                15.80926724137931,
                18.186146506810623,
                19.966514709070275,
                20.860544692737427
            ],
            17.30608855520308
        ],