{
    "total_wire_length": 17184.554052152973,
    "total_jumper_length": 22.14793599878717,
    "total_jumper_count": 4,
    "center_node_count": 145,
    "edge_node_count": 69,
    "total_node_count": 214,
    "reachable_node_count": [
        214.0,
        214.0,
        214.0,
        [
            214.0,
            214.0,
            214.0,
            214.0,
            214.0,
            214.0
        ],
        214.0
    ],
    "unreachable_node_count": [
        0.0,
        0.0,
        0.0,
        [
            0.0,
            0.0,
            0.0,
            0.0,
            0.0,
            0.0
        ],
        0.0
    ],
    "reachable_wire_length": [
        17184.55405215297,
        17184.55405215297,
        17184.55405215297,
        [
            17184.55405215297,
            17184.55405215297,
            17184.55405215297,
            17184.55405215297,
            17184.55405215297,
            17184.55405215297
        ],
        17184.554052152962
    ],
    "unreachable_wire_length": [
        0.0,
        0.0,
        0.0,
        [
            0.0,
            0.0,
            0.0,
            0.0,
            0.0,
            0.0
        ],
        0.0
    ],
    "reachable_jumper_length": [
        22.14793599878717,
        22.14793599878717,
        22.14793599878717,
        [
            22.14793599878717,
            22.14793599878717,
            22.14793599878717,
            22.14793599878717,
            22.14793599878717,
            22.14793599878717
        ],
        22.147935998787165
    ],
    "unreachable_jumper_length": [
        0.0,
        0.0,
        0.0,
        [
            0.0,
            0.0,
            0.0,
            0.0,
            0.0,
            0.0
        ],
        0.0
    ],
    "reachable_jumper_count": [
        4.0,
        4.0,
        4.0,
        [
            4.0,
            4.0,
            4.0,
            4.0,
            4.0,
            4.0
        ],
        4.0
    ],
    "unreachable_jumper_count": [
        0.0,
        0.0,
        0.0,
        [
            0.0,
            0.0,
            0.0,
            0.0,
            0.0,
            0.0
        ],
        0.0
    ],
    "shortest_path": {
        "percent_useful_node_count": [
            0.6261682242990654,
            0.6214953271028038,
            0.6308411214953271,
            [
                0.5934579439252337,
                0.602803738317757,
                0.6121495327102804,
                0.6366822429906542,
                0.6448598130841121,
                0.6495327102803738
            ],
            0.6246728971962616
        ],
        "percent_useful_wire_length": 58.567189488820674,
        "percent_reachable_sensors": 0.24077,
        "percent_useful_jumper_count": [
            1.0,
            1.0,
            1.0,
            [
                0.75,
                1.0,
                1.0,
                1.0,
                1.0,
                1.0
            ],
            0.985
        ],
        "percent_useful_jumper_length": [
            0.75,
            0.75,
            0.75,
            [
                0.75,
                0.75,
                0.75,
                1.0,
                1.0,
                1.0
            ],
            0.84
        ],
        "percent_unreachable_bc_short_jumper": 0.75923,
        "percent_multiroute_reached_nodes": [
            0.4673895919760542,
            0.4592162404249443,
            0.4769012082444918,
            [
                0.4253731343283582,
                0.4264705882352941,
                0.4442488262910798,
                0.48872180451127817,
                0.5113314783020543,
                0.523393665158371
            ],
            0.46913738660677345
        ],
        "path_length_max": [
            2112.3407457538074,
            2090.760042991754,
            2112.3407457538074
        ],
        "path_length_avg": [
            899.0993688415521,
            891.6717142237683,
            907.9479367307805,
            [
                236.16480631304282,
                337.4231790259107,
                568.6567766235278,
                1217.0212757269092,
                1471.9893739598904,
                1612.0688344899363
            ],
            902.5379587512689
        ],
        "path_node_count_max": [
            30.0,
            30.0,
            30.0
        ],
        "path_node_count_avg": [
            12.0,
            12.0,
            13.0,
            [
                3.0,
                4.0,
                7.0,
                17.0,
                21.0,
                23.0
            ],
            12.427295759438469
        ],
        "path_jumper_count_max": [
            3.0,
            3.0,
            3.0
        ],
        "path_jumper_count_avg": [
            1.0,
            1.0,
            1.0,
            [
                0.0,
                0.0,
                0.0,
                1.0,
                2.0,
                2.0
            ],
            0.8121443701457823
        ],
        "path_sensor_jumper_length_max": [
            9.999900092188229,
            9.99815235305436,
            9.999900092188229
        ],
        "path_sensor_jumper_length_avg": [
            4.797057258121476,
            4.740263973467226,
            4.853431563735846,
            [
                0.4725660531144616,
                0.9506200484481337,
                2.3588498656777,
                7.324505185399962,
                8.932729117773789,
                9.478670345762383
            ],
            4.868874241574798
        ],
        "path_router_node_branches_max": [
            2.0,
            2.0,
            2.0
        ],
        "path_router_node_branches_avg": [
            2.0,
            2.0,
            2.0,
            [
                2.0,
                2.0,
                2.0,
                2.0,
                2.0,
                2.0
            ],
            2.0
        ],
        "graph_max_wire_length": [
            1752.0384227282307,
            1662.5172622152288,
            1833.2997989630971,
            [
                1427.5114621753053,
                1488.3672027720102,
                1592.6976423638466,
                1935.4449523942303,
                2014.3044777462385,
                2073.1722053913777
            ],
            1750.896164667714
        ],
        "graph_avg_wire_length": [
            898.197816191569,
            872.0253354620908,
            958.9245266006732,
            [
                783.6477921801053,
                801.9650892852474,
                826.0989435741201,
                1045.7664917576794,
                1155.318327310571,
                1210.3174477452742
            ],
            943.7820009789098
        ],
        "graph_max_node_count": [
            26.0,
            25.0,
            27.0,
            [
                20.0,
                22.0,
                23.0,
                28.0,
                29.10000000000001,
                30.049999999999997
            ],
            25.57
        ],
        "graph_avg_node_count": [
            13.19626168224299,
            12.49766355140187,
            13.957943925233645,
            [
                11.520327102803739,
                11.687850467289719,
                12.052570093457943,
                14.919392523364486,
                16.75140186915888,
                17.57943925233645
            ],
            13.721385923727688
        ],
        "graph_max_jumper_count": [
            2.0,
            2.0,
            2.0,
            [
                2.0,
                2.0,
                2.0,
                2.0,
                3.0,
                3.0
            ],
            2.18
        ],