{
    "total_wire_length": 13099.158191574294,
    "total_jumper_length": 1805.5258428943694,
    "total_jumper_count": 51,
    "center_node_count": 221,
    "edge_node_count": 83,
    "total_node_count": 304,
    "reachable_node_count": [
        304.0,
        304.0,
        304.0,
        [
            304.0,
            304.0,
            304.0,
            304.0,
            304.0,
            304.0
        ],
        304.0
    ],
    "unreachable_node_count": [
        0.0,
        0.0,
        0.0,
        [
            0.0,
            0.0,
            0.0,
            0.0,
            0.0,
            0.0
        ],
        0.0
    ],
    "reachable_wire_length": [
        13099.158191574295,
        13099.158191574295,
        13099.158191574295,
        [
            13099.158191574295,
            13099.158191574295,
            13099.158191574295,
            13099.158191574295,
            13099.158191574295,
            13099.158191574295
        ],
        13099.158191574297
    ],
    "unreachable_wire_length": [
        0.0,
        0.0,
        0.0,
        [
            0.0,
            0.0,
            0.0,
            0.0,
            0.0,
            0.0
        ],
        0.0
    ],
    "reachable_jumper_length": [
        1805.525842894369,
        1805.525842894369,
        1805.525842894369,
        [
            1805.525842894369,
            1805.525842894369,
            1805.525842894369,
            1805.525842894369,
            1805.525842894369,
            1805.525842894369
        ],
        1805.5258428943687
    ],
    "unreachable_jumper_length": [
        0.0,
        0.0,
        0.0,
        [
            0.0,
            0.0,
            0.0,
            0.0,
            0.0,
            0.0
        ],
        0.0
    ],
    "reachable_jumper_count": [
        51.0,
        51.0,
        51.0,
        [
            51.0,
            51.0,
            51.0,
            51.0,
            51.0,
            51.0
        ],
        51.0
    ],
    "unreachable_jumper_count": [
        0.0,
        0.0,
        0.0,
        [
            0.0,
            0.0,
            0.0,
            0.0,
            0.0,
            0.0
        ],
        0.0
    ],
    "shortest_path": {
        "percent_useful_node_count": [
            0.8421052631578947,
            0.8388157894736842,
            0.8486842105263158,
            [
                0.822203947368421,
                0.8256578947368421,
                0.8355263157894737,
                0.8519736842105263,
                0.8585526315789473,
                0.8618421052631579
            ],
            0.8424999999999998
        ],
        "percent_useful_wire_length": 70.75459009179309,
        "percent_reachable_sensors": 1.0,
        "percent_useful_jumper_count": [
            0.5490196078431373,
            0.5294117647058824,
            0.5490196078431373,
            [
                0.47058823529411764,
                0.49019607843137253,
                0.5098039215686274,
                0.5735294117647058,
                0.6078431372549019,
                0.6274509803921569
            ],
            0.5447058823529412
        ],
        "percent_useful_jumper_length": [
            0.09803921568627451,
            0.0784313725490196,
            0.09803921568627451,
            [
                0.058823529411764705,
                0.07647058823529412,
                0.0784313725490196,
                0.09803921568627451,
                0.11764705882352941,
                0.11764705882352941
            ],
            0.09
        ],
        "percent_unreachable_bc_short_jumper": 0.0,
        "percent_multiroute_reached_nodes": [
            0.32688566297515714,
            0.3240837866365421,
            0.3313925205229553,
            [
                0.283435960591133,
                0.2937813833338171,
                0.3107870963803943,
                0.3415554937928479,
                0.3611043497858914,
                0.3766376201923077
            ],
            0.3268872785468691
        ],
        "path_length_max": [
            942.2746270477705,
            924.7139996495738,
            942.2746270477705
        ],
        "path_length_avg": [
            439.635307963886,
            438.16762595250185,
            441.2014103764595,
            [
                149.70674200825985,
                201.66597661713678,
                310.7651990219644,
                554.5357915853348,
                650.6802671924427,
                709.8581379907099
            ],
            433.8349651338498
        ],
        "path_node_count_max": [
            26.0,
            26.0,
            26.0
        ],
        "path_node_count_avg": [
            11.0,
            11.0,
            12.0,
            [
                3.0,
                5.0,
                8.0,
                15.0,
                17.0,
                19.0
            ],
            11.26832
        ],
        "path_jumper_count_max": [
            9.0,
            9.0,
            9.0
        ],
        "path_jumper_count_avg": [
            1.0,
            1.0,
            1.0,
            [
                0.0,
                0.0,
                0.0,
                1.0,
                2.0,
                3.0
            ],
            0.98278
        ],
        "path_sensor_jumper_length_max": [
            62.097685138563264,
            61.19638506879213,
            62.097685138563264
        ],
        "path_sensor_jumper_length_avg": [
            12.019971370240153,
            11.939654564064128,
            12.115378773857719,
            [
                0.9927377537843948,
                2.0062718790616683,
                5.331628352344819,
                22.227892257831957,
                32.448803020782904,
                37.6105531273936
            ],
            14.828144006526232
        ],
        "path_router_node_branches_max": [
            3.0,
            3.0,
            3.0
        ],
        "path_router_node_branches_avg": [
            2.0,
            2.0,
            2.0,
            [
                2.0,
                2.0,
                2.0,
                2.0,
                2.0,
                2.0
            ],
            2.045977011494253
        ],
        "graph_max_wire_length": [
            758.2111012126918,
            735.2169087676862,
            789.636030010899,
            [
                630.8708111316298,
                644.6081884735827,
                684.6811900301857,
                824.1350408209805,
                868.3015548823593,
                883.6235397018256
            ],
            757.6857387947134
        ],
        "graph_avg_wire_length": [
            412.715377809204,
            400.57458951918323,
            432.6421105046494,
            [
                364.9422847827127,
                369.10541484006893,
                379.3421392827696,
                460.96787805913465,
                500.48858161893054,
                515.962714840496
            ],
            426.0549408323848
        ],
        "graph_max_node_count": [
            22.0,
            21.0,
            23.0,
            [
                18.0,
                19.0,
                20.0,
                24.0,
                26.0,
                26.0
            ],
            21.98
        ],
        "graph_avg_node_count": [
            11.49671052631579,
            11.167763157894736,
            11.94250349224946,
            [
                10.564144736842106,
                10.615104907539118,
                10.849630810538681,
                13.18709288692027,
                14.03388157894737,
                14.660032894736842
            ],
            12.043977166352658
        ],