{
    "total_wire_length": 67316.39021085609,
    "total_jumper_length": 1435.8935727813036,
    "total_jumper_count": 143,
    "center_node_count": 2246,
    "edge_node_count": 308,
    "total_node_count": 2554,
    "reachable_node_count": [
        2554.0,
        2554.0,
        2554.0,
        [
            2554.0,
            2554.0,
            2554.0,
            2554.0,
            2554.0,
            2554.0
        ],
        2554.0
    ],
    "unreachable_node_count": [
        0.0,
        0.0,
        0.0,
        [
            0.0,
            0.0,
            0.0,
            0.0,
            0.0,
            0.0
        ],
        0.0
    ],
    "reachable_wire_length": [
        67316.3902108561,
        67316.3902108561,
        67316.3902108561,
        [
            67316.3902108561,
            67316.3902108561,
            67316.3902108561,
            67316.3902108561,
            67316.3902108561,
            67316.3902108561
        ],
        67316.39021085609
    ],
    "unreachable_wire_length": [
        0.0,
        0.0,
        0.0,
        [
            0.0,
            0.0,
            0.0,
            0.0,
            0.0,
            0.0
        ],
        0.0
    ],
    "reachable_jumper_length": [
        1435.893572781304,
        1435.893572781304,
        1435.893572781304,
        [
            1435.893572781304,
            1435.893572781304,
            1435.893572781304,
            1435.893572781304,
            1435.893572781304,
            1435.893572781304
        ],
        1435.8935727813036
    ],
    "unreachable_jumper_length": [
        0.0,
        0.0,
        0.0,
        [
            0.0,
            0.0,
            0.0,
            0.0,
            0.0,
            0.0
        ],
        0.0
    ],
    "reachable_jumper_count": [
        143.0,
        143.0,
        143.0,
        [
            143.0,
            143.0,
            143.0,
            143.0,
            143.0,
            143.0
        ],
        143.0
    ],
    "unreachable_jumper_count": [
        0.0,
        0.0,
        0.0,
        [
            0.0,
            0.0,
            0.0,
            0.0,
            0.0,
            0.0
        ],
        0.0
    ],
    "shortest_path": {
        "percent_useful_node_count": [
            0.7541111981205951,
            0.7517619420516837,
            0.759592795614722,
            [
                0.7337314017227878,
                0.7360219263899765,
                0.7442247454972593,
                0.7682067345340642,
                0.779992169146437,
                0.7846711041503523
            ],
            0.7567580266249021
        ],
        "percent_useful_wire_length": 55.009548387231185,
        "percent_reachable_sensors": 0.97349,
        "percent_useful_jumper_count": [
            0.44755244755244755,
            0.4405594405594406,
            0.45454545454545453,
            [
                0.37727272727272726,
                0.38461538461538464,
                0.4248251748251748,
                0.46328671328671334,
                0.4755244755244755,
                0.4965034965034965
            ],
            0.4404895104895105
        ],
        "percent_useful_jumper_length": [
            0.03496503496503497,
            0.03496503496503497,
            0.03496503496503497,
            [
                0.02097902097902098,
                0.027972027972027972,
                0.027972027972027972,
                0.03496503496503497,
                0.04195804195804196,
                0.04195804195804196
            ],
            0.03286713286713287
        ],
        "percent_unreachable_bc_short_jumper": 0.02651,
        "percent_multiroute_reached_nodes": [
            0.2382185347230753,
            0.23493670886075949,
            0.24557752341311134,
            [
                0.1995869055040289,
                0.21118839349610583,
                0.22599612427229915,
                0.2554033586952636,
                0.26472579705830784,
                0.27115982316534043
            ],
            0.23862340267478693
        ],
        "path_length_max": [
            1483.0440718383377,
            1472.3071525341438,
            1483.0440718383377
        ],
        "path_length_avg": [
            657.7311819428706,
            655.3550486217248,
            660.2684615604172,
            [
                202.92090715890848,
                284.9116792792528,
                452.2919329473514,
                834.4865998648655,
                986.4889033339131,
                1072.2080021419363
            ],
            646.6826814768016
        ],
        "path_node_count_max": [
            75.0,
            74.0,
            75.0
        ],
        "path_node_count_avg": [
            34.0,
            34.0,
            34.0,
            [
                10.0,
                14.0,
                23.0,
                43.0,
                51.0,
                56.0
            ],
            33.17554366249268
        ],
        "path_jumper_count_max": [
            14.0,
            14.0,
            14.0
        ],
        "path_jumper_count_avg": [
            1.0,
            1.0,
            1.0,
            [
                0.0,
                0.0,
                0.0,
                1.0,
                3.0,
                5.0
            ],
            1.2110858868606766
        ],
        "path_sensor_jumper_length_max": [
            19.999880997412454,
            19.998494161182595,
            19.999880997412454
        ],
        "path_sensor_jumper_length_avg": [
            5.728476600437732,
            5.683896797579888,
            5.774428270975265,
            [
                0.49260043846777607,
                0.986282744807109,
                2.5792261407170183,
                10.413757606125243,
                14.905710311154161,
                17.010395127221248
            ],
            6.8845953920870615
        ],
        "path_router_node_branches_max": [
            3.0,
            2.0,
            3.0
        ],
        "path_router_node_branches_avg": [
            2.0,
            2.0,
            2.0,
            [
                2.0,
                2.0,
                2.0,
                2.0,
                2.0,
                2.0
            ],
            2.0065359477124183
        ],
        "graph_max_wire_length": [
            1203.9873854895673,
            1137.6592265603922,
            1232.2971379315882,
            [
                992.7535221241204,
                1023.8259796140146,
                1091.9160639678269,
                1311.2659925396479,
                1361.654658838801,
                1403.7426140024552
            ],
            1196.2908952798173
        ],
        "graph_avg_wire_length": [
            633.3355880455383,
            608.0996762160381,
            658.1928305091893,
            [
                561.605549330812,
                567.370007789526,
                583.1979922464687,
                696.1963670666406,
                750.0032263301358,
                781.6629675697845
            ],
            646.3389329056179
        ],
        "graph_max_node_count": [
            63.0,
            60.0,
            65.5,
            [
                52.95,
                54.0,
                57.0,
                69.0,
                73.0,
                74.0
            ],
            63.19
        ],
        "graph_avg_node_count": [
            33.06870255348517,
            32.090388737985336,
            34.70364566687847,
            [
                29.614959809338103,
                29.79882306786975,
                30.55970554472185,
                36.89943344126956,
                39.221137975661,
                40.98949866774792
            ],
            33.99084191117521
        ],