{
    "total_wire_length": 2386.0863651240525,
    "total_jumper_length": 3.6932542331625546,
    "total_jumper_count": 1,
    "center_node_count": 11,
    "edge_node_count": 19,
    "total_node_count": 30,
    "reachable_node_count": [
        16.0,
        8.0,
        16.0,
        [
            6.0,
            6.0,
            8.0,
            16.0,
            16.0,
            16.0
        ],
        12.24
    ],
    "unreachable_node_count": [
        14.0,
        14.0,
        22.0,
        [
            14.0,
            14.0,
            14.0,
            22.0,
            24.0,
            24.0
        ],
        17.76
    ],
    "reachable_wire_length": [
        1359.9392986588678,
        681.1830965534299,
        1359.9392986588678,
        [
            344.9639699117545,
            344.9639699117545,
            681.1830965534299,
            1359.9392986588678,
            1359.9392986588678,
            1359.9392986588678
        ],
        1020.9402745354741
    ],
    "unreachable_wire_length": [
        1026.1470664651843,
        1026.1470664651843,
        1704.9032685706225,
        [
            1026.1470664651843,
            1026.1470664651843,
            1026.1470664651843,
            1704.9032685706225,
            2041.1223952122978,
            2041.1223952122978
        ],
        1365.146090588578
    ],
    "reachable_jumper_length": [
        3.6932542331625546,
        0.0,
        3.6932542331625546,
        [
            0.0,
            0.0,
            0.0,
            3.6932542331625546,
            3.6932542331625546,
            3.6932542331625546
        ],
        2.0682223705710303
    ],
    "unreachable_jumper_length": [
        0.0,
        0.0,
        3.6932542331625546,
        [
            0.0,
            0.0,
            0.0,
            3.6932542331625546,
            3.6932542331625546,
            3.6932542331625546
        ],
        1.625031862591524
    ],
    "reachable_jumper_count": [
        1.0,
        0.0,
        1.0,
        [
            0.0,
            0.0,
            0.0,
            1.0,
            1.0,
            1.0
        ],
        0.56
    ],
    "unreachable_jumper_count": [
        0.0,
        0.0,
        1.0,
        [
            0.0,
            0.0,
            0.0,
            1.0,
            1.0,
            1.0
        ],
        0.44
    ],
    "shortest_path": {
        "percent_useful_node_count": [
            0.26666666666666666,
            0.13333333333333333,
            0.26666666666666666,
            [
                0.1,
                0.1,
                0.1,
                0.26666666666666666,
                0.3,
                0.3
            ],
            0.20566666666666666
        ],
        "percent_useful_wire_length": 34.872797054499706,
        "percent_reachable_sensors": 0.04416,
        "percent_useful_jumper_count": [
            1.0,
            0.0,
            1.0,
            [
                0.0,
                0.0,
                0.0,
                1.0,
                1.0,
                1.0
            ],
            0.56
        ],
        "percent_useful_jumper_length": [
            1.0,
            0.0,
            1.0,
            [
                0.0,
                0.0,
                0.0,
                1.0,
                1.0,
                1.0
            ],
            0.56
        ],
        "percent_unreachable_bc_short_jumper": 0.89842,
        "percent_multiroute_reached_nodes": [
            0.75,
            0.75,
            0.75,
            [
                0.6666666666666666,
                0.6666666666666666,
                0.6666666666666666,
                0.75,
                1.0,
                1.0
            ],
            0.7683333333333333
        ],
        "path_length_max": [
            1326.2002864147432,
            1234.7078553360948,
            1326.2002864147432
        ],
        "path_length_avg": [
            377.6294632260633,
            369.15799046430925,
            387.64898118282207,
            [
                111.70738247074371,
                147.4938036402373,
                225.11352264214867,
                556.5772664555662,
                768.7335625493167,
                894.4507968824989
            ],
            419.36108365095765
        ],
        "path_node_count_max": [
            8.0,
            8.0,
            8.0
        ],
        "path_node_count_avg": [
            2.0,
            2.0,
            2.0,
            [
                1.0,
                1.0,
                1.0,
                4.0,
                6.0,
                7.0
            ],
            2.788949275362319
        ],
        "path_jumper_count_max": [
            1.0,
            1.0,
            1.0
        ],
        "path_jumper_count_avg": [
            0.0,
            0.0,
            0.0,
            [
                0.0,
                0.0,
                0.0,
                1.0,
                1.0,
                1.0
            ],
            0.3688858695652174
        ],
        "path_sensor_jumper_length_max": [
            9.997261919343737,
            9.992534345913423,
            9.997261919343737
        ],
        "path_sensor_jumper_length_avg": [
            4.7352868423723375,
            4.591690201667104,
            4.898094032356325,
            [
                0.4486825443495271,
                0.8808962718506973,
                2.3204015251168224,
                7.467665388139046,
                8.965160009542483,
                9.473226548107018
            ],
            4.85840316150072
        ],
        "path_router_node_branches_max": [
            2.0,
            2.0,
            2.0
        ],
        "path_router_node_branches_avg": [
            2.0,
            2.0,
            2.0,
            [
                2.0,
                2.0,
                2.0,
                2.0,
                2.0,
                2.0
            ],
            2.0
        ],
        "graph_max_wire_length": [
            692.7274654663454,
            645.6039895863753,
            763.7664713999242,
            [
                329.54831384280385,
                425.58708589273533,
                552.0416419699873,
                884.5116357347972,
                1067.8506130802582,
                1179.186462601128
            ],
            720.8396546483204
        ],
        "graph_avg_wire_length": [
            397.87809848195025,
            351.21151761124713,
            425.01674179776035,
            [
                187.61431469191632,
                236.10976888320857,
                306.27282857214357,
                480.2055048193349,
                548.5489038792876,
                639.6522390577898
            ],
            399.6189950172638
        ],
        "graph_max_node_count": [
            6.0,
            4.0,
            6.0,
            [
                3.0,
                3.0,
                3.0,
                8.0,
                9.0,
                9.0
            ],
            5.62
        ],
        "graph_avg_node_count": [
            3.4375,
            2.5,
            3.4375,
            [
                2.0,
                2.0,
                2.1875,
                4.1875,
                4.9375,
                4.9375
            ],
            3.239583333333334
        ],
        "graph_max_jumper_count": [
            1.0,
            0.0,
            1.0,
            [
                0.0,
                0.0,
                0.0,
                1.0,
                1.0,
                1.0
            ],
            0.56
        ],
        "graph_avg_jumper_count": [
            0.5,
            0.0,
            0.5,
            [
                0.0,
                0.0,
                0.0,
                0.5,
                0.5,
                0.5
            ],
            0.28
        ]
    },