{
    "total_wire_length": 15221.905205794366,
    "total_jumper_length": 9.71520200985659,
    "total_jumper_count": 2,
    "center_node_count": 127,
    "edge_node_count": 69,
    "total_node_count": 196,
    "reachable_node_count": [
        56.0,
        56.0,
        56.0,
        [
            40.0,
            40.0,
            42.0,
            58.0,
            58.0,
            58.0
        ],
        50.78
    ],
    "unreachable_node_count": [
        140.0,
        140.0,
        147.0,
        [
            138.0,
            138.0,
            138.0,
            154.0,
            156.0,
            156.0
        ],
        145.22
    ],
    "reachable_wire_length": [
        4471.224493336015,
        4471.224493336015,
        4471.224493336015,
        [
            2895.7339983371257,
            2895.7339983371257,
            2924.8926844425746,
            4930.0540296786485,
            4930.0540296786485,
            4930.0540296786485
        ],
        4025.8035517311755
    ],
    "unreachable_wire_length": [
        10750.680712458347,
        10750.680712458347,
        11523.846616905068,
        [
            10291.851176115713,
            10291.851176115713,
            10291.851176115713,
            12297.01252135179,
            12326.171207457235,
            12326.171207457235
        ],
        11196.101654063186
    ],
    "reachable_jumper_length": [
        0.0,
        0.0,
        0.0,
        [
            0.0,
            0.0,
            0.0,
            3.9359257537097374,
            5.779276256146853,
            5.779276256146853
        ],
        1.9430404019713179
    ],
    "unreachable_jumper_length": [
        9.71520200985659,
        9.71520200985659,
        9.71520200985659,
        [
            3.9359257537097374,
            3.9359257537097374,
            5.779276256146853,
            9.71520200985659,
            9.71520200985659,
            9.71520200985659
        ],
        7.772161607885274
    ],
    "reachable_jumper_count": [
        0.0,
        0.0,
        0.5,
        [
            0.0,
            0.0,
            0.0,
            1.0,
            1.0,
            1.0
        ],
        0.4
    ],
    "unreachable_jumper_count": [
        2.0,
        1.5,
        2.0,
        [
            1.0,
            1.0,
            1.0,
            2.0,
            2.0,
            2.0
        ],
        1.6
    ],
    "shortest_path": {
        "percent_useful_node_count": [
            0.16581632653061223,
            0.1326530612244898,
            0.17346938775510204,
            [
                0.10204081632653061,
                0.10714285714285714,
                0.11734693877551021,
                0.17857142857142858,
                0.18877551020408162,
                0.19387755102040816
            ],
            0.15117346938775508
        ],
        "percent_useful_wire_length": 15.248932330498306,
        "percent_reachable_sensors": 0.06265,
        "percent_useful_jumper_count": [
            0.0,
            0.0,
            0.0,
            [
                0.0,
                0.0,
                0.0,
                0.0,
                0.5,
                0.5
            ],
            0.085
        ],
        "percent_useful_jumper_length": [
            0.0,
            0.0,
            0.0,
            [
                0.0,
                0.0,
                0.0,
                0.0,
                0.0,
                0.0
            ],
            0.0
        ],
        "percent_unreachable_bc_short_jumper": 0.76297,
        "percent_multiroute_reached_nodes": [
            0.5,
            0.48484848484848486,
            0.5422619047619047,
            [
                0.40513513513513516,
                0.42857142857142855,
                0.45454545454545453,
                0.6190476190476191,
                0.6818181818181818,
                0.696583850931677
            ],
            0.5333522107698542
        ],
        "path_length_max": [
            1085.4980866835376,
            1031.2088003290235,
            1085.4980866835376
        ],
        "path_length_avg": [
            404.79197088345325,
            398.2729792932193,
            412.31235782550164,
            [
                114.36294680511817,
                160.48704132960043,
                271.3394317254248,
                562.933679782869,
                703.8492544724211,
                797.5534411760498
            ],
            424.0788471223656
        ],
        "path_node_count_max": [
            13.0,
            12.0,
            13.0
        ],
        "path_node_count_avg": [
            5.0,
            5.0,
            5.0,
            [
                1.0,
                2.0,
                3.0,
                7.0,
                8.0,
                10.0
            ],
            4.940941739824422
        ],
        "path_jumper_count_max": [
            1.0,
            1.0,
            1.0
        ],
        "path_jumper_count_avg": [
            0.0,
            0.0,
            0.0,
            [
                0.0,
                0.0,
                0.0,
                0.0,
                0.0,
                0.0
            ],
            0.016280925778132484
        ],
        "path_sensor_jumper_length_max": [
            9.996748248111334,
            9.988833316116004,
            9.996748248111334
        ],
        "path_sensor_jumper_length_avg": [
            4.814797676505102,
            4.719404199817373,
            4.934728670479737,
            [
                0.4566672694218533,
                0.9766040538819564,
                2.403341276299133,
                7.33469815609809,
                8.911611479675107,
                9.491267786098366
            ],
            4.89126826668333
        ],
        "path_router_node_branches_max": [
            2.0,
            2.0,
            2.0
        ],
        "path_router_node_branches_avg": [
            2.0,
            2.0,
            2.0,
            [
                2.0,
                2.0,
                2.0,
                2.0,
                2.0,
                2.0
            ],
            2.0
        ],
        "graph_max_wire_length": [
            786.0410787809566,
            764.4478122256273,
            817.7724146121708,
            [
                594.4104050193256,
                606.8468426155014,
                690.5319633470654,
                884.0598121654116,
                998.8667896678779,
                1031.9212293795463
            ],
            793.9639309669257
        ],
        "graph_avg_wire_length": [
            429.1867920462257,
            415.9091655398626,
            458.69002676684494,
            [
                337.4891948722021,
                354.1362746057097,
                378.1268399195146,
                498.75521053931766,
                560.1092339038984,
                578.5982860951874
            ],
            443.81494311418203
        ],
        "graph_max_node_count": [
            10.5,
            10.0,
            11.0,
            [
                8.0,
                8.0,
                9.0,
                12.0,
                13.0,
                13.0
            ],
            10.54
        ],
        "graph_avg_node_count": [
            5.720689655172414,
            5.549404761904762,
            5.9036330049261085,
            [
                4.675,
                4.851428571428571,
                5.247536945812808,
                6.561730295566503,
                7.116317733990149,
                7.463762315270935
            ],
            5.905243889889525
        ],
        "graph_max_jumper_count": [
            0.0,
            0.0,
            0.0,
            [
                0.0,
                0.0,
                0.0,
                1.0,
                1.0,
                1.0
            ],
            0.4
        ],