{
    "total_wire_length": 3748.93198273398,
    "total_jumper_length": 165.6098925208032,
    "total_jumper_count": 4,
    "center_node_count": 18,
    "edge_node_count": 26,
    "total_node_count": 44,
    "reachable_node_count": [
        44.0,
        44.0,
        44.0,
        [
            44.0,
            44.0,
            44.0,
            44.0,
            44.0,
            44.0
        ],
        44.0
    ],
    "unreachable_node_count": [
        0.0,
        0.0,
        0.0,
        [
            0.0,
            0.0,
            0.0,
            0.0,
            0.0,
            0.0
        ],
        0.0
    ],
    "reachable_wire_length": [
        3748.93198273398,
        3748.93198273398,
        3748.93198273398,
        [
            3748.93198273398,
            3748.93198273398,
            3748.93198273398,
            3748.93198273398,
            3748.93198273398,
            3748.93198273398
        ],
        3748.9319827339805
    ],
    "unreachable_wire_length": [
        0.0,
        0.0,
        0.0,
        [
            0.0,
            0.0,
            0.0,
            0.0,
            0.0,
            0.0
        ],
        0.0
    ],
    "reachable_jumper_length": [
        165.6098925208032,
        165.6098925208032,
        165.6098925208032,
        [
            165.6098925208032,
            165.6098925208032,
            165.6098925208032,
            165.6098925208032,
            165.6098925208032,
            165.6098925208032
        ],
        165.6098925208032
    ],
    "unreachable_jumper_length": [
        0.0,
        0.0,
        0.0,
        [
            0.0,
            0.0,
            0.0,
            0.0,
            0.0,
            0.0
        ],
        0.0
    ],
    "reachable_jumper_count": [
        4.0,
        4.0,
        4.0,
        [
            4.0,
            4.0,
            4.0,
            4.0,
            4.0,
            4.0
        ],
        4.0
    ],
    "unreachable_jumper_count": [
        0.0,
        0.0,
        0.0,
        [
            0.0,
            0.0,
            0.0,
            0.0,
            0.0,
            0.0
        ],
        0.0
    ],
    "shortest_path": {
        "percent_useful_node_count": [
            0.6590909090909091,
            0.6363636363636364,
            0.6590909090909091,
            [
                0.5909090909090909,
                0.6136363636363636,
                0.6363636363636364,
                0.6590909090909091,
                0.6818181818181818,
                0.7045454545454546
            ],
            0.6493181818181819
        ],
        "percent_useful_wire_length": 80.61213595913635,
        "percent_reachable_sensors": 0.70284,
        "percent_useful_jumper_count": [
            1.0,
            1.0,
            1.0,
            [
                0.75,
                0.75,
                1.0,
                1.0,
                1.0,
                1.0
            ],
            0.9675
        ],
        "percent_useful_jumper_length": [
            0.75,
            0.75,
            0.75,
            [
                0.75,
                0.75,
                0.75,
                0.75,
                0.75,
                0.75
            ],
            0.75
        ],
        "percent_unreachable_bc_short_jumper": 0.29716,
        "percent_multiroute_reached_nodes": [
            0.6317733990147784,
            0.6206896551724138,
            0.6428571428571429,
            [
                0.5806451612903226,
                0.6,
                0.6206896551724138,
                0.6428571428571429,
                0.6666666666666666,
                0.6792582417582418
            ],
            0.6317992556849898
        ],
        "path_length_max": [
            2088.130870727337,
            2054.030824234753,
            2088.130870727337
        ],
        "path_length_avg": [
            734.9693519433927,
            731.0886441439922,
            739.712537756183,
            [
                197.26989037558448,
                263.3535310576047,
                464.07661909333694,
                1061.2900469748715,
                1381.0975944996296,
                1539.46688840506
            ],
            784.6433685821794
        ],
        "path_node_count_max": [
            20.0,
            20.0,
            20.0
        ],
        "path_node_count_avg": [
            6.0,
            6.0,
            6.0,
            [
                1.0,
                1.0,
                3.0,
                10.0,
                13.0,
                15.0
            ],
            6.879915770303341
        ],
        "path_jumper_count_max": [
            3.0,
            3.0,
            3.0
        ],
        "path_jumper_count_avg": [
            1.0,
            1.0,
            1.0,
            [
                0.0,
                0.0,
                0.0,
                2.0,
                2.0,
                3.0
            ],
            1.0954982641853053
        ],
        "path_sensor_jumper_length_max": [
            79.99809609952612,
            79.99406344644726,
            79.99809609952612
        ],
        "path_sensor_jumper_length_avg": [
            30.887270602973643,
            30.632543676777544,
            31.165343004302496,
            [
                2.712542567309659,
                5.490375164340219,
                14.226754106254203,
                51.47107438600708,
                67.37871183472828,
                73.4668999913893
            ],
            33.741199869397015
        ],
        "path_router_node_branches_max": [
            2.0,
            2.0,
            2.0
        ],
        "path_router_node_branches_avg": [
            2.0,
            2.0,
            2.0,
            [
                2.0,
                2.0,
                2.0,
                2.0,
                2.0,
                2.0
            ],
            2.0
        ],
        "graph_max_wire_length": [
            1553.6897273209656,
            1491.4827735121237,
            1626.8273765808171,
            [
                1102.2872870936149,
                1177.8487538681693,
                1350.9072466101943,
                1742.3503387093895,
                1909.9991123174902,
                1954.003711532093
            ],
            1548.8614734380105
        ],
        "graph_avg_wire_length": [
            764.2103870682579,
            714.6795487624742,
            816.31572254518,
            [
                597.6404518218668,
                612.4190888705477,
                667.2250440377851,
                909.1345018020602,
                1003.9538957054442,
                1039.4457262128092
            ],
            790.8872966692614
        ],
        "graph_max_node_count": [
            15.0,
            15.0,
            16.0,
            [
                12.0,
                12.0,
                14.0,
                18.0,
                20.0,
                20.0
            ],
            15.72
        ],
        "graph_avg_node_count": [
            7.75,
            7.113636363636363,
            7.886363636363637,
            [
                6.295454545454546,
                6.431818181818182,
                6.818181818181818,
                9.113636363636363,
                9.977272727272727,
                10.193181818181815
            ],
            7.906136363636364
        ],
        "graph_max_jumper_count": [
            2.0,
            2.0,
            2.0,
            [
                2.0,
                2.0,
                2.0,
                3.0,
                3.0,
                3.0
            ],
            2.33
        ],