{
    "total_wire_length": 7523.586408438603,
    "total_jumper_length": 30.151609308498877,
    "total_jumper_count": 2,
    "center_node_count": 64,
    "edge_node_count": 48,
    "total_node_count": 112,
    "reachable_node_count": [
        68.0,
        68.0,
        68.0,
        [
            20.0,
            20.0,
            24.0,
            68.0,
            68.0,
            68.0
        ],
        51.48
    ],
    "unreachable_node_count": [
        44.0,
        44.0,
        44.0,
        [
            44.0,
            44.0,
            44.0,
            88.0,
            92.0,
            92.0
        ],
        60.52
    ],
    "reachable_wire_length": [
        4827.138811705327,
        4827.138811705327,
        4827.138811705327,
        [
            1327.8823168809165,
            1327.8823168809165,
            1368.56527985236,
            4827.138811705327,
            4827.138811705327,
            4827.138811705327
        ],
        3575.1362365331147
    ],
    "unreachable_wire_length": [
        2696.4475967332764,
        2696.4475967332764,
        2696.4475967332764,
        [
            2696.4475967332764,
            2696.4475967332764,
            2696.4475967332764,
            6155.021128586243,
            6195.704091557687,
            6195.704091557687
        ],
        3948.450171905491
    ],
    "reachable_jumper_length": [
        30.151609308498877,
        30.151609308498877,
        30.151609308498877,
        [
            0.0,
            0.0,
            0.0,
            30.151609308498877,
            30.151609308498877,
            30.151609308498877
        ],
        19.297029957439282
    ],
    "unreachable_jumper_length": [
        0.0,
        0.0,
        0.0,
        [
            0.0,
            0.0,
            0.0,
            30.151609308498877,
            30.151609308498877,
            30.151609308498877
        ],
        10.854579351059591
    ],
    "reachable_jumper_count": [
        2.0,
        2.0,
        2.0,
        [
            0.0,
            0.0,
            0.0,
            2.0,
            2.0,
            2.0
        ],
        1.28
    ],
    "unreachable_jumper_count": [
        0.0,
        0.0,
        0.0,
        [
            0.0,
            0.0,
            0.0,
            2.0,
            2.0,
            2.0
        ],
        0.72
    ],
    "shortest_path": {
        "percent_useful_node_count": [
            0.39285714285714285,
            0.38392857142857145,
            0.39285714285714285,
            [
                0.09821428571428571,
                0.09821428571428571,
                0.10714285714285714,
                0.4017857142857143,
                0.4107142857142857,
                0.4107142857142857
            ],
            0.2924107142857143
        ],
        "percent_useful_wire_length": 31.518256213400594,
        "percent_reachable_sensors": 0.21169,
        "percent_useful_jumper_count": [
            1.0,
            1.0,
            1.0,
            [
                0.0,
                0.0,
                0.0,
                1.0,
                1.0,
                1.0
            ],
            0.635
        ],
        "percent_useful_jumper_length": [
            0.5,
            0.5,
            0.5,
            [
                0.0,
                0.0,
                0.0,
                1.0,
                1.0,
                1.0
            ],
            0.475
        ],
        "percent_unreachable_bc_short_jumper": 0.55668,
        "percent_multiroute_reached_nodes": [
            0.5504052684903749,
            0.5366726296958855,
            0.5698457792207792,
            [
                0.4888888888888889,
                0.5,
                0.5217391304347826,
                0.6363636363636364,
                0.8181818181818182,
                0.8333333333333334
            ],
            0.5984000840666502
        ],
        "path_length_max": [
            1060.7648311451633,
            1037.1713158575692,
            1060.7648311451633
        ],
        "path_length_avg": [
            421.8273180976914,
            418.3142403745149,
            425.06513499678596,
            [
                113.95005597661918,
                158.795429295883,
                275.3699067177987,
                564.2559611872006,
                681.9464353160994,
                751.7868529162364
            ],
            423.6442941458757
        ],
        "path_node_count_max": [
            14.0,
            14.0,
            14.0
        ],
        "path_node_count_avg": [
            6.0,
            5.0,
            6.0,
            [
                1.0,
                2.0,
                3.0,
                8.0,
                10.0,
                11.0
            ],
            5.751192781898059
        ],
        "path_jumper_count_max": [
            1.0,
            1.0,
            1.0
        ],
        "path_jumper_count_avg": [
            0.0,
            0.0,
            0.0,
            [
                0.0,
                0.0,
                0.0,
                1.0,
                1.0,
                1.0
            ],
            0.4294959610751571
        ],
        "path_sensor_jumper_length_max": [
            19.99891662133028,
            19.998441536695587,
            19.99891662133028
        ],
        "path_sensor_jumper_length_avg": [
            8.999733372423986,
            8.878041614148817,
            9.112644223558663,
            [
                0.845823818919733,
                1.7085054592526523,
                4.270432808414802,
                14.124442599247892,
                17.596355020065687,
                18.780239541764445
            ],
            9.3107735242771
        ],
        "path_router_node_branches_max": [
            2.0,
            2.0,
            2.0
        ],
        "path_router_node_branches_avg": [
            2.0,
            2.0,
            2.0,
            [
                2.0,
                2.0,
                2.0,
                2.0,
                2.0,
                2.0
            ],
            2.0
        ],
        "graph_max_wire_length": [
            744.0380024445592,
            693.3814338344087,
            771.3228739499671,
            [
                430.60736079265854,
                457.40811729940384,
                611.4273420351732,
                842.5813602251392,
                939.6012297996482,
                947.9056399098664
            ],
            714.3856249962777
        ],
        "graph_avg_wire_length": [
            410.7944606063137,
            386.3182457277476,
            424.40303552253977,
            [
                224.51202120653753,
                252.32197998331358,
                347.14810281503287,
                458.6196630939526,
                537.5384665607776,
                567.8416078396524
            ],
            403.6416625536599
        ],
        "graph_max_node_count": [
            12.0,
            11.0,
            12.0,
            [
                6.0,
                6.0,
                8.0,
                13.0,
                14.0,
                15.0
            ],
            10.82
        ],
        "graph_avg_node_count": [
            6.367647058823529,
            6.169117647058824,
            6.5588235294117645,
            [
                3.4583333333333335,
                3.8000000000000003,
                4.7,
                7.139705882352942,
                7.955882352941177,
                8.511029411764705
            ],
            6.047764705882354
        ],
        "graph_max_jumper_count": [
            1.0,
            1.0,
            1.0,
            [
                0.0,
                0.0,
                0.0,
                1.0,
                1.0,
                1.0
            ],
            0.64
        ],