{
    "total_wire_length": 21420.650184091788,
    "total_jumper_length": 254.85982658542335,
    "total_jumper_count": 26,
    "center_node_count": 358,
    "edge_node_count": 126,
    "total_node_count": 484,
    "reachable_node_count": [
        484.0,
        484.0,
        484.0,
        [
            484.0,
            484.0,
            484.0,
            484.0,
            484.0,
            484.0
        ],
        484.0
    ],
    "unreachable_node_count": [
        0.0,
        0.0,
        0.0,
        [
            0.0,
            0.0,
            0.0,
            0.0,
            0.0,
            0.0
        ],
        0.0
    ],
    "reachable_wire_length": [
        21420.650184091784,
        21420.650184091784,
        21420.650184091784,
        [
            21420.650184091784,
            21420.650184091784,
            21420.650184091784,
            21420.650184091784,
            21420.650184091784,
            21420.650184091784
        ],
        21420.650184091784
    ],
    "unreachable_wire_length": [
        0.0,
        0.0,
        0.0,
        [
            0.0,
            0.0,
            0.0,
            0.0,
            0.0,
            0.0
        ],
        0.0
    ],
    "reachable_jumper_length": [
        254.85982658542338,
        254.85982658542338,
        254.85982658542338,
        [
            254.85982658542338,
            254.85982658542338,
            254.85982658542338,
            254.85982658542338,
            254.85982658542338,
            254.85982658542338
        ],
        254.8598265854234
    ],
    "unreachable_jumper_length": [
        0.0,
        0.0,
        0.0,
        [
            0.0,
            0.0,
            0.0,
            0.0,
            0.0,
            0.0
        ],
        0.0
    ],
    "reachable_jumper_count": [
        26.0,
        26.0,
        26.0,
        [
            26.0,
            26.0,
            26.0,
            26.0,
            26.0,
            26.0
        ],
        26.0
    ],
    "unreachable_jumper_count": [
        0.0,
        0.0,
        0.0,
        [
            0.0,
            0.0,
            0.0,
            0.0,
            0.0,
            0.0
        ],
        0.0
    ],
    "shortest_path": {
        "percent_useful_node_count": [
            0.7520661157024794,
            0.75,
            0.756198347107438,
            [
                0.7354338842975207,
                0.7394628099173554,
                0.7458677685950413,
                0.7603305785123967,
                0.768595041322314,
                0.7728305785123967
            ],
            0.7533264462809917
        ],
        "percent_useful_wire_length": 62.45966516933974,
        "percent_reachable_sensors": 0.7137,
        "percent_useful_jumper_count": [
            0.6153846153846154,
            0.6153846153846154,
            0.6538461538461539,
            [
                0.5365384615384615,
                0.5384615384615384,
                0.5769230769230769,
                0.6923076923076923,
                0.7307692307692307,
                0.7307692307692307
            ],
            0.6303846153846153
        ],
        "percent_useful_jumper_length": [
            0.13461538461538464,
            0.11538461538461539,
            0.15384615384615385,
            [
                0.11538461538461539,
                0.11538461538461539,
                0.11538461538461539,
                0.15384615384615385,
                0.19230769230769232,
                0.19230769230769232
            ],
            0.14038461538461539
        ],
        "percent_unreachable_bc_short_jumper": 0.2863,
        "percent_multiroute_reached_nodes": [
            0.3543095188190556,
            0.35020585373156676,
            0.35967302452316074,
            [
                0.32773766273085075,
                0.33142283105022835,
                0.3430677915484545,
                0.36751433904888076,
                0.3814474857974553,
                0.3854562532950183
            ],
            0.3551394050799154
        ],
        "path_length_max": [
            1937.44182745382,
            1907.9455347056776,
            1937.44182745382
        ],
        "path_length_avg": [
            669.4093285284277,
            666.2243951066005,
            672.4053015939915,
            [
                181.69366170025063,
                261.8402229639027,
                437.6622839965517,
                898.1607031499557,
                1124.3089198728524,
                1263.703428746716
            ],
            684.2715180347583
        ],
        "path_node_count_max": [
            52.0,
            51.0,
            52.0
        ],
        "path_node_count_avg": [
            18.0,
            18.0,
            18.0,
            [
                4.0,
                6.0,
                11.0,
                25.0,
                31.0,
                35.0
            ],
            18.618453131567886
        ],
        "path_jumper_count_max": [
            5.0,
            5.0,
            5.0
        ],
        "path_jumper_count_avg": [
            1.0,
            1.0,
            1.0,
            [
                0.0,
                0.0,
                0.0,
                1.0,
                2.0,
                2.0
            ],
            1.0242118537200504
        ],
        "path_sensor_jumper_length_max": [
            19.999497416352995,
            19.99735138556168,
            19.999497416352995
        ],
        "path_sensor_jumper_length_avg": [
            7.892638481177282,
            7.820727226015933,
            7.9592791120882715,
            [
                0.725214034389831,
                1.4438115472870052,
                3.6843217229573915,
                13.017703095579645,
                16.86559736178411,
                18.35336137666998
            ],
            8.549238920885461
        ],
        "path_router_node_branches_max": [
            2.0,
            2.0,
            2.0
        ],
        "path_router_node_branches_avg": [
            2.0,
            2.0,
            2.0,
            [
                2.0,
                2.0,
                2.0,
                2.0,
                2.0,
                2.0
            ],
            2.0
        ],
        "graph_max_wire_length": [
            1387.2090226877017,
            1334.6111755645156,
            1417.385518218805,
            [
                1102.8674160093078,
                1152.3803212570551,
                1249.1754450713756,
                1521.452718163253,
                1646.8066009519966,
                1723.0024146741823
            ],
            1393.6119258635879
        ],
        "graph_avg_wire_length": [
            665.6468545295584,
            639.6041398911648,
            698.065121513874,
            [
                542.2005557233259,
                557.2303546542532,
                592.0741369116673,
                739.5205588285874,
                846.3890147127365,
                890.3819321758314
            ],
            684.6943602960528
        ],
        "graph_max_node_count": [
            41.5,
            39.5,
            42.0,
            [
                32.0,
                33.0,
                37.0,
                46.0,
                49.0,
                52.0
            ],
            41.33
        ],
        "graph_avg_node_count": [
            19.278338039532066,
            17.942057067646225,
            19.99465184247793,
            [
                15.663929313929314,
                15.971221532091096,
                16.8313629505161,
                21.46304794654946,
                23.950626506024097,
                24.89356688839616
            ],
            19.496467313296126
        ],