{
    "total_wire_length": 5366.8686229106415,
    "total_jumper_length": 9.664723176299635,
    "total_jumper_count": 1,
    "center_node_count": 22,
    "edge_node_count": 28,
    "total_node_count": 50,
    "reachable_node_count": [
        28.0,
        20.0,
        28.0,
        [
            10.0,
            10.0,
            12.0,
            28.0,
            28.0,
            28.0
        ],
        21.3
    ],
    "unreachable_node_count": [
        22.0,
        22.0,
        30.0,
        [
            22.0,
            22.0,
            22.0,
            38.0,
            40.0,
            40.0
        ],
        28.7
    ],
    "reachable_wire_length": [
        2922.6061745245142,
        2149.9275060965324,
        2922.6061745245142,
        [
            1067.0136107175756,
            1067.0136107175756,
            1377.2488376685508,
            2922.6061745245142,
            2922.6061745245142,
            2922.6061745245142
        ],
        2257.9279557394825
    ],
    "unreachable_wire_length": [
        2444.2624483861264,
        2444.2624483861264,
        2463.579415096808,
        [
            2444.2624483861264,
            2444.2624483861264,
            2444.2624483861264,
            3989.61978524209,
            4299.855012193065,
            4299.855012193065
        ],
        3108.9406671711577
    ],
    "reachable_jumper_length": [
        9.664723176299635,
        4.832361588149817,
        9.664723176299635,
        [
            0.0,
            0.0,
            0.0,
            9.664723176299635,
            9.664723176299635,
            9.664723176299635
        ],
        5.798833905779779
    ],
    "unreachable_jumper_length": [
        0.0,
        0.0,
        4.832361588149817,
        [
            0.0,
            0.0,
            0.0,
            9.664723176299635,
            9.664723176299635,
            9.664723176299635
        ],
        3.8658892705198538
    ],
    "reachable_jumper_count": [
        1.0,
        0.5,
        1.0,
        [
            0.0,
            0.0,
            0.0,
            1.0,
            1.0,
            1.0
        ],
        0.6
    ],
    "unreachable_jumper_count": [
        0.0,
        0.0,
        0.0,
        [
            0.0,
            0.0,
            0.0,
            1.0,
            1.0,
            1.0
        ],
        0.4
    ],
    "shortest_path": {
        "percent_useful_node_count": [
            0.28,
            0.19,
            0.28,
            [
                0.08,
                0.1,
                0.1,
                0.3,
                0.3,
                0.32
            ],
            0.21720000000000006
        ],
        "percent_useful_wire_length": 27.899469150376596,
        "percent_reachable_sensors": 0.0531,
        "percent_useful_jumper_count": [
            1.0,
            0.5,
            1.0,
            [
                0.0,
                0.0,
                0.0,
                1.0,
                1.0,
                1.0
            ],
            0.6
        ],
        "percent_useful_jumper_length": [
            1.0,
            1.0,
            1.0,
            [
                0.0,
                0.0,
                0.0,
                1.0,
                1.0,
                1.0
            ],
            0.6
        ],
        "percent_unreachable_bc_short_jumper": 0.87541,
        "percent_multiroute_reached_nodes": [
            0.7333333333333333,
            0.7333333333333333,
            0.8,
            [
                0.6666666666666666,
                0.6854166666666667,
                0.7142857142857143,
                0.8333333333333334,
                1.0,
                1.0
            ],
            0.794790643180349
        ],
        "path_length_max": [
            1398.8687073123933,
            1359.7661277892234,
            1398.8687073123933
        ],
        "path_length_avg": [
            485.51344886364166,
            474.60939897360385,
            494.5946353492121,
            [
                134.32746741846051,
                181.3482695559945,
                294.71793113215443,
                701.2667733141657,
                928.0398016979898,
                1036.9875002687738
            ],
            520.0972294162916
        ],
        "path_node_count_max": [
            11.0,
            10.0,
            11.0
        ],
        "path_node_count_avg": [
            3.0,
            3.0,
            3.0,
            [
                1.0,
                1.0,
                2.0,
                5.0,
                7.0,
                8.0
            ],
            3.6297551789077214
        ],
        "path_jumper_count_max": [
            1.0,
            1.0,
            1.0
        ],
        "path_jumper_count_avg": [
            0.0,
            0.0,
            0.0,
            [
                0.0,
                0.0,
                0.0,
                1.0,
                1.0,
                1.0
            ],
            0.35706214689265536
        ],
        "path_sensor_jumper_length_max": [
            9.998784893491342,
            9.996357270441225,
            9.998784893491342
        ],
        "path_sensor_jumper_length_avg": [
            4.861024160123466,
            4.759450965157654,
            4.986144351115628,
            [
                0.4726885177103892,
                0.9642010611923182,
                2.394841895461787,
                7.413448476579951,
                8.937204529751238,
                9.456578857417705
            ],
            4.908669914295425
        ],
        "path_router_node_branches_max": [
            2.0,
            2.0,
            2.0
        ],
        "path_router_node_branches_avg": [
            2.0,
            2.0,
            2.0,
            [
                2.0,
                2.0,
                2.0,
                2.0,
                2.0,
                2.0
            ],
            2.0
        ],
        "graph_max_wire_length": [
            901.5649553646314,
            793.5232638547266,
            971.8138109843181,
            [
                479.0517799818078,
                548.4903282924206,
                696.0855351500621,
                1159.7992789584362,
                1288.1361448800228,
                1361.7422368122755
            ],
            911.994941910333
        ],
        "graph_avg_wire_length": [
            530.8251496121528,
            467.56311715897857,
            579.6079287867885,
            [
                283.6646981249515,
                342.1231457810359,
                421.4687726296181,
                631.3575249748725,
                758.4435188080575,
                802.7093872838198
            ],
            529.7458899865949
        ],
        "graph_max_node_count": [
            8.0,
            6.0,
            9.0,
            [
                3.0,
                4.0,
                5.0,
                10.0,
                11.0,
                11.0
            ],
            7.45
        ],
        "graph_avg_node_count": [
            4.5,
            4.214285714285714,
            4.857142857142857,
            [
                2.3333333333333335,
                2.4,
                3.125,
                5.375,
                5.857142857142857,
                5.928571428571429
            ],
            4.234857142857143
        ],
        "graph_max_jumper_count": [
            1.0,
            0.5,
            1.0,
            [
                0.0,
                0.0,
                0.0,
                1.0,
                1.0,
                1.0
            ],
            0.6
        ],