{
    "total_wire_length": 14270.438546215764,
    "total_jumper_length": 82.97278150814537,
    "total_jumper_count": 11,
    "center_node_count": 119,
    "edge_node_count": 87,
    "total_node_count": 206,
    "reachable_node_count": [
        190.0,
        190.0,
        190.0,
        [
            181.30000000000004,
            190.0,
            190.0,
            190.0,
            190.0,
            190.0
        ],
        181.3
    ],
    "unreachable_node_count": [
        16.0,
        16.0,
        16.0,
        [
            16.0,
            16.0,
            16.0,
            16.0,
            16.0,
            24.699999999999505
        ],
        24.7
    ],
    "reachable_wire_length": [
        13379.762242926898,
        13379.762242926898,
        13379.762242926898,
        [
            12755.307945944998,
            13379.762242926898,
            13379.762242926898,
            13379.762242926898,
            13379.762242926898,
            13379.762242926898
        ],
        12755.307945945
    ],
    "unreachable_wire_length": [
        890.676303288869,
        890.676303288869,
        890.676303288869,
        [
            890.676303288869,
            890.676303288869,
            890.676303288869,
            890.676303288869,
            890.676303288869,
            1515.130600270735
        ],
        1515.1306002707709
    ],
    "reachable_jumper_length": [
        82.97278150814537,
        82.97278150814537,
        82.97278150814537,
        [
            78.82414243273811,
            82.97278150814537,
            82.97278150814537,
            82.97278150814537,
            82.97278150814537,
            82.97278150814537
        ],
        78.82414243273809
    ],
    "unreachable_jumper_length": [
        0.0,
        0.0,
        0.0,
        [
            0.0,
            0.0,
            0.0,
            0.0,
            0.0,
            4.148639075407033
        ],
        4.148639075407269
    ],
    "reachable_jumper_count": [
        11.0,
        11.0,
        11.0,
        [
            10.450000000000003,
            11.0,
            11.0,
            11.0,
            11.0,
            11.0
        ],
        10.45
    ],
    "unreachable_jumper_count": [
        0.0,
        0.0,
        0.0,
        [
            0.0,
            0.0,
            0.0,
            0.0,
            0.0,
            0.5499999999999687
        ],
        0.55
    ],
    "shortest_path": {
        "percent_useful_node_count": [
            0.6140776699029126,
            0.6116504854368932,
            0.616504854368932,
            [
                0.5645631067961165,
                0.6014563106796116,
                0.6067961165048543,
                0.6213592233009708,
                0.6310679611650486,
                0.6310679611650486
            ],
            0.5869902912621359
        ],
        "percent_useful_wire_length": 57.231466106645925,
        "percent_reachable_sensors": 0.39578,
        "percent_useful_jumper_count": [
            0.8181818181818182,
            0.8181818181818182,
            0.9090909090909091,
            [
                0.6045454545454546,
                0.7272727272727273,
                0.8181818181818182,
                0.9090909090909091,
                0.9090909090909091,
                0.9090909090909091
            ],
            0.8145454545454544
        ],
        "percent_useful_jumper_length": [
            0.45454545454545453,
            0.45454545454545453,
            0.45454545454545453,
            [
                0.4318181818181819,
                0.45454545454545453,
                0.45454545454545453,
                0.5454545454545454,
                0.5454545454545454,
                0.5454545454545454
            ],
            0.45636363636363625
        ],
        "percent_unreachable_bc_short_jumper": 0.55853,
        "percent_multiroute_reached_nodes": [
            0.5079365079365079,
            0.503967716535433,
            0.515625,
            [
                0.4801628489620615,
                0.49169435215946844,
                0.5,
                0.5207692307692308,
                0.536,
                0.5542999999999995
            ],
            0.522507291435259
        ],
        "path_length_max": [
            2470.0579554568303,
            2449.120480703661,
            2470.0579554568303
        ],
        "path_length_avg": [
            933.5968274109675,
            927.6711237346044,
            940.0550881503024,
            [
                220.0623088431635,
                332.55481515281394,
                595.239154476659,
                1248.897199705223,
                1521.8443176257467,
                1684.7728823409782
            ],
            936.3860396400828
        ],
        "path_node_count_max": [
            37.0,
            37.0,
            37.0
        ],
        "path_node_count_avg": [
            14.0,
            14.0,
            14.0,
            [
                2.0,
                4.0,
                9.0,
                19.0,
                23.0,
                26.0
            ],
            13.978169690231947
        ],
        "path_jumper_count_max": [
            4.0,
            4.0,
            4.0
        ],
        "path_jumper_count_avg": [
            1.0,
            1.0,
            1.0,
            [
                0.0,
                0.0,
                1.0,
                2.0,
                2.0,
                3.0
            ],
            1.289175804740007
        ],
        "path_sensor_jumper_length_max": [
            19.999258973929305,
            19.99720366197185,
            19.999258973929305
        ],
        "path_sensor_jumper_length_avg": [
            9.089115919504302,
            8.990353985339667,
            9.196583074877623,
            [
                0.8539979606955583,
                1.7217480517389,
                4.360985819486981,
                14.191449492450783,
                17.597257038195867,
                18.75122224137054
            ],
            9.375873607009275
        ],
        "path_router_node_branches_max": [
            2.0,
            2.0,
            2.0
        ],
        "path_router_node_branches_avg": [
            2.0,
            2.0,
            2.0,
            [
                2.0,
                2.0,
                2.0,
                2.0,
                2.0,
                2.0
            ],
            2.0
        ],
        "graph_max_wire_length": [
            1889.9957967057894,
            1829.3419269889703,
            1954.2378340134915,
            [
                1239.4341108080362,
                1497.1284852935162,
                1706.7789722949797,
                2111.6437128461425,
                2319.3232582830337,
                2396.243705060052
            ],
            1849.556657343137
        ],
        "graph_avg_wire_length": [
            930.0573736865315,
            888.3921370160524,
            985.1563395093323,
            [
                623.2539196172055,
                724.7093365532506,
                833.5092690821127,
                1043.7759460752259,
                1178.1953965637188,
                1276.271134587177
            ],
            925.0346157240357
        ],
        "graph_max_node_count": [
            29.0,
            28.0,
            31.0,
            [
                20.200000000000003,
                23.0,
                27.0,
                34.0,
                36.0,
                38.0
            ],
            28.99
        ],