{
    "total_wire_length": 138918.83458836976,
    "total_jumper_length": 155847.7842275161,
    "total_jumper_count": 2076,
    "center_node_count": 4626,
    "edge_node_count": 582,
    "total_node_count": 5208,
    "reachable_node_count": [
        5208.0,
        5208.0,
        5208.0,
        [
            5208.0,
            5208.0,
            5208.0,
            5208.0,
            5208.0,
            5208.0
        ],
        5208.0
    ],
    "unreachable_node_count": [
        0.0,
        0.0,
        0.0,
        [
            0.0,
            0.0,
            0.0,
            0.0,
            0.0,
            0.0
        ],
        0.0
    ],
    "reachable_wire_length": [
        138918.83458836988,
        138918.83458836988,
        138918.83458836988,
        [
            138918.83458836988,
            138918.83458836988,
            138918.83458836988,
            138918.83458836988,
            138918.83458836988,
            138918.83458836988
        ],
        138918.83458836982
    ],
    "unreachable_wire_length": [
        0.0,
        0.0,
        0.0,
        [
            0.0,
            0.0,
            0.0,
            0.0,
            0.0,
            0.0
        ],
        0.0
    ],
    "reachable_jumper_length": [
        155847.7842275164,
        155847.7842275164,
        155847.7842275164,
        [
            155847.7842275164,
            155847.7842275164,
            155847.7842275164,
            155847.7842275164,
            155847.7842275164,
            155847.7842275164
        ],
        155847.78422751641
    ],
    "unreachable_jumper_length": [
        0.0,
        0.0,
        0.0,
        [
            0.0,
            0.0,
            0.0,
            0.0,
            0.0,
            0.0
        ],
        0.0
    ],
    "reachable_jumper_count": [
        2076.0,
        2076.0,
        2076.0,
        [
            2076.0,
            2076.0,
            2076.0,
            2076.0,
            2076.0,
            2076.0
        ],
        2076.0
    ],
    "unreachable_jumper_count": [
        0.0,
        0.0,
        0.0,
        [
            0.0,
            0.0,
            0.0,
            0.0,
            0.0,
            0.0
        ],
        0.0
    ],
    "shortest_path": {
        "percent_useful_node_count": [
            0.6834677419354839,
            0.6772273425499232,
            0.6907642089093702,
            [
                0.6552803379416282,
                0.6584677419354839,
                0.6685387864823349,
                0.7036290322580645,
                0.716647465437788,
                0.728110599078341
            ],
            0.6862711213517665
        ],
        "percent_useful_wire_length": 54.368981593629684,
        "percent_reachable_sensors": 1.0,
        "percent_useful_jumper_count": [
            0.09152215799614644,
            0.09007707129094412,
            0.09248554913294797,
            [
                0.0842485549132948,
                0.08622350674373795,
                0.08863198458574181,
                0.09453275529865125,
                0.09686897880539498,
                0.09877167630057804
            ],
            0.09146435452793833
        ],
        "percent_useful_jumper_length": [
            0.0038535645472061657,
            0.003371868978805395,
            0.0038535645472061657,
            [
                0.002890173410404624,
                0.002890173410404624,
                0.003371868978805395,
                0.004335260115606936,
                0.004816955684007707,
                0.0052986512524084775
            ],
            0.003786127167630057
        ],
        "percent_unreachable_bc_short_jumper": 0.0,
        "percent_multiroute_reached_nodes": [
            0.2245941588146273,
            0.21220115854445515,
            0.23389698856479846,
            [
                0.16490945677200206,
                0.1810980059337276,
                0.20636752268663275,
                0.24724102030192607,
                0.270051905474609,
                0.27487843467162343
            ],
            0.22401849109382455
        ],
        "path_length_max": [
            2737.649297110706,
            2712.185379154134,
            2737.649297110706
        ],
        "path_length_avg": [
            953.1691151749891,
            949.6326333524136,
            956.5532609015717,
            [
                290.109355049265,
                410.5204206627475,
                656.4185055155059,
                1298.1921285982341,
                1605.898174499179,
                1772.5827807276673
            ],
            989.4567622894975
        ],
        "path_node_count_max": [
            125.0,
            122.0,
            125.0
        ],
        "path_node_count_avg": [
            43.0,
            43.0,
            43.0,
            [
                13.0,
                19.0,
                30.0,
                57.0,
                70.0,
                78.0
            ],
            43.81146
        ],
        "path_jumper_count_max": [
            20.0,
            19.0,
            20.0
        ],
        "path_jumper_count_avg": [
            2.0,
            2.0,
            2.0,
            [
                0.0,
                0.0,
                1.0,
                5.0,
                7.0,
                9.0
            ],
            3.13501
        ],
        "path_sensor_jumper_length_max": [
            32.62728748916165,
            27.66335410781503,
            32.62728748916165
        ],
        "path_sensor_jumper_length_avg": [
            5.9565137809338085,
            5.914545209701028,
            6.006630840108576,
            [
                0.4941460733476626,
                1.0084632855759927,
                2.6349058426290712,
                10.99281552441432,
                15.948133993899635,
                18.361585649926216
            ],
            7.295143571213894
        ],
        "path_router_node_branches_max": [
            10.0,
            8.0,
            10.0
        ],
        "path_router_node_branches_avg": [
            2.0,
            2.0,
            2.0,
            [
                2.0,
                2.0,
                2.0,
                2.0,
                4.0,
                6.0
            ],
            2.4557291666666665
        ],
        "graph_max_wire_length": [
            1926.9868249379624,
            1863.9405040988624,
            1971.362448102483,
            [
                1527.3629856336065,
                1595.3484286416494,
                1747.097281628156,
                2105.5269310431436,
                2582.888847665213,
                2673.084641496065
            ],
            1979.914327862099
        ],
        "graph_avg_wire_length": [
            925.2244072067128,
            862.898027696683,
            985.9420279709233,
            [
                750.0107701692468,
                756.061940624612,
                805.4181331542777,
                1103.599569447999,
                1364.317173616145,
                1452.5981722358576
            ],
            983.8035384168354
        ],
        "graph_max_node_count": [
            93.0,
            88.0,
            95.5,
            [
                71.0,
                73.9,
                81.75,
                102.0,
                107.0,
                109.1
            ],
            91.98
        ],
        "graph_avg_node_count": [
            42.93193971336292,
            40.790514592933945,
            45.98522056669549,
            [
                35.655988279970714,
                35.69984297556733,
                37.443355255820244,
                48.454589093702,
                53.819514293354956,
                56.19944852957546
            ],
            43.95104213225835
        ],