{
    "total_wire_length": 4760.710240073857,
    "total_jumper_length": 119.44900089122336,
    "total_jumper_count": 5,
    "center_node_count": 39,
    "edge_node_count": 27,
    "total_node_count": 66,
    "reachable_node_count": [
        66.0,
        66.0,
        66.0,
        [
            66.0,
            66.0,
            66.0,
            66.0,
            66.0,
            66.0
        ],
        66.0
    ],
    "unreachable_node_count": [
        0.0,
        0.0,
        0.0,
        [
            0.0,
            0.0,
            0.0,
            0.0,
            0.0,
            0.0
        ],
        0.0
    ],
    "reachable_wire_length": [
        4760.710240073857,
        4760.710240073857,
        4760.710240073857,
        [
            4760.710240073857,
            4760.710240073857,
            4760.710240073857,
            4760.710240073857,
            4760.710240073857,
            4760.710240073857
        ],
        4760.710240073858
    ],
    "unreachable_wire_length": [
        0.0,
        0.0,
        0.0,
        [
            0.0,
            0.0,
            0.0,
            0.0,
            0.0,
            0.0
        ],
        0.0
    ],
    "reachable_jumper_length": [
        119.44900089122336,
        119.44900089122336,
        119.44900089122336,
        [
            119.44900089122336,
            119.44900089122336,
            119.44900089122336,
            119.44900089122336,
            119.44900089122336,
            119.44900089122336
        ],
        119.4490008912234
    ],
    "unreachable_jumper_length": [
        0.0,
        0.0,
        0.0,
        [
            0.0,
            0.0,
            0.0,
            0.0,
            0.0,
            0.0
        ],
        0.0
    ],
    "reachable_jumper_count": [
        5.0,
        5.0,
        5.0,
        [
            5.0,
            5.0,
            5.0,
            5.0,
            5.0,
            5.0
        ],
        5.0
    ],
    "unreachable_jumper_count": [
        0.0,
        0.0,
        0.0,
        [
            0.0,
            0.0,
            0.0,
            0.0,
            0.0,
            0.0
        ],
        0.0
    ],
    "shortest_path": {
        "percent_useful_node_count": [
            0.7424242424242424,
            0.7424242424242424,
            0.7424242424242424,
            [
                0.7121212121212122,
                0.7272727272727273,
                0.7272727272727273,
                0.7575757575757576,
                0.7575757575757576,
                0.7727272727272727
            ],
            0.7407575757575761
        ],
        "percent_useful_wire_length": 68.28241820060752,
        "percent_reachable_sensors": 0.6901,
        "percent_useful_jumper_count": [
            1.0,
            1.0,
            1.0,
            [
                0.8,
                0.9800000000000001,
                1.0,
                1.0,
                1.0,
                1.0
            ],
            0.9780000000000001
        ],
        "percent_useful_jumper_length": [
            0.2,
            0.2,
            0.2,
            [
                0.2,
                0.2,
                0.2,
                0.2,
                0.2,
                0.2
            ],
            0.19999999999999996
        ],
        "percent_unreachable_bc_short_jumper": 0.3099,
        "percent_multiroute_reached_nodes": [
            0.46938775510204084,
            0.46,
            0.4791666666666667,
            [
                0.4229230769230769,
                0.42857142857142855,
                0.4489795918367347,
                0.49234693877551017,
                0.5102040816326531,
                0.5200416666666667
            ],
            0.47110912790577
        ],
        "path_length_max": [
            1360.3390732997686,
            1334.2736640451656,
            1360.3390732997686
        ],
        "path_length_avg": [
            491.89597443591106,
            488.2090232568258,
            496.11029182347824,
            [
                132.80123027484365,
                191.68880025167147,
                307.0364011715286,
                788.4454224944294,
                954.8547167829106,
                1027.9932932370248
            ],
            543.1992144868025
        ],
        "path_node_count_max": [
            20.0,
            20.0,
            20.0
        ],
        "path_node_count_avg": [
            7.0,
            7.0,
            7.0,
            [
                1.0,
                2.0,
                4.0,
                12.0,
                15.0,
                16.0
            ],
            7.86951166497609
        ],
        "path_jumper_count_max": [
            3.0,
            3.0,
            3.0
        ],
        "path_jumper_count_avg": [
            1.0,
            1.0,
            1.0,
            [
                0.0,
                0.0,
                0.0,
                2.0,
                2.0,
                2.0
            ],
            0.9304593537168526
        ],
        "path_sensor_jumper_length_max": [
            39.999696795813755,
            39.99753034817521,
            39.999696795813755
        ],
        "path_sensor_jumper_length_avg": [
            15.74160807350556,
            15.60627166268233,
            15.881064639117678,
            [
                1.399442559822105,
                2.8073521775890953,
                7.323776638044633,
                26.009392665246754,
                33.841686245211704,
                36.77341741313943
            ],
            17.074959849199956
        ],
        "path_router_node_branches_max": [
            2.0,
            2.0,
            2.0
        ],
        "path_router_node_branches_avg": [
            2.0,
            2.0,
            2.0,
            [
                2.0,
                2.0,
                2.0,
                2.0,
                2.0,
                2.0
            ],
            2.0
        ],
        "graph_max_wire_length": [
            1052.6004605773837,
            995.8213726064197,
            1086.9784311078856,
            [
                750.9046676525128,
                802.994037384295,
                938.7433483906939,
                1148.0482506901706,
                1204.0813401590387,
                1248.7286499207726
            ],
            1029.5478914497266
        ],
        "graph_avg_wire_length": [
            518.4216686398995,
            492.72733765066897,
            544.5380189614366,
            [
                380.3067393237542,
                409.66905392739505,
                472.67500420912484,
                573.4826772177098,
                616.466812023018,
                647.1188502015345
            ],
            518.3879331104741
        ],
        "graph_max_node_count": [
            18.0,
            17.0,
            19.0,
            [
                13.0,
                14.0,
                16.0,
                19.0,
                20.0,
                21.0
            ],
            17.42
        ],
        "graph_avg_node_count": [
            8.393939393939394,
            8.32821300563236,
            8.777777777777779,
            [
                6.596774193548387,
                6.758064516129032,
                7.407258064516129,
                9.331221198156683,
                9.707692307692307,
                9.765625
            ],
            8.377032861022284
        ],
        "graph_max_jumper_count": [
            2.0,
            2.0,
            2.0,
            [
                2.0,
                2.0,
                2.0,
                3.0,
                3.0,
                3.0
            ],
            2.34
        ],