{
    "total_wire_length": 6120.66829082637,
    "total_jumper_length": 69.65544062385365,
    "total_jumper_count": 3,
    "center_node_count": 51,
    "edge_node_count": 27,
    "total_node_count": 78,
    "reachable_node_count": [
        40.0,
        38.0,
        40.0,
        [
            38.0,
            38.0,
            38.0,
            40.0,
            40.0,
            40.0
        ],
        39.04
    ],
    "unreachable_node_count": [
        38.0,
        38.0,
        40.0,
        [
            38.0,
            38.0,
            38.0,
            40.0,
            40.0,
            40.0
        ],
        38.96
    ],
    "reachable_wire_length": [
        3150.608701344707,
        2970.059589481664,
        3150.608701344707,
        [
            2970.059589481664,
            2970.059589481664,
            2970.059589481664,
            3150.608701344707,
            3150.608701344707,
            3150.608701344707
        ],
        3063.945127650447
    ],
    "unreachable_wire_length": [
        2970.059589481664,
        2970.059589481664,
        3150.608701344707,
        [
            2970.059589481664,
            2970.059589481664,
            2970.059589481664,
            3150.608701344707,
            3150.608701344707,
            3150.608701344707
        ],
        3056.723163175925
    ],
    "reachable_jumper_length": [
        39.717524280927464,
        29.93791634292619,
        39.717524280927464,
        [
            29.93791634292619,
            29.93791634292619,
            29.93791634292619,
            39.717524280927464,
            39.717524280927464,
            39.717524280927464
        ],
        35.02331247068687
    ],
    "unreachable_jumper_length": [
        29.93791634292619,
        29.93791634292619,
        39.717524280927464,
        [
            29.93791634292619,
            29.93791634292619,
            29.93791634292619,
            39.717524280927464,
            39.717524280927464,
            39.717524280927464
        ],
        34.63212815316681
    ],
    "reachable_jumper_count": [
        1.0,
        1.0,
        2.0,
        [
            1.0,
            1.0,
            1.0,
            2.0,
            2.0,
            2.0
        ],
        1.48
    ],
    "unreachable_jumper_count": [
        2.0,
        1.0,
        2.0,
        [
            1.0,
            1.0,
            1.0,
            2.0,
            2.0,
            2.0
        ],
        1.52
    ],
    "shortest_path": {
        "percent_useful_node_count": [
            0.358974358974359,
            0.358974358974359,
            0.358974358974359,
            [
                0.3333333333333333,
                0.3333333333333333,
                0.34615384615384615,
                0.3717948717948718,
                0.38461538461538464,
                0.38461538461538464
            ],
            0.36
        ],
        "percent_useful_wire_length": 33.360822094768665,
        "percent_reachable_sensors": 0.36229,
        "percent_useful_jumper_count": [
            0.3333333333333333,
            0.3333333333333333,
            0.6666666666666666,
            [
                0.0,
                0.3333333333333333,
                0.3333333333333333,
                0.6666666666666666,
                0.6666666666666666,
                0.6666666666666666
            ],
            0.45666666666666667
        ],
        "percent_useful_jumper_length": [
            0.0,
            0.0,
            0.0,
            [
                0.0,
                0.0,
                0.0,
                0.0,
                0.0,
                0.0
            ],
            0.0
        ],
        "percent_unreachable_bc_short_jumper": 0.27363,
        "percent_multiroute_reached_nodes": [
            0.41379310344827586,
            0.4,
            0.42857142857142855,
            [
                0.3448275862068966,
                0.35714285714285715,
                0.39285714285714285,
                0.46153846153846156,
                0.48148148148148145,
                0.5009259259259259
            ],
            0.42013064536501704
        ],
        "path_length_max": [
            867.7444226252017,
            829.1889359440606,
            867.7444226252017
        ],
        "path_length_avg": [
            362.0894976776419,
            359.5949163055187,
            364.20449236312226,
            [
                113.06671438724752,
                152.76819240970497,
                243.93079611363754,
                490.1269485627971,
                592.3297309433922,
                639.1304389825801
            ],
            368.74934293062387
        ],
        "path_node_count_max": [
            11.0,
            11.0,
            11.0
        ],
        "path_node_count_avg": [
            4.0,
            4.0,
            4.0,
            [
                1.0,
                1.0,
                3.0,
                6.0,
                7.0,
                8.0
            ],
            4.233183361395567
        ],
        "path_jumper_count_max": [
            2.0,
            2.0,
            2.0
        ],
        "path_jumper_count_avg": [
            0.0,
            0.0,
            0.0,
            [
                0.0,
                0.0,
                0.0,
                0.0,
                0.0,
                1.0
            ],
            0.07800380910320462
        ],
        "path_sensor_jumper_length_max": [
            39.99984945511523,
            39.996349991883505,
            39.99984945511523
        ],
        "path_sensor_jumper_length_avg": [
            15.608678554749043,
            15.420084679805232,
            15.773976808616517,
            [
                1.4141218303502978,
                2.8141152086544787,
                7.263572639115705,
                25.745622710880614,
                33.485676594363994,
                36.59441338839155
            ],
            16.904706786546356
        ],
        "path_router_node_branches_max": [
            2.0,
            2.0,
            2.0
        ],
        "path_router_node_branches_avg": [
            2.0,
            2.0,
            2.0,
            [
                2.0,
                2.0,
                2.0,
                2.0,
                2.0,
                2.0
            ],
            2.0
        ],
        "graph_max_wire_length": [
            652.6174689253221,
            631.3610262484535,
            681.1827268226479,
            [
                499.4123039517609,
                521.0310840863222,
                582.6789318263668,
                714.2605314328665,
                751.7690888762489,
                771.2822304191232
            ],
            647.7818404868907
        ],
        "graph_avg_wire_length": [
            368.63631493563423,
            349.27520678797185,
            390.4019127645896,
            [
                295.21598935226683,
                307.2408318783809,
                332.86860199357267,
                410.67680354473896,
                445.662688692708,
                478.4894156470518
            ],
            374.53659809207
        ],
        "graph_max_node_count": [
            9.0,
            9.0,
            9.0,
            [
                7.0,
                7.0,
                8.0,
                10.0,
                10.0,
                11.0
            ],
            8.98
        ],
        "graph_avg_node_count": [
            5.081081081081081,
            4.987500000000001,
            5.45,
            [
                4.2368421052631575,
                4.260526315789474,
                4.6,
                5.658552631578948,
                5.905263157894738,
                6.176710526315788
            ],
            5.1546230117677485
        ],