{
    "total_wire_length": 1909.5320565070497,
    "total_jumper_length": 140.1122329862781,
    "total_jumper_count": 3,
    "center_node_count": 9,
    "edge_node_count": 11,
    "total_node_count": 20,
    "reachable_node_count": [
        8.0,
        8.0,
        12.0,
        [
            8.0,
            8.0,
            8.0,
            12.0,
            12.0,
            12.0
        ],
        9.92
    ],
    "unreachable_node_count": [
        12.0,
        8.0,
        12.0,
        [
            8.0,
            8.0,
            8.0,
            12.0,
            12.0,
            12.0
        ],
        10.08
    ],
    "reachable_wire_length": [
        854.347193805475,
        854.347193805475,
        1055.1848627015745,
        [
            854.347193805475,
            854.347193805475,
            854.347193805475,
            1055.1848627015745,
            1055.1848627015745,
            1055.1848627015745
        ],
        950.7492748756029
    ],
    "unreachable_wire_length": [
        1055.1848627015745,
        854.347193805475,
        1055.1848627015745,
        [
            854.347193805475,
            854.347193805475,
            854.347193805475,
            1055.1848627015745,
            1055.1848627015745,
            1055.1848627015745
        ],
        958.7827816314468
    ],
    "reachable_jumper_length": [
        2.401338736817086,
        2.401338736817086,
        137.710894249461,
        [
            2.401338736817086,
            2.401338736817086,
            2.401338736817086,
            137.710894249461,
            137.710894249461,
            137.710894249461
        ],
        67.34992538288617
    ],
    "unreachable_jumper_length": [
        137.710894249461,
        2.401338736817086,
        137.710894249461,
        [
            2.401338736817086,
            2.401338736817086,
            2.401338736817086,
            137.710894249461,
            137.710894249461,
            137.710894249461
        ],
        72.76230760339192
    ],
    "reachable_jumper_count": [
        1.0,
        1.0,
        2.0,
        [
            1.0,
            1.0,
            1.0,
            2.0,
            2.0,
            2.0
        ],
        1.48
    ],
    "unreachable_jumper_count": [
        2.0,
        1.0,
        2.0,
        [
            1.0,
            1.0,
            1.0,
            2.0,
            2.0,
            2.0
        ],
        1.52
    ],
    "shortest_path": {
        "percent_useful_node_count": [
            0.35,
            0.35,
            0.45,
            [
                0.3,
                0.3,
                0.3,
                0.45,
                0.5,
                0.5
            ],
            0.38449999999999995
        ],
        "percent_useful_wire_length": 42.93865237505643,
        "percent_reachable_sensors": 0.42089,
        "percent_useful_jumper_count": [
            0.3333333333333333,
            0.3333333333333333,
            0.6666666666666666,
            [
                0.3333333333333333,
                0.3333333333333333,
                0.3333333333333333,
                0.6666666666666666,
                0.6666666666666666,
                0.6666666666666666
            ],
            0.47666666666666674
        ],
        "percent_useful_jumper_length": [
            0.0,
            0.0,
            0.0,
            [
                0.0,
                0.0,
                0.0,
                0.0,
                0.0,
                0.0
            ],
            0.0
        ],
        "percent_unreachable_bc_short_jumper": 0.15358,
        "percent_multiroute_reached_nodes": [
            0.3333333333333333,
            0.3333333333333333,
            0.4,
            [
                0.16666666666666666,
                0.16666666666666666,
                0.2857142857142857,
                0.4444444444444444,
                0.4444444444444444,
                0.5
            ],
            0.35829761904761903
        ],
        "path_length_max": [
            1024.6206267492921,
            1005.5699353562921,
            1024.6206267492921
        ],
        "path_length_avg": [
            336.7275755232768,
            334.6782718848701,
            338.94363379949954,
            [
                140.37469258079693,
                172.9691810732518,
                237.5321846185239,
                456.79709187782504,
                586.1940807862951,
                671.3042088891691
            ],
            360.3943037976298
        ],
        "path_node_count_max": [
            8.0,
            7.0,
            8.0
        ],
        "path_node_count_avg": [
            2.0,
            2.0,
            2.0,
            [
                1.0,
                1.0,
                1.0,
                3.0,
                4.0,
                6.0
            ],
            2.2286820784528025
        ],
        "path_jumper_count_max": [
            2.0,
            2.0,
            2.0
        ],
        "path_jumper_count_avg": [
            0.0,
            0.0,
            0.0,
            [
                0.0,
                0.0,
                0.0,
                1.0,
                1.0,
                2.0
            ],
            0.42286583192758204
        ],
        "path_sensor_jumper_length_max": [
            159.98742450846873,
            159.9451295743355,
            159.98742450846873
        ],
        "path_sensor_jumper_length_avg": [
            45.44279839651375,
            44.88054028132677,
            45.98278347977603,
            [
                3.691723938605997,
                7.467657753493522,
                19.883070385011163,
                84.2164346388128,
                121.22960259076528,
                138.10847259757634
            ],
            55.27730807786619
        ],
        "path_router_node_branches_max": [
            2.0,
            2.0,
            2.0
        ],
        "path_router_node_branches_avg": [
            2.0,
            2.0,
            2.0,
            [
                2.0,
                2.0,
                2.0,
                2.0,
                2.0,
                2.0
            ],
            2.0
        ],
        "graph_max_wire_length": [
            473.8470617755007,
            455.3619379140422,
            513.7142254541021,
            [
                288.8605183687133,
                310.3973369249373,
                392.25377227074506,
                626.4128800092449,
                764.4084410393514,
                788.6813749943025
            ],
            512.8481988938869
        ],
        "graph_avg_wire_length": [
            275.8851637220696,
            262.3754691225968,
            294.3856841304313,
            [
                180.2754396082891,
                188.82774225172142,
                235.80261046192226,
                359.6796908937052,
                418.1789875678326,
                471.48791799147364
            ],
            297.66422457612623
        ],
        "graph_max_node_count": [
            5.0,
            5.0,
            5.0,
            [
                3.0,
                4.0,
                4.0,
                7.0,
                8.0,
                8.0
            ],
            5.38
        ],
        "graph_avg_node_count": [
            2.625,
            2.3333333333333335,
            2.8666666666666667,
            [
                2.125,
                2.125,
                2.3333333333333335,
                3.1375,
                3.7,
                3.7
            ],
            2.757916666666666
        ],
        "graph_max_jumper_count": [
            1.0,
            1.0,
            1.0,
            [
                1.0,
                1.0,
                1.0,
                2.0,
                2.0,
                2.0
            ],
            1.32
        ],