{
    "total_wire_length": 38188.18980359196,
    "total_jumper_length": 210.6663692299167,
    "total_jumper_count": 18,
    "center_node_count": 95,
    "edge_node_count": 121,
    "total_node_count": 216,
    "reachable_node_count": [
        216.0,
        216.0,
        216.0,
        [
            216.0,
            216.0,
            216.0,
            216.0,
            216.0,
            216.0
        ],
        216.0
    ],
    "unreachable_node_count": [
        0.0,
        0.0,
        0.0,
        [
            0.0,
            0.0,
            0.0,
            0.0,
            0.0,
            0.0
        ],
        0.0
    ],
    "reachable_wire_length": [
        38188.189803591966,
        38188.189803591966,
        38188.189803591966,
        [
            38188.189803591966,
            38188.189803591966,
            38188.189803591966,
            38188.189803591966,
            38188.189803591966,
            38188.189803591966
        ],
        38188.18980359197
    ],
    "unreachable_wire_length": [
        0.0,
        0.0,
        0.0,
        [
            0.0,
            0.0,
            0.0,
            0.0,
            0.0,
            0.0
        ],
        0.0
    ],
    "reachable_jumper_length": [
        210.66636922991674,
        210.66636922991674,
        210.66636922991674,
        [
            210.66636922991674,
            210.66636922991674,
            210.66636922991674,
            210.66636922991674,
            210.66636922991674,
            210.66636922991674
        ],
        210.66636922991663
    ],
    "unreachable_jumper_length": [
        0.0,
        0.0,
        0.0,
        [
            0.0,
            0.0,
            0.0,
            0.0,
            0.0,
            0.0
        ],
        0.0
    ],
    "reachable_jumper_count": [
        18.0,
        18.0,
        18.0,
        [
            18.0,
            18.0,
            18.0,
            18.0,
            18.0,
            18.0
        ],
        18.0
    ],
    "unreachable_jumper_count": [
        0.0,
        0.0,
        0.0,
        [
            0.0,
            0.0,
            0.0,
            0.0,
            0.0,
            0.0
        ],
        0.0
    ],
    "shortest_path": {
        "percent_useful_node_count": [
            0.5555555555555556,
            0.5509259259259259,
            0.5601851851851852,
            [
                0.5231481481481481,
                0.5277777777777778,
                0.5462962962962963,
                0.5648148148148148,
                0.5740740740740741,
                0.5740740740740741
            ],
            0.5533333333333333
        ],
        "percent_useful_wire_length": 39.77260255738343,
        "percent_reachable_sensors": 0.54301,
        "percent_useful_jumper_count": [
            0.7222222222222222,
            0.7222222222222222,
            0.7777777777777778,
            [
                0.5555555555555556,
                0.6111111111111112,
                0.6666666666666666,
                0.7777777777777778,
                0.8333333333333334,
                0.8333333333333334
            ],
            0.727222222222222
        ],
        "percent_useful_jumper_length": [
            0.2222222222222222,
            0.19444444444444442,
            0.2222222222222222,
            [
                0.16666666666666666,
                0.16666666666666666,
                0.16666666666666666,
                0.2222222222222222,
                0.2777777777777778,
                0.2777777777777778
            ],
            0.20833333333333331
        ],
        "percent_unreachable_bc_short_jumper": 0.45699,
        "percent_multiroute_reached_nodes": [
            0.5470085470085471,
            0.5413251366120219,
            0.5537190082644629,
            [
                0.5081901110523532,
                0.5125842072366136,
                0.5254237288135594,
                0.5669491525423729,
                0.5904695748819117,
                0.6057017543859649
            ],
            0.5498146497436609
        ],
        "path_length_max": [
            2526.284676755998,
            2475.5606633413236,
            2526.284676755998
        ],
        "path_length_avg": [
            962.2726705758749,
            957.67136867916,
            966.3565515372668,
            [
                306.8749877690333,
                419.99283437550713,
                667.8202471857651,
                1284.0105363820476,
                1602.2704765289627,
                1773.366117502729
            ],
            991.4149489729065
        ],
        "path_node_count_max": [
            21.0,
            21.0,
            21.0
        ],
        "path_node_count_avg": [
            8.0,
            8.0,
            8.0,
            [
                2.0,
                3.0,
                5.0,
                11.0,
                14.0,
                15.0
            ],
            8.095117953628847
        ],
        "path_jumper_count_max": [
            5.0,
            4.0,
            5.0
        ],
        "path_jumper_count_avg": [
            1.0,
            1.0,
            1.0,
            [
                0.0,
                0.0,
                0.0,
                1.0,
                2.0,
                2.0
            ],
            1.0160402202537706
        ],
        "path_sensor_jumper_length_max": [
            19.99886016426532,
            19.998112222776452,
            19.99886016426532
        ],
        "path_sensor_jumper_length_avg": [
            8.87083922165005,
            8.774997264306151,
            8.945137973949667,
            [
                0.8361776694894784,
                1.6696563930902986,
                4.24069299241846,
                14.007364303400266,
                17.4560383993123,
                18.673251159638234
            ],
            9.226693724536181
        ],
        "path_router_node_branches_max": [
            4.0,
            4.0,
            4.0
        ],
        "path_router_node_branches_avg": [
            3.0,
            2.0,
            3.0,
            [
                2.0,
                2.0,
                2.0,
                3.0,
                4.0,
                4.0
            ],
            2.7205882352941178
        ],
        "graph_max_wire_length": [
            1918.737147568886,
            1863.95602747767,
            1975.8929973324578,
            [
                1509.6734052656616,
                1570.756002813984,
                1733.1529601869536,
                2119.069420776684,
                2292.8748776671305,
                2373.1651222395376
            ],
            1933.5968077959246
        ],
        "graph_avg_wire_length": [
            974.0735870189019,
            944.8240667771868,
            1000.4588800999296,
            [
                822.0170512061119,
                832.4800329230194,
                913.2486841149897,
                1090.6779687765775,
                1260.6505728356283,
                1347.7494033569517
            ],
            1022.9458667031826
        ],
        "graph_max_node_count": [
            17.0,
            16.0,
            18.0,
            [
                12.95,
                13.0,
                14.0,
                18.0,
                20.0,
                21.0
            ],
            16.66
        ],
        "graph_avg_node_count": [
            8.77719638242894,
            8.335648148148149,
            9.076617110067815,
            [
                7.303271028037383,
                7.458604651162791,
                8.037091121495326,
                9.860801382368283,
                11.297539682539684,
                12.023148148148149
            ],
            9.073762350512025
        ],