{
    "total_wire_length": 90706.80193458628,
    "total_jumper_length": 1088.8790161008626,
    "total_jumper_count": 106,
    "center_node_count": 451,
    "edge_node_count": 285,
    "total_node_count": 736,
    "reachable_node_count": [
        736.0,
        736.0,
        736.0,
        [
            736.0,
            736.0,
            736.0,
            736.0,
            736.0,
            736.0
        ],
        736.0
    ],
    "unreachable_node_count": [
        0.0,
        0.0,
        0.0,
        [
            0.0,
            0.0,
            0.0,
            0.0,
            0.0,
            0.0
        ],
        0.0
    ],
    "reachable_wire_length": [
        90706.80193458627,
        90706.80193458627,
        90706.80193458627,
        [
            90706.80193458627,
            90706.80193458627,
            90706.80193458627,
            90706.80193458627,
            90706.80193458627,
            90706.80193458627
        ],
        90706.8019345863
    ],
    "unreachable_wire_length": [
        0.0,
        0.0,
        0.0,
        [
            0.0,
            0.0,
            0.0,
            0.0,
            0.0,
            0.0
        ],
        0.0
    ],
    "reachable_jumper_length": [
        1088.8790161008626,
        1088.8790161008626,
        1088.8790161008626,
        [
            1088.8790161008626,
            1088.8790161008626,
            1088.8790161008626,
            1088.8790161008626,
            1088.8790161008626,
            1088.8790161008626
        ],
        1088.8790161008626
    ],
    "unreachable_jumper_length": [
        0.0,
        0.0,
        0.0,
        [
            0.0,
            0.0,
            0.0,
            0.0,
            0.0,
            0.0
        ],
        0.0
    ],
    "reachable_jumper_count": [
        106.0,
        106.0,
        106.0,
        [
            106.0,
            106.0,
            106.0,
            106.0,
            106.0,
            106.0
        ],
        106.0
    ],
    "unreachable_jumper_count": [
        0.0,
        0.0,
        0.0,
        [
            0.0,
            0.0,
            0.0,
            0.0,
            0.0,
            0.0
        ],
        0.0
    ],
    "shortest_path": {
        "percent_useful_node_count": [
            0.6929347826086957,
            0.688858695652174,
            0.6970278532608696,
            [
                0.6683423913043478,
                0.6751358695652174,
                0.6830842391304348,
                0.7024456521739131,
                0.7066576086956522,
                0.709375
            ],
            0.6916576086956522
        ],
        "percent_useful_wire_length": 37.86426587764576,
        "percent_reachable_sensors": 0.85687,
        "percent_useful_jumper_count": [
            0.4528301886792453,
            0.44339622641509435,
            0.4716981132075472,
            [
                0.3768867924528302,
                0.3867924528301887,
                0.42452830188679247,
                0.4811320754716981,
                0.5188679245283019,
                0.5283018867924528
            ],
            0.4531132075471698
        ],
        "percent_useful_jumper_length": [
            0.03773584905660377,
            0.03773584905660377,
            0.04716981132075472,
            [
                0.02830188679245283,
                0.02830188679245283,
                0.02830188679245283,
                0.04716981132075472,
                0.05660377358490566,
                0.05660377358490566
            ],
            0.04094339622641509
        ],
        "percent_unreachable_bc_short_jumper": 0.14313,
        "percent_multiroute_reached_nodes": [
            0.3849112370690462,
            0.37572254335260113,
            0.3872832369942196,
            [
                0.3470178859601937,
                0.35316286277824743,
                0.36489111773741756,
                0.39504169010611323,
                0.41114557882889063,
                0.4200148901608911
            ],
            0.38188080970860566
        ],
        "path_length_max": [
            2587.5988332339557,
            2560.7675236982104,
            2587.5988332339557
        ],
        "path_length_avg": [
            887.7211321997592,
            884.4191186140405,
            890.9221054471966,
            [
                282.56406826281824,
                387.68406418495357,
                609.1237257987524,
                1186.5604528424128,
                1484.5448923745098,
                1664.2471548347517
            ],
            917.4545257474181
        ],
        "path_node_count_max": [
            42.0,
            41.0,
            42.0
        ],
        "path_node_count_avg": [
            13.0,
            13.0,
            13.0,
            [
                4.0,
                5.0,
                9.0,
                17.0,
                22.0,
                25.0
            ],
            13.355853279960787
        ],
        "path_jumper_count_max": [
            7.0,
            7.0,
            7.0
        ],
        "path_jumper_count_avg": [
            1.0,
            1.0,
            1.0,
            [
                0.0,
                0.0,
                0.0,
                2.0,
                2.0,
                3.0
            ],
            1.1368468962619767
        ],
        "path_sensor_jumper_length_max": [
            19.999059437832774,
            19.994717054483992,
            19.999059437832774
        ],
        "path_sensor_jumper_length_avg": [
            7.366698341637654,
            7.310713132396121,
            7.42629969507337,
            [
                0.641411026137255,
                1.297423608591312,
                3.3861953606785025,
                12.296069691057774,
                16.25839752132758,
                17.96670164774456
            ],
            8.098734027570618
        ],
        "path_router_node_branches_max": [
            4.0,
            4.0,
            4.0
        ],
        "path_router_node_branches_avg": [
            2.0,
            2.0,
            2.0,
            [
                2.0,
                2.0,
                2.0,
                2.25,
                3.0,
                3.0
            ],
            2.297872340425532
        ],
        "graph_max_wire_length": [
            1893.6649196293217,
            1833.6914131420071,
            1962.0395960470184,
            [
                1562.8255709202067,
                1628.4106397915841,
                1740.8992286427288,
                2064.4543130833263,
                2230.9424566905973,
                2424.52165901387
            ],
            1922.6172742433635
        ],
        "graph_avg_wire_length": [
            887.9574976951594,
            849.3990184817826,
            915.1608309763417,
            [
                767.5719365879895,
                776.9932702621953,
                812.2124712745667,
                980.1921627257223,
                1109.1076955048707,
                1260.8441815277542
            ],
            921.8790300669461
        ],
        "graph_max_node_count": [
            30.5,
            29.5,
            31.5,
            [
                25.0,
                25.9,
                28.0,
                33.0,
                37.0,
                40.0
            ],
            30.99
        ],
        "graph_avg_node_count": [
            13.586034457736405,
            13.135761259083619,
            14.190306991332168,
            [
                11.922653104471287,
                11.967723080608456,
                12.48409972886192,
                15.402245657874186,
                17.06420312958604,
                18.850436372896265
            ],
            14.156614354867
        ],