{
    "total_wire_length": 15352.214242502148,
    "total_jumper_length": 78.93085978565776,
    "total_jumper_count": 19,
    "center_node_count": 77,
    "edge_node_count": 111,
    "total_node_count": 188,
    "reachable_node_count": [
        188.0,
        188.0,
        188.0,
        [
            188.0,
            188.0,
            188.0,
            188.0,
            188.0,
            188.0
        ],
        188.0
    ],
    "unreachable_node_count": [
        0.0,
        0.0,
        0.0,
        [
            0.0,
            0.0,
            0.0,
            0.0,
            0.0,
            0.0
        ],
        0.0
    ],
    "reachable_wire_length": [
        15352.214242502148,
        15352.214242502148,
        15352.214242502148,
        [
            15352.214242502148,
            15352.214242502148,
            15352.214242502148,
            15352.214242502148,
            15352.214242502148,
            15352.214242502148
        ],
        15352.214242502147
    ],
    "unreachable_wire_length": [
        0.0,
        0.0,
        0.0,
        [
            0.0,
            0.0,
            0.0,
            0.0,
            0.0,
            0.0
        ],
        0.0
    ],
    "reachable_jumper_length": [
        78.93085978565777,
        78.93085978565777,
        78.93085978565777,
        [
            78.93085978565777,
            78.93085978565777,
            78.93085978565777,
            78.93085978565777,
            78.93085978565777,
            78.93085978565777
        ],
        78.93085978565777
    ],
    "unreachable_jumper_length": [
        0.0,
        0.0,
        0.0,
        [
            0.0,
            0.0,
            0.0,
            0.0,
            0.0,
            0.0
        ],
        0.0
    ],
    "reachable_jumper_count": [
        19.0,
        19.0,
        19.0,
        [
            19.0,
            19.0,
            19.0,
            19.0,
            19.0,
            19.0
        ],
        19.0
    ],
    "unreachable_jumper_count": [
        0.0,
        0.0,
        0.0,
        [
            0.0,
            0.0,
            0.0,
            0.0,
            0.0,
            0.0
        ],
        0.0
    ],
    "shortest_path": {
        "percent_useful_node_count": [
            0.5531914893617021,
            0.5478723404255319,
            0.5585106382978723,
            [
                0.5316489361702128,
                0.5372340425531915,
                0.5425531914893617,
                0.5651595744680851,
                0.574468085106383,
                0.5800531914893616
            ],
            0.5545212765957447
        ],
        "percent_useful_wire_length": 40.04429521563179,
        "percent_reachable_sensors": 0.54302,
        "percent_useful_jumper_count": [
            0.7368421052631579,
            0.7368421052631579,
            0.7368421052631579,
            [
                0.5789473684210527,
                0.631578947368421,
                0.6842105263157895,
                0.7894736842105263,
                0.8421052631578947,
                0.8421052631578947
            ],
            0.7215789473684211
        ],
        "percent_useful_jumper_length": [
            0.21052631578947367,
            0.21052631578947367,
            0.21052631578947367,
            [
                0.15789473684210525,
                0.15789473684210525,
                0.15789473684210525,
                0.2631578947368421,
                0.2684210526315794,
                0.3157894736842105
            ],
            0.21684210526315792
        ],
        "percent_unreachable_bc_short_jumper": 0.45698,
        "percent_multiroute_reached_nodes": [
            0.5343170239354033,
            0.5265271810199887,
            0.542456608811749,
            [
                0.48123918310834196,
                0.4864359686789594,
                0.5144937586685159,
                0.5560897435897436,
                0.5754716981132075,
                0.5825242718446602
            ],
            0.5340236366021582
        ],
        "path_length_max": [
            918.5898949144134,
            904.3348949144134,
            918.5898949144134
        ],
        "path_length_avg": [
            418.0330064513805,
            416.3462182111916,
            419.4334041533236,
            [
                142.12303391857924,
                190.09818374949464,
                296.74534774540035,
                526.1038114452025,
                625.1222744282338,
                676.4478779272923
            ],
            412.72409303764607
        ],
        "path_node_count_max": [
            18.0,
            17.0,
            18.0
        ],
        "path_node_count_avg": [
            7.0,
            7.0,
            7.0,
            [
                2.0,
                2.0,
                4.0,
                9.0,
                10.0,
                11.0
            ],
            6.59898346285588
        ],
        "path_jumper_count_max": [
            3.0,
            3.0,
            3.0
        ],
        "path_jumper_count_avg": [
            1.0,
            1.0,
            1.0,
            [
                0.0,
                0.0,
                0.0,
                1.0,
                2.0,
                2.0
            ],
            0.7742072115207543
        ],
        "path_sensor_jumper_length_max": [
            9.99989586181471,
            9.998114294263274,
            9.99989586181471
        ],
        "path_sensor_jumper_length_avg": [
            4.4316377396614275,
            4.390390822061049,
            4.4731681562082795,
            [
                0.39560401342300466,
                0.8026621812990061,
                2.1141417866204533,
                7.019300313836069,
                8.748909913444498,
                9.369362371818484
            ],
            4.612631765406306
        ],
        "path_router_node_branches_max": [
            4.0,
            4.0,
            4.0
        ],
        "path_router_node_branches_avg": [
            3.0,
            2.0,
            3.0,
            [
                2.0,
                2.0,
                2.0,
                3.0,
                4.0,
                4.0
            ],
            2.730769230769231
        ],
        "graph_max_wire_length": [
            749.9341228347223,
            725.402899589343,
            770.9453544395695,
            [
                598.759303406526,
                620.6939288658614,
                688.0449649774316,
                796.7498045936404,
                841.135341312198,
                894.0985990694988
            ],
            743.1559626414553
        ],
        "graph_avg_wire_length": [
            428.91875703994845,
            416.411143676752,
            437.1375700032996,
            [
                364.1002936886756,
                365.98173896110615,
                390.30401926932075,
                477.87633747112034,
                502.00293638913814,
                515.1851512362965
            ],
            432.6735654989089
        ],
        "graph_max_node_count": [
            14.0,
            13.0,
            15.0,
            [
                11.0,
                11.9,
                12.0,
                16.0,
                17.0,
                17.0
            ],
            14.12
        ],
        "graph_avg_node_count": [
            7.426283709964924,
            7.287138240677191,
            7.648936170212766,
            [
                6.579255319148936,
                6.670784655623366,
                6.849734042553192,
                8.370320855614974,
                9.005494505494505,
                9.24084773297888
            ],
            7.681809626207346
        ],