{
    "total_wire_length": 23523.895080411392,
    "total_jumper_length": 1553.8263704389335,
    "total_jumper_count": 81,
    "center_node_count": 120,
    "edge_node_count": 142,
    "total_node_count": 262,
    "reachable_node_count": [
        262.0,
        262.0,
        262.0,
        [
            262.0,
            262.0,
            262.0,
            262.0,
            262.0,
            262.0
        ],
        262.0
    ],
    "unreachable_node_count": [
        0.0,
        0.0,
        0.0,
        [
            0.0,
            0.0,
            0.0,
            0.0,
            0.0,
            0.0
        ],
        0.0
    ],
    "reachable_wire_length": [
        23523.89508041139,
        23523.89508041139,
        23523.89508041139,
        [
            23523.89508041139,
            23523.89508041139,
            23523.89508041139,
            23523.89508041139,
            23523.89508041139,
            23523.89508041139
        ],
        23523.895080411392
    ],
    "unreachable_wire_length": [
        0.0,
        0.0,
        0.0,
        [
            0.0,
            0.0,
            0.0,
            0.0,
            0.0,
            0.0
        ],
        0.0
    ],
    "reachable_jumper_length": [
        1553.8263704389328,
        1553.8263704389328,
        1553.8263704389328,
        [
            1553.8263704389328,
            1553.8263704389328,
            1553.8263704389328,
            1553.8263704389328,
            1553.8263704389328,
            1553.8263704389328
        ],
        1553.8263704389328
    ],
    "unreachable_jumper_length": [
        0.0,
        0.0,
        0.0,
        [
            0.0,
            0.0,
            0.0,
            0.0,
            0.0,
            0.0
        ],
        0.0
    ],
    "reachable_jumper_count": [
        81.0,
        81.0,
        81.0,
        [
            81.0,
            81.0,
            81.0,
            81.0,
            81.0,
            81.0
        ],
        81.0
    ],
    "unreachable_jumper_count": [
        0.0,
        0.0,
        0.0,
        [
            0.0,
            0.0,
            0.0,
            0.0,
            0.0,
            0.0
        ],
        0.0
    ],
    "shortest_path": {
        "percent_useful_node_count": [
            0.7137404580152672,
            0.7099236641221374,
            0.7213740458015268,
            [
                0.682824427480916,
                0.6866412213740458,
                0.7022900763358778,
                0.7290076335877863,
                0.7408396946564886,
                0.7519083969465649
            ],
            0.7143511450381681
        ],
        "percent_useful_wire_length": 43.95463496798363,
        "percent_reachable_sensors": 0.9981,
        "percent_useful_jumper_count": [
            0.5061728395061729,
            0.49382716049382713,
            0.5185185185185185,
            [
                0.4444444444444444,
                0.4567901234567901,
                0.478395061728395,
                0.5339506172839507,
                0.5555555555555556,
                0.5679012345679012
            ],
            0.5065432098765431
        ],
        "percent_useful_jumper_length": [
            0.04938271604938271,
            0.04938271604938271,
            0.06172839506172839,
            [
                0.037037037037037035,
                0.037037037037037035,
                0.046296296296296294,
                0.06172839506172839,
                0.06172839506172839,
                0.07407407407407407
            ],
            0.05320987654320988
        ],
        "percent_unreachable_bc_short_jumper": 0.0019,
        "percent_multiroute_reached_nodes": [
            0.4414827391058291,
            0.4353866223908919,
            0.45263157894736844,
            [
                0.40383838383838383,
                0.40758856682769723,
                0.4258549268464657,
                0.4756756756756757,
                0.4922372704022321,
                0.5030193572288598
            ],
            0.4478639101730909
        ],
        "path_length_max": [
            1511.3691330813344,
            1484.2753902907439,
            1511.3691330813344
        ],
        "path_length_avg": [
            509.25870212110664,
            507.69667341879904,
            511.0043418330874,
            [
                167.60244889643198,
                226.86976224757373,
                356.53520079205794,
                678.8481670871583,
                849.5764477492858,
                952.3065832265574
            ],
            528.1845931843388
        ],
        "path_node_count_max": [
            26.0,
            25.0,
            26.0
        ],
        "path_node_count_avg": [
            8.0,
            8.0,
            8.0,
            [
                2.0,
                3.0,
                5.0,
                11.0,
                14.0,
                16.0
            ],
            8.382677086464282
        ],
        "path_jumper_count_max": [
            7.0,
            7.0,
            7.0
        ],
        "path_jumper_count_avg": [
            1.0,
            1.0,
            1.0,
            [
                0.0,
                0.0,
                0.0,
                2.0,
                3.0,
                4.0
            ],
            1.2629195471395651
        ],
        "path_sensor_jumper_length_max": [
            39.997999999999934,
            39.95348390081226,
            39.997999999999934
        ],
        "path_sensor_jumper_length_avg": [
            8.9374534137554,
            8.874189038354398,
            9.002999999999947,
            [
                0.7628683804027272,
                1.5445319365467278,
                4.014196933815347,
                15.715105145932558,
                23.271545874798125,
                28.447549999999968
            ],
            10.864445987239508
        ],
        "path_router_node_branches_max": [
            4.0,
            4.0,
            4.0
        ],
        "path_router_node_branches_avg": [
            2.0,
            2.0,
            2.0,
            [
                2.0,
                2.0,
                2.0,
                3.0,
                3.0,
                3.700000000000003
            ],
            2.425287356321839
        ],
        "graph_max_wire_length": [
            1029.3579491168548,
            1003.6337376406251,
            1063.2580141653136,
            [
                835.3180984879086,
                867.7356439619521,
                938.1413085346991,
                1134.9219616157834,
                1248.3168149957291,
                1394.8723399175549
            ],
            1050.218824596138
        ],
        "graph_avg_wire_length": [
            506.46185540802287,
            483.4861514360622,
            524.1680120643676,
            [
                411.5205372423157,
                430.45427298371885,
                458.82962422632016,
                561.3791179608381,
                641.0884791484548,
                744.5484586950284
            ],
            525.0151718328344
        ],
        "graph_max_node_count": [
            19.0,
            19.0,
            20.0,
            [
                16.0,
                16.0,
                18.0,
                21.0,
                23.0,
                24.049999999999997
            ],
            19.57
        ],
        "graph_avg_node_count": [
            8.891666666666666,
            8.399039103162952,
            9.139531320017923,
            [
                7.388859126984127,
                7.696956097560975,
                8.015182186234817,
                9.744891908376253,
                11.337853466064992,
                12.860368589743588
            ],
            9.181225512498004
        ],