{
    "total_wire_length": 16811.713071534592,
    "total_jumper_length": 516.959524272781,
    "total_jumper_count": 22,
    "center_node_count": 43,
    "edge_node_count": 81,
    "total_node_count": 124,
    "reachable_node_count": [
        124.0,
        124.0,
        124.0,
        [
            124.0,
            124.0,
            124.0,
            124.0,
            124.0,
            124.0
        ],
        124.0
    ],
    "unreachable_node_count": [
        0.0,
        0.0,
        0.0,
        [
            0.0,
            0.0,
            0.0,
            0.0,
            0.0,
            0.0
        ],
        0.0
    ],
    "reachable_wire_length": [
        16811.713071534592,
        16811.713071534592,
        16811.713071534592,
        [
            16811.713071534592,
            16811.713071534592,
            16811.713071534592,
            16811.713071534592,
            16811.713071534592,
            16811.713071534592
        ],
        16811.71307153459
    ],
    "unreachable_wire_length": [
        0.0,
        0.0,
        0.0,
        [
            0.0,
            0.0,
            0.0,
            0.0,
            0.0,
            0.0
        ],
        0.0
    ],
    "reachable_jumper_length": [
        516.959524272781,
        516.959524272781,
        516.959524272781,
        [
            516.959524272781,
            516.959524272781,
            516.959524272781,
            516.959524272781,
            516.959524272781,
            516.959524272781
        ],
        516.959524272781
    ],
    "unreachable_jumper_length": [
        0.0,
        0.0,
        0.0,
        [
            0.0,
            0.0,
            0.0,
            0.0,
            0.0,
            0.0
        ],
        0.0
    ],
    "reachable_jumper_count": [
        22.0,
        22.0,
        22.0,
        [
            22.0,
            22.0,
            22.0,
            22.0,
            22.0,
            22.0
        ],
        22.0
    ],
    "unreachable_jumper_count": [
        0.0,
        0.0,
        0.0,
        [
            0.0,
            0.0,
            0.0,
            0.0,
            0.0,
            0.0
        ],
        0.0
    ],
    "shortest_path": {
        "percent_useful_node_count": [
            0.5887096774193549,
            0.5846774193548387,
            0.5967741935483871,
            [
                0.5560483870967742,
                0.5564516129032258,
                0.5725806451612904,
                0.6048387096774194,
                0.6129032258064516,
                0.6209677419354839
            ],
            0.5874999999999999
        ],
        "percent_useful_wire_length": 44.10999969356154,
        "percent_reachable_sensors": 0.84276,
        "percent_useful_jumper_count": [
            0.7272727272727273,
            0.7272727272727273,
            0.7272727272727273,
            [
                0.5909090909090909,
                0.6363636363636364,
                0.6818181818181818,
                0.7727272727272727,
                0.7727272727272727,
                0.8181818181818182
            ],
            0.7127272727272731
        ],
        "percent_useful_jumper_length": [
            0.13636363636363635,
            0.13636363636363635,
            0.13636363636363635,
            [
                0.13636363636363635,
                0.13636363636363635,
                0.13636363636363635,
                0.18181818181818182,
                0.18181818181818182,
                0.2295454545454544
            ],
            0.15818181818181817
        ],
        "percent_unreachable_bc_short_jumper": 0.15724,
        "percent_multiroute_reached_nodes": [
            0.5400071123755334,
            0.5333333333333333,
            0.546060606060606,
            [
                0.4868421052631579,
                0.4935064935064935,
                0.5184722222222222,
                0.5719047619047619,
                0.6056338028169014,
                0.6142857142857143
            ],
            0.5441614973988553
        ],
        "path_length_max": [
            2127.3094039662597,
            2068.506540019203,
            2127.3094039662597
        ],
        "path_length_avg": [
            752.1314262080875,
            749.1253367746124,
            755.0176754708119,
            [
                224.26367170194564,
                316.19996828614944,
                514.4842501041584,
                992.9975761237242,
                1226.1355487827852,
                1358.0038064550217
            ],
            764.8808430239682
        ],
        "path_node_count_max": [
            21.0,
            21.0,
            21.0
        ],
        "path_node_count_avg": [
            7.0,
            7.0,
            7.0,
            [
                1.0,
                2.0,
                4.0,
                9.0,
                11.0,
                13.0
            ],
            6.857195405572168
        ],
        "path_jumper_count_max": [
            6.0,
            6.0,
            6.0
        ],
        "path_jumper_count_avg": [
            1.0,
            1.0,
            1.0,
            [
                0.0,
                0.0,
                1.0,
                2.0,
                3.0,
                3.0
            ],
            1.1921543499928806
        ],
        "path_sensor_jumper_length_max": [
            39.99924337428759,
            39.99794346831158,
            39.99924337428759
        ],
        "path_sensor_jumper_length_avg": [
            14.666782080847128,
            14.539800234414296,
            14.774338717910956,
            [
                1.301035909277014,
                2.607445163871928,
                6.75422496904595,
                24.567920216774144,
                32.58766926372914,
                35.86106109638758
            ],
            16.164223673527538
        ],
        "path_router_node_branches_max": [
            4.0,
            4.0,
            4.0
        ],
        "path_router_node_branches_avg": [
            3.0,
            2.0,
            3.0,
            [
                2.0,
                2.0,
                2.0,
                3.0,
                4.0,
                4.0
            ],
            2.6923076923076925
        ],
        "graph_max_wire_length": [
            1487.4896222042184,
            1453.704648426718,
            1524.0873742221193,
            [
                1153.1186189415366,
                1240.2592023900108,
                1374.8973791526062,
                1597.9948930333264,
                1835.567887751994,
                1902.7711498718336
            ],
            1502.0371781115539
        ],
        "graph_avg_wire_length": [
            745.3595224416389,
            719.231000055349,
            785.2637893699773,
            [
                606.9068850447333,
                621.7165373771365,
                667.4916934805971,
                847.1588463087734,
                998.2436513051728,
                1022.5283562264826
            ],
            773.9741777426548
        ],
        "graph_max_node_count": [
            15.0,
            14.0,
            16.0,
            [
                12.0,
                12.0,
                13.75,
                17.0,
                19.0,
                21.0
            ],
            15.39
        ],
        "graph_avg_node_count": [
            7.560714285714285,
            7.32488249537103,
            7.7478991596638656,
            [
                6.226470588235294,
                6.473337131462754,
                6.708521870286576,
                8.197376511580241,
                10.148936170212766,
                10.187645502645502
            ],
            7.763630024034617
        ],