{
    "total_wire_length": 312778.25184116187,
    "total_jumper_length": 198159.63232064186,
    "total_jumper_count": 5055,
    "center_node_count": 6256,
    "edge_node_count": 1048,
    "total_node_count": 7304,
    "reachable_node_count": [
        7304.0,
        7304.0,
        7304.0,
        [
            7304.0,
            7304.0,
            7304.0,
            7304.0,
            7304.0,
            7304.0
        ],
        7304.0
    ],
    "unreachable_node_count": [
        0.0,
        0.0,
        0.0,
        [
            0.0,
            0.0,
            0.0,
            0.0,
            0.0,
            0.0
        ],
        0.0
    ],
    "reachable_wire_length": [
        312778.2518411617,
        312778.2518411617,
        312778.2518411617,
        [
            312778.2518411617,
            312778.2518411617,
            312778.2518411617,
            312778.2518411617,
            312778.2518411617,
            312778.2518411617
        ],
        312778.25184116175
    ],
    "unreachable_wire_length": [
        0.0,
        0.0,
        0.0,
        [
            0.0,
            0.0,
            0.0,
            0.0,
            0.0,
            0.0
        ],
        0.0
    ],
    "reachable_jumper_length": [
        198159.6323206422,
        198159.6323206422,
        198159.6323206422,
        [
            198159.6323206422,
            198159.6323206422,
            198159.6323206422,
            198159.6323206422,
            198159.6323206422,
            198159.6323206422
        ],
        198159.6323206422
    ],
    "unreachable_jumper_length": [
        0.0,
        0.0,
        0.0,
        [
            0.0,
            0.0,
            0.0,
            0.0,
            0.0,
            0.0
        ],
        0.0
    ],
    "reachable_jumper_count": [
        5055.0,
        5055.0,
        5055.0,
        [
            5055.0,
            5055.0,
            5055.0,
            5055.0,
            5055.0,
            5055.0
        ],
        5055.0
    ],
    "unreachable_jumper_count": [
        0.0,
        0.0,
        0.0,
        [
            0.0,
            0.0,
            0.0,
            0.0,
            0.0,
            0.0
        ],
        0.0
    ],
    "shortest_path": {
        "percent_useful_node_count": [
            0.6343099671412924,
            0.6313663745892661,
            0.6382803943044907,
            [
                0.5969674151150055,
                0.6029983570646221,
                0.6223302300109529,
                0.6457078313253013,
                0.6554490690032858,
                0.6594126506024097
            ],
            0.632473986856517
        ],
        "percent_useful_wire_length": 29.386601966082043,
        "percent_reachable_sensors": 1.0,
        "percent_useful_jumper_count": [
            0.04253214638971316,
            0.040850642927794265,
            0.04342235410484668,
            [
                0.03421364985163205,
                0.03541048466864491,
                0.03778437190900099,
                0.04490603363006924,
                0.04674579624134521,
                0.04751730959446093
            ],
            0.04153709198813056
        ],
        "percent_useful_jumper_length": [
            0.000791295746785361,
            0.000791295746785361,
            0.0009891196834817012,
            [
                0.0005934718100890207,
                0.0005934718100890207,
                0.000791295746785361,
                0.0009891196834817012,
                0.0011869436201780415,
                0.0011869436201780415
            ],
            0.0008526211671612266
        ],
        "percent_unreachable_bc_short_jumper": 0.0,
        "percent_multiroute_reached_nodes": [
            0.22640824214512145,
            0.21598540594892554,
            0.23458859480996724,
            [
                0.14216956237892714,
                0.17004609852426103,
                0.19772679656400588,
                0.261474472888521,
                0.28849786817047696,
                0.29749582520186474
            ],
            0.2263090313546737
        ],
        "path_length_max": [
            2403.430884236076,
            2363.860191569519,
            2403.430884236076
        ],
        "path_length_avg": [
            822.9760304475649,
            819.6941122074148,
            825.8910300009131,
            [
                237.10102908417568,
                335.53660245478324,
                554.02891611264,
                1114.4235036536093,
                1409.9626892305487,
                1593.9437523486502
            ],
            854.3732374737546
        ],
        "path_node_count_max": [
            118.0,
            116.0,
            118.0
        ],
        "path_node_count_avg": [
            41.0,
            40.0,
            41.0,
            [
                12.0,
                17.0,
                28.0,
                54.0,
                68.0,
                76.0
            ],
            41.62336
        ],
        "path_jumper_count_max": [
            30.0,
            30.0,
            30.0
        ],
        "path_jumper_count_avg": [
            1.0,
            1.0,
            1.0,
            [
                0.0,
                0.0,
                1.0,
                5.0,
                9.0,
                12.0
            ],
            3.23081
        ],
        "path_sensor_jumper_length_max": [
            11.222562241588198,
            10.388810652202588,
            11.222562241588198
        ],
        "path_sensor_jumper_length_avg": [
            2.222365451300476,
            2.2046384098799736,
            2.240331942106041,
            [
                0.188452177131122,
                0.3778662147518939,
                1.0002170290601324,
                3.907701155637895,
                5.7022303299963575,
                6.9607356358972785
            ],
            2.6870326725669265
        ],
        "path_router_node_branches_max": [
            15.0,
            12.0,
            15.0
        ],
        "path_router_node_branches_avg": [
            2.0,
            2.0,
            2.0,
            [
                2.0,
                2.0,
                2.0,
                2.0,
                3.0,
                6.0
            ],
            2.4701195219123506
        ],
        "graph_max_wire_length": [
            1745.8013254360208,
            1704.1644745498704,
            1830.5006596723124,
            [
                1407.2631549762498,
                1457.7204109795491,
                1561.614694948463,
                1962.060983176856,
                2192.650248548654,
                2306.965587537604
            ],
            1789.97927659163
        ],
        "graph_avg_wire_length": [
            803.7218291479829,
            775.724840338616,
            838.2939619671405,
            [
                678.1347612856672,
                692.162520978516,
                731.2568176342021,
                932.2761801795965,
                1117.4522096032106,
                1205.7489612343331
            ],
            855.6412623840147
        ],
        "graph_max_node_count": [
            89.0,
            84.5,
            92.5,
            [
                69.0,
                72.9,
                80.0,
                100.25,
                109.10000000000001,
                112.0
            ],
            89.51
        ],
        "graph_avg_node_count": [
            40.25360947161589,
            38.73410878755982,
            41.56549601356808,
            [
                34.01587375273235,
                34.322797394805846,
                36.30355565957836,
                45.08967423832934,
                53.86056145293297,
                56.14937705366922
            ],
            41.97486007297171
        ],