{
    "total_wire_length": 18511.85427698822,
    "total_jumper_length": 77.95062371099296,
    "total_jumper_count": 13,
    "center_node_count": 47,
    "edge_node_count": 109,
    "total_node_count": 156,
    "reachable_node_count": [
        122.0,
        122.0,
        122.0,
        [
            24.0,
            24.0,
            122.0,
            122.0,
            122.0,
            122.0
        ],
        103.8
    ],
    "unreachable_node_count": [
        34.0,
        34.0,
        34.0,
        [
            34.0,
            34.0,
            34.0,
            34.0,
            132.0,
            132.0
        ],
        52.2
    ],
    "reachable_wire_length": [
        16131.271422916338,
        16131.271422916338,
        16131.271422916338,
        [
            1662.2333377729528,
            1662.2333377729528,
            16131.271422916338,
            16131.271422916338,
            16131.271422916338,
            16131.271422916338
        ],
        13489.089214731564
    ],
    "unreachable_wire_length": [
        2380.582854071879,
        2380.582854071879,
        2380.582854071879,
        [
            2380.582854071879,
            2380.582854071879,
            2380.582854071879,
            2380.582854071879,
            16849.620939215263,
            16849.620939215263
        ],
        5022.765062256649
    ],
    "reachable_jumper_length": [
        58.55957271531025,
        58.55957271531025,
        58.55957271531025,
        [
            19.391050995682715,
            19.391050995682715,
            58.55957271531025,
            58.55957271531025,
            58.55957271531025,
            58.55957271531025
        ],
        50.73359676594999
    ],
    "unreachable_jumper_length": [
        19.391050995682715,
        19.391050995682715,
        19.391050995682715,
        [
            19.391050995682715,
            19.391050995682715,
            19.391050995682715,
            19.391050995682715,
            58.55957271531025,
            58.55957271531025
        ],
        27.217026945042974
    ],
    "reachable_jumper_count": [
        10.0,
        10.0,
        10.0,
        [
            3.0,
            3.0,
            10.0,
            10.0,
            10.0,
            10.0
        ],
        8.62
    ],
    "unreachable_jumper_count": [
        3.0,
        3.0,
        3.0,
        [
            3.0,
            3.0,
            3.0,
            3.0,
            10.0,
            10.0
        ],
        4.38
    ],
    "shortest_path": {
        "percent_useful_node_count": [
            0.33974358974358976,
            0.3333333333333333,
            0.33974358974358976,
            [
                0.04487179487179487,
                0.05128205128205128,
                0.3269230769230769,
                0.3525641025641026,
                0.358974358974359,
                0.3592948717948718
            ],
            0.2898076923076923
        ],
        "percent_useful_wire_length": 28.991694513969307,
        "percent_reachable_sensors": 0.20674,
        "percent_useful_jumper_count": [
            0.46153846153846156,
            0.46153846153846156,
            0.5384615384615384,
            [
                0.07692307692307693,
                0.15384615384615385,
                0.46153846153846156,
                0.5384615384615384,
                0.6153846153846154,
                0.6153846153846154
            ],
            0.44999999999999996
        ],
        "percent_useful_jumper_length": [
            0.23076923076923078,
            0.23076923076923078,
            0.23076923076923078,
            [
                0.07692307692307693,
                0.07692307692307693,
                0.23076923076923078,
                0.23076923076923078,
                0.23846153846153914,
                0.3076923076923077
            ],
            0.20846153846153842
        ],
        "percent_unreachable_bc_short_jumper": 0.71538,
        "percent_multiroute_reached_nodes": [
            0.6346153846153846,
            0.625,
            0.6363636363636364,
            [
                0.5,
                0.5,
                0.6063005390835579,
                0.6538461538461539,
                0.6731161695447411,
                0.6862745098039216
            ],
            0.6210387393484608
        ],
        "path_length_max": [
            2214.13895650009,
            2135.310293811198,
            2214.13895650009
        ],
        "path_length_avg": [
            866.4680580762829,
            858.5299988643877,
            874.848394746954,
            [
                202.12776527362405,
                295.11991781288424,
                522.1983856393434,
                1184.661497626478,
                1460.1273244428967,
                1619.9479136719515
            ],
            873.2323255817874
        ],
        "path_node_count_max": [
            19.0,
            19.0,
            19.0
        ],
        "path_node_count_avg": [
            7.0,
            7.0,
            7.0,
            [
                1.0,
                2.0,
                4.0,
                10.0,
                13.0,
                14.0
            ],
            7.461400793266905
        ],
        "path_jumper_count_max": [
            4.0,
            4.0,
            4.0
        ],
        "path_jumper_count_avg": [
            1.0,
            1.0,
            1.0,
            [
                0.0,
                0.0,
                0.0,
                2.0,
                2.0,
                2.0
            ],
            1.1079133210796168
        ],
        "path_sensor_jumper_length_max": [
            9.999869526772937,
            9.99897054436409,
            9.999869526772937
        ],
        "path_sensor_jumper_length_avg": [
            4.729114430623008,
            4.663095527356899,
            4.793133700683644,
            [
                0.4458465752571702,
                0.909428856768809,
                2.311144435158393,
                7.294798860259745,
                8.913210364952558,
                9.450880177756485
            ],
            4.820704419117509
        ],
        "path_router_node_branches_max": [
            4.0,
            4.0,
            4.0
        ],
        "path_router_node_branches_avg": [
            3.0,
            3.0,
            3.0,
            [
                2.0,
                2.0,
                3.0,
                4.0,
                4.0,
                4.0
            ],
            3.138888888888889
        ],
        "graph_max_wire_length": [
            1627.835648769747,
            1511.1297129641423,
            1699.7554579457133,
            [
                352.229925353577,
                506.50983173648257,
                1302.1826654256213,
                1855.4182421353412,
                2021.4336768832347,
                2056.450635896985
            ],
            1465.5584553903482
        ],
        "graph_avg_wire_length": [
            833.6416640086252,
            783.9306164343313,
            904.8275659454978,
            [
                244.05478474579806,
                281.5270651941369,
                715.0864053152443,
                1001.3064760348941,
                1175.3723446641893,
                1214.8476126860694
            ],
            810.5862433283337
        ],
        "graph_max_node_count": [
            15.0,
            12.0,
            16.0,
            [
                5.0,
                6.0,
                11.0,
                17.0,
                18.0,
                19.0
            ],
            13.19
        ],