{
    "total_wire_length": 39121.90019970415,
    "total_jumper_length": 11698.373871758946,
    "total_jumper_count": 300,
    "center_node_count": 201,
    "edge_node_count": 243,
    "total_node_count": 444,
    "reachable_node_count": [
        444.0,
        444.0,
        444.0,
        [
            444.0,
            444.0,
            444.0,
            444.0,
            444.0,
            444.0
        ],
        444.0
    ],
    "unreachable_node_count": [
        0.0,
        0.0,
        0.0,
        [
            0.0,
            0.0,
            0.0,
            0.0,
            0.0,
            0.0
        ],
        0.0
    ],
    "reachable_wire_length": [
        39121.90019970415,
        39121.90019970415,
        39121.90019970415,
        [
            39121.90019970415,
            39121.90019970415,
            39121.90019970415,
            39121.90019970415,
            39121.90019970415,
            39121.90019970415
        ],
        39121.90019970416
    ],
    "unreachable_wire_length": [
        0.0,
        0.0,
        0.0,
        [
            0.0,
            0.0,
            0.0,
            0.0,
            0.0,
            0.0
        ],
        0.0
    ],
    "reachable_jumper_length": [
        11698.373871758951,
        11698.373871758951,
        11698.373871758951,
        [
            11698.373871758951,
            11698.373871758951,
            11698.373871758951,
            11698.373871758951,
            11698.373871758951,
            11698.373871758951
        ],
        11698.373871758957
    ],
    "unreachable_jumper_length": [
        0.0,
        0.0,
        0.0,
        [
            0.0,
            0.0,
            0.0,
            0.0,
            0.0,
            0.0
        ],
        0.0
    ],
    "reachable_jumper_count": [
        300.0,
        300.0,
        300.0,
        [
            300.0,
            300.0,
            300.0,
            300.0,
            300.0,
            300.0
        ],
        300.0
    ],
    "unreachable_jumper_count": [
        0.0,
        0.0,
        0.0,
        [
            0.0,
            0.0,
            0.0,
            0.0,
            0.0,
            0.0
        ],
        0.0
    ],
    "shortest_path": {
        "percent_useful_node_count": [
            0.7387387387387387,
            0.7342342342342343,
            0.740990990990991,
            [
                0.7114864864864865,
                0.7182432432432433,
                0.7252252252252253,
                0.7477477477477478,
                0.7567567567567568,
                0.7613738738738739
            ],
            0.7369819819819822
        ],
        "percent_useful_wire_length": 45.8570318479156,
        "percent_reachable_sensors": 1.0,
        "percent_useful_jumper_count": [
            0.30333333333333334,
            0.30333333333333334,
            0.31,
            [
                0.2733333333333333,
                0.283,
                0.2966666666666667,
                0.31666666666666665,
                0.33,
                0.33349999999999996
            ],
            0.3053666666666666
        ],
        "percent_useful_jumper_length": [
            0.023333333333333334,
            0.023333333333333334,
            0.02666666666666667,
            [
                0.02,
                0.02,
                0.02,
                0.03,
                0.03333333333333333,
                0.03349999999999999
            ],
            0.02553333333333333
        ],
        "percent_unreachable_bc_short_jumper": 0.0,
        "percent_multiroute_reached_nodes": [
            0.49610569294477336,
            0.4878409342893045,
            0.5,
            [
                0.45609710043475055,
                0.46170212765957447,
                0.47524835050782116,
                0.5138371513213856,
                0.5276416568227718,
                0.5363089582303979
            ],
            0.49429169408030943
        ],
        "path_length_max": [
            1734.6575038815527,
            1703.5951384772322,
            1734.6575038815527
        ],
        "path_length_avg": [
            629.5807824156616,
            627.2846408172187,
            631.852276640229,
            [
                202.55768196706146,
                277.9349737842617,
                440.8587454658135,
                831.5860720318909,
                1018.6645666204055,
                1119.9213591706593
            ],
            643.6497401983834
        ],
        "path_node_count_max": [
            33.0,
            33.0,
            33.0
        ],
        "path_node_count_avg": [
            11.0,
            11.0,
            11.0,
            [
                3.0,
                4.0,
                7.0,
                14.0,
                18.0,
                20.0
            ],
            10.90814
        ],
        "path_jumper_count_max": [
            18.0,
            18.0,
            18.0
        ],
        "path_jumper_count_avg": [
            2.0,
            2.0,
            2.0,
            [
                0.0,
                0.0,
                1.0,
                3.0,
                6.0,
                7.0
            ],
            2.33779
        ],
        "path_sensor_jumper_length_max": [
            62.32930616676357,
            61.40581109762487,
            62.32930616676357
        ],
        "path_sensor_jumper_length_avg": [
            8.964468329817691,
            8.894389993783358,
            9.041459098820926,
            [
                0.7556634200669201,
                1.5425732169133684,
                4.040414183458642,
                15.911695895481458,
                23.641225390757846,
                28.816371049750426
            ],
            11.004412150516666
        ],
        "path_router_node_branches_max": [
            5.0,
            4.0,
            5.0
        ],
        "path_router_node_branches_avg": [
            2.0,
            2.0,
            2.0,
            [
                2.0,
                2.0,
                2.0,
                3.0,
                3.0,
                3.0
            ],
            2.4096385542168677
        ],
        "graph_max_wire_length": [
            1240.1589892996353,
            1184.1295796531358,
            1260.4605636332615,
            [
                971.8114706506865,
                1053.1718560697436,
                1120.1027287018364,
                1327.8363488400325,
                1554.2466194997294,
                1619.9737136442905
            ],
            1251.3898631942984
        ],
        "graph_avg_wire_length": [
            601.5252619954235,
            578.9776683562985,
            639.3566449239902,
            [
                494.2159069245071,
                511.79204775245205,
                548.1501583430637,
                710.8266378767178,
                805.5291630788349,
                893.4105130301862
            ],
            637.5777292957454
        ],
        "graph_max_node_count": [
            24.0,
            23.0,
            25.0,
            [
                18.0,
                19.0,
                21.0,
                27.0,
                31.0,
                32.05
            ],
            24.28
        ],
        "graph_avg_node_count": [
            11.062092546159107,
            10.685312852529913,
            11.707060755336617,
            [
                8.78834397023311,
                9.210616343452674,
                10.1190579250641,
                12.775457780062638,
                15.270103489059728,
                16.273697916666663
            ],
            11.72954440449599
        ],