{
    "total_wire_length": 9472.724494599348,
    "total_jumper_length": 1845.7256409973309,
    "total_jumper_count": 26,
    "center_node_count": 24,
    "edge_node_count": 40,
    "total_node_count": 64,
    "reachable_node_count": [
        64.0,
        64.0,
        64.0,
        [
            64.0,
            64.0,
            64.0,
            64.0,
            64.0,
            64.0
        ],
        64.0
    ],
    "unreachable_node_count": [
        0.0,
        0.0,
        0.0,
        [
            0.0,
            0.0,
            0.0,
            0.0,
            0.0,
            0.0
        ],
        0.0
    ],
    "reachable_wire_length": [
        9472.72449459935,
        9472.72449459935,
        9472.72449459935,
        [
            9472.72449459935,
            9472.72449459935,
            9472.72449459935,
            9472.72449459935,
            9472.72449459935,
            9472.72449459935
        ],
        9472.72449459935
    ],
    "unreachable_wire_length": [
        0.0,
        0.0,
        0.0,
        [
            0.0,
            0.0,
            0.0,
            0.0,
            0.0,
            0.0
        ],
        0.0
    ],
    "reachable_jumper_length": [
        1845.725640997331,
        1845.725640997331,
        1845.725640997331,
        [
            1845.725640997331,
            1845.725640997331,
            1845.725640997331,
            1845.725640997331,
            1845.725640997331,
            1845.725640997331
        ],
        1845.7256409973304
    ],
    "unreachable_jumper_length": [
        0.0,
        0.0,
        0.0,
        [
            0.0,
            0.0,
            0.0,
            0.0,
            0.0,
            0.0
        ],
        0.0
    ],
    "reachable_jumper_count": [
        26.0,
        26.0,
        26.0,
        [
            26.0,
            26.0,
            26.0,
            26.0,
            26.0,
            26.0
        ],
        26.0
    ],
    "unreachable_jumper_count": [
        0.0,
        0.0,
        0.0,
        [
            0.0,
            0.0,
            0.0,
            0.0,
            0.0,
            0.0
        ],
        0.0
    ],
    "shortest_path": {
        "percent_useful_node_count": [
            0.6875,
            0.6875,
            0.6875,
            [
                0.65625,
                0.65625,
                0.671875,
                0.703125,
                0.71875,
                0.71875
            ],
            0.68859375
        ],
        "percent_useful_wire_length": 48.39530009583225,
        "percent_reachable_sensors": 1.0,
        "percent_useful_jumper_count": [
            0.5769230769230769,
            0.5384615384615384,
            0.5769230769230769,
            [
                0.46153846153846156,
                0.5,
                0.5384615384615384,
                0.5769230769230769,
                0.6153846153846154,
                0.6153846153846154
            ],
            0.5526923076923077
        ],
        "percent_useful_jumper_length": [
            0.038461538461538464,
            0.038461538461538464,
            0.07692307692307693,
            [
                0.038461538461538464,
                0.038461538461538464,
                0.038461538461538464,
                0.07692307692307693,
                0.07692307692307693,
                0.07692307692307693
            ],
            0.05653846153846153
        ],
        "percent_unreachable_bc_short_jumper": 0.0,
        "percent_multiroute_reached_nodes": [
            0.5111111111111111,
            0.5,
            0.5227272727272727,
            [
                0.4346343873517787,
                0.4444444444444444,
                0.47619047619047616,
                0.5439723320158103,
                0.5681818181818182,
                0.5779586563307493
            ],
            0.5082123358251222
        ],
        "path_length_max": [
            1336.7308001669496,
            1332.8004266464986,
            1336.7308001669496
        ],
        "path_length_avg": [
            532.7822560407467,
            530.8722391455838,
            535.1125926984445,
            [
                184.28838413498954,
                238.69317155891872,
                353.60042412919415,
                751.4760921912447,
                921.7791060131563,
                1009.8653820213605
            ],
            560.7944321832014
        ],
        "path_node_count_max": [
            15.0,
            15.0,
            15.0
        ],
        "path_node_count_avg": [
            4.0,
            4.0,
            4.0,
            [
                1.0,
                1.0,
                2.0,
                6.0,
                8.0,
                9.0
            ],
            4.58673
        ],
        "path_jumper_count_max": [
            9.0,
            9.0,
            9.0
        ],
        "path_jumper_count_avg": [
            1.0,
            1.0,
            1.0,
            [
                0.0,
                0.0,
                0.0,
                1.0,
                3.0,
                4.0
            ],
            1.05937
        ],
        "path_sensor_jumper_length_max": [
            97.46098429634576,
            96.71898616459349,
            97.46098429634576
        ],
        "path_sensor_jumper_length_avg": [
            17.722117677551154,
            17.58710276711524,
            17.87565871912672,
            [
                1.4991898905207202,
                3.0356950080424334,
                7.882284995606048,
                31.602770956352476,
                46.97155684191508,
                57.93395458886258
            ],
            21.87556675828919
        ],
        "path_router_node_branches_max": [
            4.0,
            3.0,
            4.0
        ],
        "path_router_node_branches_avg": [
            2.0,
            2.0,
            3.0,
            [
                2.0,
                2.0,
                2.0,
                3.0,
                3.0,
                3.849999999999998
            ],
            2.4583333333333335
        ],
        "graph_max_wire_length": [
            985.9800549538041,
            937.3449183532116,
            1030.0065463128235,
            [
                755.9504150968693,
                793.6234419792653,
                885.1487991621002,
                1096.501677892992,
                1165.0920720181252,
                1210.395871609661
            ],
            986.6574505049824
        ],
        "graph_avg_wire_length": [
            537.646044270411,
            521.3887127678663,
            546.3791469961709,
            [
                468.3587287250843,
                471.7689799838366,
                495.1687162853525,
                581.3925287940801,
                641.6005622304531,
                653.0428571614398
            ],
            543.484822688681
        ],
        "graph_max_node_count": [
            12.0,
            11.0,
            12.0,
            [
                10.0,
                10.0,
                11.0,
                13.0,
                14.0,
                14.0
            ],
            11.92
        ],
        "graph_avg_node_count": [
            5.359375,
            5.264150943396227,
            5.428571428571429,
            [
                4.934764506895655,
                4.967213114754099,
                5.166666666666667,
                5.660100475938657,
                6.216339869281046,
                6.58225806451613
            ],
            5.473280752584544
        ],
        "graph_max_jumper_count": [
            5.0,
            4.0,
            5.5,
            [
                3.0,
                3.0,
                4.0,
                7.0,
                7.0,
                8.0
            ],
            5.17
        ],