{
    "total_wire_length": 24086.85080137992,
    "total_jumper_length": 1408.571772977732,
    "total_jumper_count": 77,
    "center_node_count": 122,
    "edge_node_count": 138,
    "total_node_count": 260,
    "reachable_node_count": [
        260.0,
        260.0,
        260.0,
        [
            260.0,
            260.0,
            260.0,
            260.0,
            260.0,
            260.0
        ],
        260.0
    ],
    "unreachable_node_count": [
        0.0,
        0.0,
        0.0,
        [
            0.0,
            0.0,
            0.0,
            0.0,
            0.0,
            0.0
        ],
        0.0
    ],
    "reachable_wire_length": [
        24086.85080137992,
        24086.85080137992,
        24086.85080137992,
        [
            24086.85080137992,
            24086.85080137992,
            24086.85080137992,
            24086.85080137992,
            24086.85080137992,
            24086.85080137992
        ],
        24086.85080137992
    ],
    "unreachable_wire_length": [
        0.0,
        0.0,
        0.0,
        [
            0.0,
            0.0,
            0.0,
            0.0,
            0.0,
            0.0
        ],
        0.0
    ],
    "reachable_jumper_length": [
        1408.5717729777318,
        1408.5717729777318,
        1408.5717729777318,
        [
            1408.5717729777318,
            1408.5717729777318,
            1408.5717729777318,
            1408.5717729777318,
            1408.5717729777318,
            1408.5717729777318
        ],
        1408.5717729777323
    ],
    "unreachable_jumper_length": [
        0.0,
        0.0,
        0.0,
        [
            0.0,
            0.0,
            0.0,
            0.0,
            0.0,
            0.0
        ],
        0.0
    ],
    "reachable_jumper_count": [
        77.0,
        77.0,
        77.0,
        [
            77.0,
            77.0,
            77.0,
            77.0,
            77.0,
            77.0
        ],
        77.0
    ],
    "unreachable_jumper_count": [
        0.0,
        0.0,
        0.0,
        [
            0.0,
            0.0,
            0.0,
            0.0,
            0.0,
            0.0
        ],
        0.0
    ],
    "shortest_path": {
        "percent_useful_node_count": [
            0.6961538461538461,
            0.6923076923076923,
            0.7,
            [
                0.6653846153846154,
                0.6730769230769231,
                0.6807692307692308,
                0.7076923076923077,
                0.7192307692307692,
                0.7230769230769231
            ],
            0.6952692307692309
        ],
        "percent_useful_wire_length": 42.45965325008638,
        "percent_reachable_sensors": 0.99817,
        "percent_useful_jumper_count": [
            0.474025974025974,
            0.4675324675324675,
            0.4805194805194805,
            [
                0.414935064935065,
                0.4155844155844156,
                0.44155844155844154,
                0.4935064935064935,
                0.5194805194805194,
                0.5324675324675324
            ],
            0.471038961038961
        ],
        "percent_useful_jumper_length": [
            0.06493506493506493,
            0.05194805194805195,
            0.06493506493506493,
            [
                0.03896103896103896,
                0.03896103896103896,
                0.05194805194805195,
                0.06493506493506493,
                0.07792207792207792,
                0.07792207792207792
            ],
            0.059480519480519474
        ],
        "percent_unreachable_bc_short_jumper": 0.00183,
        "percent_multiroute_reached_nodes": [
            0.48138245197068724,
            0.4751346492175684,
            0.4891304347826087,
            [
                0.44128461258197715,
                0.4488495034377388,
                0.46703296703296704,
                0.5027701472267663,
                0.5144700460829493,
                0.5196132596685082
            ],
            0.4836998770452244
        ],
        "path_length_max": [
            1055.3627562309487,
            1026.7294357235796,
            1055.3627562309487
        ],
        "path_length_avg": [
            485.19877487813704,
            483.6153786102145,
            486.7591831349206,
            [
                168.7634402256022,
                226.93900946276506,
                342.8669921448678,
                615.1126972115065,
                725.9063491933729,
                784.9234101242463
            ],
            480.4313911506907
        ],
        "path_node_count_max": [
            19.0,
            18.0,
            19.0
        ],
        "path_node_count_avg": [
            8.0,
            7.0,
            8.0,
            [
                2.0,
                3.0,
                5.0,
                10.0,
                12.0,
                13.0
            ],
            7.45523307653005
        ],
        "path_jumper_count_max": [
            8.0,
            8.0,
            8.0
        ],
        "path_jumper_count_avg": [
            1.0,
            1.0,
            1.0,
            [
                0.0,
                0.0,
                0.0,
                1.0,
                2.0,
                2.0
            ],
            0.9052566196138935
        ],
        "path_sensor_jumper_length_max": [
            39.99111169003675,
            39.95387862915319,
            39.99111169003675
        ],
        "path_sensor_jumper_length_avg": [
            9.11025063326495,
            9.034634264197248,
            9.175966127107335,
            [
                0.7742695570598956,
                1.5717392416293472,
                4.1043146329044,
                16.078083960138013,
                23.69122132198078,
                28.788017396663186
            ],
            11.061286687264767
        ],
        "path_router_node_branches_max": [
            4.0,
            4.0,
            4.0
        ],
        "path_router_node_branches_avg": [
            2.0,
            2.0,
            2.0,
            [
                2.0,
                2.0,
                2.0,
                3.0,
                3.0,
                3.0
            ],
            2.3493975903614457
        ],
        "graph_max_wire_length": [
            873.4180914069865,
            846.5293713737677,
            888.3541401419493,
            [
                723.8294493527648,
                749.3106145088996,
                787.7132590547994,
                923.1938552166832,
                977.1472066985216,
                1003.3873441747405
            ],
            863.3143975997468
        ],
        "graph_avg_wire_length": [
            477.72308318672947,
            460.0918607423892,
            497.9307407278817,
            [
                418.1956434644464,
                429.49526392964117,
                441.6681982406557,
                515.8713068449208,
                541.0558949912055,
                565.5377636309091
            ],
            482.68326665984273
        ],
        "graph_max_node_count": [
            15.0,
            15.0,
            16.0,
            [
                13.0,
                13.0,
                14.0,
                17.0,
                18.0,
                18.0
            ],
            15.31
        ],
        "graph_avg_node_count": [
            8.080108071597433,
            7.817941729039819,
            8.416441924609256,
            [
                7.369371614139056,
                7.395600961538462,
                7.594789803220036,
                9.300861589772097,
                9.834617160192575,
                9.960384834431698
            ],
            8.383346908359156
        ],