{
    "total_wire_length": 21726.927330323826,
    "total_jumper_length": 43.82174312717987,
    "total_jumper_count": 8,
    "center_node_count": 55,
    "edge_node_count": 87,
    "total_node_count": 142,
    "reachable_node_count": [
        126.0,
        126.0,
        126.0,
        [
            16.0,
            16.0,
            126.0,
            126.0,
            126.0,
            126.0
        ],
        112.8
    ],
    "unreachable_node_count": [
        16.0,
        16.0,
        16.0,
        [
            16.0,
            16.0,
            16.0,
            16.0,
            126.0,
            126.0
        ],
        29.2
    ],
    "reachable_wire_length": [
        19934.611421794674,
        19934.611421794674,
        19934.611421794674,
        [
            1792.315908529156,
            1792.315908529156,
            19934.611421794674,
            19934.611421794674,
            19934.611421794674,
            19934.611421794674
        ],
        17757.535960202815
    ],
    "unreachable_wire_length": [
        1792.315908529156,
        1792.315908529156,
        1792.315908529156,
        [
            1792.315908529156,
            1792.315908529156,
            1792.315908529156,
            1792.315908529156,
            19934.611421794674,
            19934.611421794674
        ],
        3969.3913701210176
    ],
    "reachable_jumper_length": [
        43.82174312717987,
        43.82174312717987,
        43.82174312717987,
        [
            0.0,
            0.0,
            43.82174312717987,
            43.82174312717987,
            43.82174312717987,
            43.82174312717987
        ],
        38.56313395191829
    ],
    "unreachable_jumper_length": [
        0.0,
        0.0,
        0.0,
        [
            0.0,
            0.0,
            0.0,
            0.0,
            43.82174312717987,
            43.82174312717987
        ],
        5.258609175261585
    ],
    "reachable_jumper_count": [
        8.0,
        8.0,
        8.0,
        [
            0.0,
            0.0,
            8.0,
            8.0,
            8.0,
            8.0
        ],
        7.04
    ],
    "unreachable_jumper_count": [
        0.0,
        0.0,
        0.0,
        [
            0.0,
            0.0,
            0.0,
            0.0,
            8.0,
            8.0
        ],
        0.96
    ],
    "shortest_path": {
        "percent_useful_node_count": [
            0.43309859154929575,
            0.4295774647887324,
            0.43661971830985913,
            [
                0.028169014084507043,
                0.035211267605633804,
                0.4225352112676056,
                0.44366197183098594,
                0.4507042253521127,
                0.45774647887323944
            ],
            0.3861267605633802
        ],
        "percent_useful_wire_length": 32.86678527147443,
        "percent_reachable_sensors": 0.24169,
        "percent_useful_jumper_count": [
            0.75,
            0.75,
            0.75,
            [
                0.0,
                0.0,
                0.625,
                0.875,
                0.875,
                0.875
            ],
            0.655
        ],
        "percent_useful_jumper_length": [
            0.25,
            0.25,
            0.375,
            [
                0.0,
                0.0,
                0.25,
                0.375,
                0.5,
                0.5
            ],
            0.3
        ],
        "percent_unreachable_bc_short_jumper": 0.70321,
        "percent_multiroute_reached_nodes": [
            0.6290322580645161,
            0.6166666666666667,
            0.6451612903225806,
            [
                0.5538461538461539,
                0.5803931451612904,
                0.6023809523809524,
                0.6777073732718893,
                0.8,
                1.0
            ],
            0.6637765357706779
        ],
        "path_length_max": [
            1835.7988760657452,
            1709.070306183489,
            1835.7988760657452
        ],
        "path_length_avg": [
            721.2046649672371,
            714.820381374044,
            727.4498659147877,
            [
                221.40003780622814,
                300.04035681796,
                476.2696120188641,
                968.2681407723206,
                1152.5909359769262,
                1263.3441056361335
            ],
            726.5161924422742
        ],
        "path_node_count_max": [
            14.0,
            14.0,
            14.0
        ],
        "path_node_count_avg": [
            6.0,
            6.0,
            6.0,
            [
                1.0,
                2.0,
                3.0,
                8.0,
                9.0,
                10.0
            ],
            5.694608796392073
        ],
        "path_jumper_count_max": [
            2.0,
            2.0,
            2.0
        ],
        "path_jumper_count_avg": [
            1.0,
            1.0,
            1.0,
            [
                0.0,
                0.0,
                0.0,
                1.0,
                1.0,
                2.0
            ],
            0.6235673797012702
        ],
        "path_sensor_jumper_length_max": [
            9.999889037480305,
            9.998267506929444,
            9.999889037480305
        ],
        "path_sensor_jumper_length_avg": [
            4.632983082941977,
            4.575727249507782,
            4.707558458061798,
            [
                0.44663636295543446,
                0.8881989254335437,
                2.24948909088005,
                7.209255296781269,
                8.888322451400962,
                9.451453175584595
            ],
            4.76825651383009
        ],
        "path_router_node_branches_max": [
            4.0,
            4.0,
            4.0
        ],
        "path_router_node_branches_avg": [
            2.0,
            2.0,
            3.0,
            [
                2.0,
                2.0,
                2.0,
                3.0,
                4.0,
                4.0
            ],
            2.575
        ],
        "graph_max_wire_length": [
            1393.3204636396986,
            1337.3815811420332,
            1433.6940895801858,
            [
                394.58051162401387,
                556.3092120050162,
                1225.6082575831952,
                1496.9386417871142,
                1598.914863251445,
                1637.3280840666064
            ],
            1296.228658882191
        ],
        "graph_avg_wire_length": [
            733.6339302017691,
            715.5822022030122,
            764.0158182027959,
            [
                253.10996524290616,
                348.4242168446374,
                687.3630232068668,
                807.4274202953218,
                878.9132314875163,
                937.605593746838
            ],
            712.9689087069893
        ],
        "graph_max_node_count": [
            12.0,
            12.0,
            13.0,
            [
                3.0,
                4.0,
                11.0,
                13.0,
                14.0,
                14.0
            ],
            11.44
        ],
        "graph_avg_node_count": [
            6.507936507936508,
            6.325396825396825,
            6.725806451612903,
            [
                2.490625,
                2.875,
                6.117285714285714,
                7.158730158730159,
                7.649866666666666,
                8.0
            ],
            6.262603424449984
        ],
        "graph_max_jumper_count": [
            2.0,
            2.0,
            2.0,
            [
                0.0,
                0.0,
                2.0,
                2.0,
                2.0,
                2.0
            ],
            1.75
        ],