{
    "total_wire_length": 13793.822192376865,
    "total_jumper_length": 374.062251641681,
    "total_jumper_count": 17,
    "center_node_count": 35,
    "edge_node_count": 71,
    "total_node_count": 106,
    "reachable_node_count": [
        106.0,
        106.0,
        106.0,
        [
            106.0,
            106.0,
            106.0,
            106.0,
            106.0,
            106.0
        ],
        106.0
    ],
    "unreachable_node_count": [
        0.0,
        0.0,
        0.0,
        [
            0.0,
            0.0,
            0.0,
            0.0,
            0.0,
            0.0
        ],
        0.0
    ],
    "reachable_wire_length": [
        13793.822192376861,
        13793.822192376861,
        13793.822192376861,
        [
            13793.822192376861,
            13793.822192376861,
            13793.822192376861,
            13793.822192376861,
            13793.822192376861,
            13793.822192376861
        ],
        13793.822192376863
    ],
    "unreachable_wire_length": [
        0.0,
        0.0,
        0.0,
        [
            0.0,
            0.0,
            0.0,
            0.0,
            0.0,
            0.0
        ],
        0.0
    ],
    "reachable_jumper_length": [
        374.062251641681,
        374.062251641681,
        374.062251641681,
        [
            374.062251641681,
            374.062251641681,
            374.062251641681,
            374.062251641681,
            374.062251641681,
            374.062251641681
        ],
        374.06225164168114
    ],
    "unreachable_jumper_length": [
        0.0,
        0.0,
        0.0,
        [
            0.0,
            0.0,
            0.0,
            0.0,
            0.0,
            0.0
        ],
        0.0
    ],
    "reachable_jumper_count": [
        17.0,
        17.0,
        17.0,
        [
            17.0,
            17.0,
            17.0,
            17.0,
            17.0,
            17.0
        ],
        17.0
    ],
    "unreachable_jumper_count": [
        0.0,
        0.0,
        0.0,
        [
            0.0,
            0.0,
            0.0,
            0.0,
            0.0,
            0.0
        ],
        0.0
    ],
    "shortest_path": {
        "percent_useful_node_count": [
            0.5471698113207547,
            0.5471698113207547,
            0.5566037735849056,
            [
                0.5188679245283019,
                0.5283018867924528,
                0.5377358490566038,
                0.5589622641509434,
                0.5754716981132075,
                0.5759433962264151
            ],
            0.549622641509434
        ],
        "percent_useful_wire_length": 45.65786318668295,
        "percent_reachable_sensors": 0.84311,
        "percent_useful_jumper_count": [
            0.7058823529411765,
            0.7058823529411765,
            0.7058823529411765,
            [
                0.5882352941176471,
                0.6470588235294118,
                0.6911764705882353,
                0.7647058823529411,
                0.8235294117647058,
                0.8235294117647058
            ],
            0.714705882352941
        ],
        "percent_useful_jumper_length": [
            0.17647058823529413,
            0.17647058823529413,
            0.23529411764705882,
            [
                0.17647058823529413,
                0.17647058823529413,
                0.17647058823529413,
                0.23529411764705882,
                0.23529411764705882,
                0.29411764705882354
            ],
            0.2052941176470588
        ],
        "percent_unreachable_bc_short_jumper": 0.15689,
        "percent_multiroute_reached_nodes": [
            0.5517241379310345,
            0.5431162652393696,
            0.559322033898305,
            [
                0.5,
                0.5158771929824562,
                0.5307724957555178,
                0.5689655172413793,
                0.5792344497607655,
                0.5966666666666667
            ],
            0.5494742231941795
        ],
        "path_length_max": [
            2081.3174954308415,
            2057.5469916274556,
            2081.3174954308415
        ],
        "path_length_avg": [
            700.1796679440868,
            697.3028238001938,
            703.2200141780127,
            [
                207.7041989557288,
                287.7040524706798,
                470.1239804790366,
                999.7971240054601,
                1258.2732034037585,
                1399.7151845908834
            ],
            746.5068485657315
        ],
        "path_node_count_max": [
            20.0,
            19.0,
            20.0
        ],
        "path_node_count_avg": [
            6.0,
            6.0,
            6.0,
            [
                1.0,
                2.0,
                4.0,
                9.0,
                11.0,
                13.0
            ],
            6.459192750649382
        ],
        "path_jumper_count_max": [
            5.0,
            5.0,
            5.0
        ],
        "path_jumper_count_avg": [
            1.0,
            1.0,
            1.0,
            [
                0.0,
                0.0,
                0.0,
                2.0,
                2.0,
                3.0
            ],
            1.1565276179857906
        ],
        "path_sensor_jumper_length_max": [
            39.99979881842777,
            39.994797415302514,
            39.99979881842777
        ],
        "path_sensor_jumper_length_avg": [
            14.673054987740787,
            14.557863750674986,
            14.79302560601377,
            [
                1.2928324114904273,
                2.642287950209425,
                6.764293630400653,
                24.6118887980382,
                32.591566474667495,
                35.93680789927009
            ],
            16.198879558182785
        ],
        "path_router_node_branches_max": [
            4.0,
            4.0,
            4.0
        ],
        "path_router_node_branches_avg": [
            3.0,
            3.0,
            3.0,
            [
                2.0,
                2.0,
                2.0,
                3.0,
                4.0,
                4.0
            ],
            2.935483870967742
        ],
        "graph_max_wire_length": [
            1455.520559285658,
            1422.173504427982,
            1505.9738203762224,
            [
                1175.1795728991171,
                1209.7313182908122,
                1354.891332085597,
                1627.7800758599883,
                1886.1615477997366,
                1963.962664940541
            ],
            1504.5455675482312
        ],
        "graph_avg_wire_length": [
            732.2870294176669,
            701.0662364413688,
            763.7378144066743,
            [
                586.3102174854322,
                614.1455699559286,
                655.6147259811903,
                828.8175573752756,
                1015.6667561751683,
                1077.000117748466
            ],
            764.2780301746002
        ],
        "graph_max_node_count": [
            14.0,
            13.0,
            14.0,
            [
                12.0,
                12.0,
                13.0,
                17.0,
                19.0,
                19.0
            ],
            14.67
        ],
        "graph_avg_node_count": [
            6.8584905660377355,
            6.556485849056603,
            7.30188679245283,
            [
                6.04618149146451,
                6.084905660377358,
                6.40566037735849,
                8.735714285714286,
                9.571428571428571,
                9.815238095238094
            ],
            7.458745679947456
        ],