{
    "total_wire_length": 116610.79480149526,
    "total_jumper_length": 895.3725321769307,
    "total_jumper_count": 170,
    "center_node_count": 1166,
    "edge_node_count": 474,
    "total_node_count": 1640,
    "reachable_node_count": [
        1640.0,
        1640.0,
        1640.0,
        [
            1640.0,
            1640.0,
            1640.0,
            1640.0,
            1640.0,
            1640.0
        ],
        1640.0
    ],
    "unreachable_node_count": [
        0.0,
        0.0,
        0.0,
        [
            0.0,
            0.0,
            0.0,
            0.0,
            0.0,
            0.0
        ],
        0.0
    ],
    "reachable_wire_length": [
        116610.79480149526,
        116610.79480149526,
        116610.79480149526,
        [
            116610.79480149526,
            116610.79480149526,
            116610.79480149526,
            116610.79480149526,
            116610.79480149526,
            116610.79480149526
        ],
        116610.79480149529
    ],
    "unreachable_wire_length": [
        0.0,
        0.0,
        0.0,
        [
            0.0,
            0.0,
            0.0,
            0.0,
            0.0,
            0.0
        ],
        0.0
    ],
    "reachable_jumper_length": [
        895.3725321769308,
        895.3725321769308,
        895.3725321769308,
        [
            895.3725321769308,
            895.3725321769308,
            895.3725321769308,
            895.3725321769308,
            895.3725321769308,
            895.3725321769308
        ],
        895.3725321769308
    ],
    "unreachable_jumper_length": [
        0.0,
        0.0,
        0.0,
        [
            0.0,
            0.0,
            0.0,
            0.0,
            0.0,
            0.0
        ],
        0.0
    ],
    "reachable_jumper_count": [
        170.0,
        170.0,
        170.0,
        [
            170.0,
            170.0,
            170.0,
            170.0,
            170.0,
            170.0
        ],
        170.0
    ],
    "unreachable_jumper_count": [
        0.0,
        0.0,
        0.0,
        [
            0.0,
            0.0,
            0.0,
            0.0,
            0.0,
            0.0
        ],
        0.0
    ],
    "shortest_path": {
        "percent_useful_node_count": [
            0.6585365853658537,
            0.6567073170731708,
            0.6615853658536586,
            [
                0.6390243902439025,
                0.6426829268292683,
                0.6522865853658537,
                0.6658536585365854,
                0.6750609756097562,
                0.6786890243902439
            ],
            0.6589573170731707
        ],
        "percent_useful_wire_length": 34.15536059690153,
        "percent_reachable_sensors": 0.85378,
        "percent_useful_jumper_count": [
            0.27647058823529413,
            0.27058823529411763,
            0.28536764705882345,
            [
                0.23529411764705882,
                0.24705882352941178,
                0.25882352941176473,
                0.3,
                0.31235294117647067,
                0.3238235294117647
            ],
            0.2790588235294117
        ],
        "percent_useful_jumper_length": [
            0.023529411764705882,
            0.023529411764705882,
            0.023529411764705882,
            [
                0.01764705882352941,
                0.01764705882352941,
                0.023529411764705882,
                0.029411764705882353,
                0.03529411764705882,
                0.03529411764705882
            ],
            0.025411764705882352
        ],
        "percent_unreachable_bc_short_jumper": 0.14622,
        "percent_multiroute_reached_nodes": [
            0.30980056124509425,
            0.3,
            0.3189943076229592,
            [
                0.272304821068806,
                0.2762468083543048,
                0.29150264869288084,
                0.32844934566787004,
                0.34232599174465134,
                0.3569239138189342
            ],
            0.31037306835580497
        ],
        "path_length_max": [
            2428.4774114646634,
            2393.9978146966423,
            2428.4774114646634
        ],
        "path_length_avg": [
            722.89739584162,
            720.4903691600091,
            725.5913336475845,
            [
                214.6848708415485,
                300.16508318249015,
                490.9795477159738,
                986.1971979335588,
                1288.5667992333717,
                1471.5913442457938
            ],
            765.4390449190778
        ],
        "path_node_count_max": [
            73.0,
            72.0,
            73.0
        ],
        "path_node_count_avg": [
            20.0,
            20.0,
            20.0,
            [
                6.0,
                8.0,
                14.0,
                28.0,
                36.0,
                42.0
            ],
            21.345803368549277
        ],
        "path_jumper_count_max": [
            7.0,
            7.0,
            7.0
        ],
        "path_jumper_count_avg": [
            1.0,
            1.0,
            1.0,
            [
                0.0,
                0.0,
                1.0,
                2.0,
                2.0,
                3.0
            ],
            1.239581625243037
        ],
        "path_sensor_jumper_length_max": [
            9.999979565447365,
            9.999342746407873,
            9.999979565447365
        ],
        "path_sensor_jumper_length_avg": [
            3.6879109204512455,
            3.6566876737492784,
            3.7178237123401305,
            [
                0.32947809663223127,
                0.6516023731625352,
                1.69722212940233,
                6.171323491565072,
                8.13978041277156,
                8.983870205381281
            ],
            4.05815522829832
        ],
        "path_router_node_branches_max": [
            4.0,
            4.0,
            4.0
        ],
        "path_router_node_branches_avg": [
            2.0,
            2.0,
            2.0,
            [
                2.0,
                2.0,
                2.0,
                2.0,
                3.0,
                3.0
            ],
            2.262295081967213
        ],
        "graph_max_wire_length": [
            1622.5992665188292,
            1558.567754749279,
            1666.0685540072973,
            [
                1286.59768941939,
                1332.0079964169745,
                1457.4968284352258,
                1810.3411987075158,
                2222.741867525412,
                2309.055323035659
            ],
            1671.2340769491304
        ],
        "graph_avg_wire_length": [
            713.434414612578,
            674.7800043221861,
            754.9592679527647,
            [
                614.4946283418991,
                622.3645642974647,
                642.0082746374565,
                822.3932822443517,
                1037.5409498834908,
                1134.7033800755305
            ],
            761.3930228189009
        ],
        "graph_max_node_count": [
            48.0,
            47.0,
            49.5,
            [
                39.95,
                40.9,
                44.0,
                53.25,
                64.20000000000002,
                67.05
            ],
            50.08
        ],
        "graph_avg_node_count": [
            20.554986747536503,
            19.263472365373318,
            21.518471162261097,
            [
                17.71062467759216,
                17.794104730853682,
                18.454419491138424,
                23.270949974509332,
                28.75792962711027,
                32.800329210185936
            ],
            21.869780611729407
        ],