{
    "total_wire_length": 6215.605749136316,
    "total_jumper_length": 542.757556444974,
    "total_jumper_count": 14,
    "center_node_count": 15,
    "edge_node_count": 39,
    "total_node_count": 54,
    "reachable_node_count": [
        54.0,
        54.0,
        54.0,
        [
            54.0,
            54.0,
            54.0,
            54.0,
            54.0,
            54.0
        ],
        54.0
    ],
    "unreachable_node_count": [
        0.0,
        0.0,
        0.0,
        [
            0.0,
            0.0,
            0.0,
            0.0,
            0.0,
            0.0
        ],
        0.0
    ],
    "reachable_wire_length": [
        6215.605749136315,
        6215.605749136315,
        6215.605749136315,
        [
            6215.605749136315,
            6215.605749136315,
            6215.605749136315,
            6215.605749136315,
            6215.605749136315,
            6215.605749136315
        ],
        6215.605749136315
    ],
    "unreachable_wire_length": [
        0.0,
        0.0,
        0.0,
        [
            0.0,
            0.0,
            0.0,
            0.0,
            0.0,
            0.0
        ],
        0.0
    ],
    "reachable_jumper_length": [
        542.7575564449739,
        542.7575564449739,
        542.7575564449739,
        [
            542.7575564449739,
            542.7575564449739,
            542.7575564449739,
            542.7575564449739,
            542.7575564449739,
            542.7575564449739
        ],
        542.757556444974
    ],
    "unreachable_jumper_length": [
        0.0,
        0.0,
        0.0,
        [
            0.0,
            0.0,
            0.0,
            0.0,
            0.0,
            0.0
        ],
        0.0
    ],
    "reachable_jumper_count": [
        14.0,
        14.0,
        14.0,
        [
            14.0,
            14.0,
            14.0,
            14.0,
            14.0,
            14.0
        ],
        14.0
    ],
    "unreachable_jumper_count": [
        0.0,
        0.0,
        0.0,
        [
            0.0,
            0.0,
            0.0,
            0.0,
            0.0,
            0.0
        ],
        0.0
    ],
    "shortest_path": {
        "percent_useful_node_count": [
            0.6574074074074074,
            0.6481481481481481,
            0.6666666666666666,
            [
                0.6111111111111112,
                0.6111111111111112,
                0.6435185185185185,
                0.6851851851851852,
                0.7037037037037037,
                0.7222222222222222
            ],
            0.6596296296296298
        ],
        "percent_useful_wire_length": 48.20084137046411,
        "percent_reachable_sensors": 0.93881,
        "percent_useful_jumper_count": [
            0.7142857142857143,
            0.7142857142857143,
            0.7142857142857143,
            [
                0.6392857142857143,
                0.6428571428571429,
                0.7142857142857143,
                0.7857142857142857,
                0.7857142857142857,
                0.7857142857142857
            ],
            0.7185714285714286
        ],
        "percent_useful_jumper_length": [
            0.21428571428571427,
            0.21428571428571427,
            0.2857142857142857,
            [
                0.21428571428571427,
                0.21428571428571427,
                0.21428571428571427,
                0.2857142857142857,
                0.2857142857142857,
                0.2857142857142857
            ],
            0.2492857142857143
        ],
        "percent_unreachable_bc_short_jumper": 0.06119,
        "percent_multiroute_reached_nodes": [
            0.45714285714285713,
            0.43843843843843844,
            0.47058823529411764,
            [
                0.3888888888888889,
                0.3994736842105263,
                0.4199561403508772,
                0.4857142857142857,
                0.5142857142857142,
                0.5152003910068426
            ],
            0.4538659850734528
        ],
        "path_length_max": [
            1151.7292198376776,
            1128.065120701831,
            1151.7292198376776
        ],
        "path_length_avg": [
            455.7547690702337,
            454.332128513849,
            457.2784042221756,
            [
                166.1447052892028,
                214.6292979479386,
                329.1537685965064,
                575.5419010898568,
                687.1921522760977,
                757.138708755178
            ],
            455.9431753218144
        ],
        "path_node_count_max": [
            10.0,
            10.0,
            10.0
        ],
        "path_node_count_avg": [
            4.0,
            4.0,
            4.0,
            [
                1.0,
                1.0,
                2.0,
                5.0,
                7.0,
                8.0
            ],
            4.196887549131347
        ],
        "path_jumper_count_max": [
            5.0,
            5.0,
            5.0
        ],
        "path_jumper_count_avg": [
            1.0,
            1.0,
            1.0,
            [
                0.0,
                0.0,
                0.0,
                1.0,
                2.0,
                2.0
            ],
            0.8615161747318414
        ],
        "path_sensor_jumper_length_max": [
            79.99676880522529,
            79.98944476282449,
            79.99676880522529
        ],
        "path_sensor_jumper_length_avg": [
            19.600818116102356,
            19.42428123371067,
            19.757183912069834,
            [
                1.6040375825598174,
                3.2783495574757997,
                8.705295541181409,
                35.35214234398668,
                52.81371360258503,
                62.787356692037676
            ],
            24.048747691213745
        ],
        "path_router_node_branches_max": [
            4.0,
            3.0,
            4.0
        ],
        "path_router_node_branches_avg": [
            3.0,
            2.0,
            3.0,
            [
                2.0,
                2.0,
                2.0,
                3.0,
                4.0,
                4.0
            ],
            2.8
        ],
        "graph_max_wire_length": [
            764.5191383175877,
            746.9141018117002,
            789.624735518764,
            [
                630.1530878303901,
                655.9181423396866,
                713.3987211885784,
                820.2086317632966,
                867.6736275639715,
                921.2261505657311
            ],
            770.0143234404015
        ],
        "graph_avg_wire_length": [
            422.7100803437845,
            412.3885397818537,
            441.1365679731088,
            [
                361.342596983834,
                366.3956914203272,
                389.3380003238542,
                486.91158255299604,
                541.9503852474152,
                604.6267748486551
            ],
            444.62866717136393
        ],
        "graph_max_node_count": [
            9.0,
            9.0,
            9.0,
            [
                7.0,
                7.0,
                7.0,
                10.0,
                10.0,
                10.0
            ],
            8.56
        ],
        "graph_avg_node_count": [
            4.796296296296297,
            4.754716981132075,
            4.874768775434702,
            [
                4.184259259259259,
                4.2592592592592595,
                4.515,
                5.181818181818182,
                6.703703703703703,
                6.981481481481482
            ],
            5.02934860339644
        ],