{
    "total_wire_length": 12138.762892861298,
    "total_jumper_length": 3382.3628822095957,
    "total_jumper_count": 49,
    "center_node_count": 32,
    "edge_node_count": 66,
    "total_node_count": 98,
    "reachable_node_count": [
        98.0,
        98.0,
        98.0,
        [
            98.0,
            98.0,
            98.0,
            98.0,
            98.0,
            98.0
        ],
        98.0
    ],
    "unreachable_node_count": [
        0.0,
        0.0,
        0.0,
        [
            0.0,
            0.0,
            0.0,
            0.0,
            0.0,
            0.0
        ],
        0.0
    ],
    "reachable_wire_length": [
        12138.762892861298,
        12138.762892861298,
        12138.762892861298,
        [
            12138.762892861298,
            12138.762892861298,
            12138.762892861298,
            12138.762892861298,
            12138.762892861298,
            12138.762892861298
        ],
        12138.762892861301
    ],
    "unreachable_wire_length": [
        0.0,
        0.0,
        0.0,
        [
            0.0,
            0.0,
            0.0,
            0.0,
            0.0,
            0.0
        ],
        0.0
    ],
    "reachable_jumper_length": [
        3382.3628822095957,
        3382.3628822095957,
        3382.3628822095957,
        [
            3382.3628822095957,
            3382.3628822095957,
            3382.3628822095957,
            3382.3628822095957,
            3382.3628822095957,
            3382.3628822095957
        ],
        3382.3628822095948
    ],
    "unreachable_jumper_length": [
        0.0,
        0.0,
        0.0,
        [
            0.0,
            0.0,
            0.0,
            0.0,
            0.0,
            0.0
        ],
        0.0
    ],
    "reachable_jumper_count": [
        49.0,
        49.0,
        49.0,
        [
            49.0,
            49.0,
            49.0,
            49.0,
            49.0,
            49.0
        ],
        49.0
    ],
    "unreachable_jumper_count": [
        0.0,
        0.0,
        0.0,
        [
            0.0,
            0.0,
            0.0,
            0.0,
            0.0,
            0.0
        ],
        0.0
    ],
    "shortest_path": {
        "percent_useful_node_count": [
            0.6938775510204082,
            0.6836734693877551,
            0.7040816326530612,
            [
                0.6525510204081633,
                0.6622448979591836,
                0.673469387755102,
                0.7142857142857143,
                0.7346938775510204,
                0.7448979591836735
            ],
            0.6940816326530613
        ],
        "percent_useful_wire_length": 50.20214278690783,
        "percent_reachable_sensors": 1.0,
        "percent_useful_jumper_count": [
            0.4489795918367347,
            0.4489795918367347,
            0.46938775510204084,
            [
                0.3673469387755102,
                0.3877551020408163,
                0.42857142857142855,
                0.4744897959183674,
                0.4897959183673469,
                0.5102040816326531
            ],
            0.4479591836734694
        ],
        "percent_useful_jumper_length": [
            0.10204081632653061,
            0.08163265306122448,
            0.10204081632653061,
            [
                0.061224489795918366,
                0.061224489795918366,
                0.08163265306122448,
                0.10204081632653061,
                0.12244897959183673,
                0.12244897959183673
            ],
            0.0926530612244898
        ],
        "percent_unreachable_bc_short_jumper": 0.0,
        "percent_multiroute_reached_nodes": [
            0.5281746031746032,
            0.5217391304347826,
            0.5303030303030303,
            [
                0.4593436293436294,
                0.471969696969697,
                0.5,
                0.5507246376811594,
                0.5673708381171068,
                0.5784495192307693
            ],
            0.5229984823964046
        ],
        "path_length_max": [
            1128.973849751596,
            1119.2736583951132,
            1128.973849751596
        ],
        "path_length_avg": [
            543.50946561497,
            541.8015330115984,
            545.0812893288706,
            [
                200.06062252281345,
                265.910747865927,
                392.48889975194646,
                673.8322949465394,
                773.8097925718859,
                831.791504867496
            ],
            532.4440819161687
        ],
        "path_node_count_max": [
            13.0,
            13.0,
            13.0
        ],
        "path_node_count_avg": [
            5.0,
            5.0,
            5.0,
            [
                1.0,
                2.0,
                3.0,
                6.0,
                8.0,
                9.0
            ],
            4.89567
        ],
        "path_jumper_count_max": [
            8.0,
            8.0,
            8.0
        ],
        "path_jumper_count_avg": [
            1.0,
            1.0,
            1.0,
            [
                0.0,
                0.0,
                0.0,
                1.0,
                2.0,
                3.0
            ],
            1.00699
        ],
        "path_sensor_jumper_length_max": [
            114.70280651400903,
            110.24459521741436,
            114.70280651400903
        ],
        "path_sensor_jumper_length_avg": [
            18.344595858258685,
            18.199317551065477,
            18.49613986793496,
            [
                1.5353724095396162,
                3.1388501821290977,
                8.23249850744278,
                32.86272186118468,
                48.976102225517735,
                59.569927386803016
            ],
            22.669609232034624
        ],
        "path_router_node_branches_max": [
            4.0,
            4.0,
            4.0
        ],
        "path_router_node_branches_avg": [
            3.0,
            2.0,
            3.0,
            [
                2.0,
                2.0,
                2.0,
                3.0,
                4.0,
                4.0
            ],
            2.6486486486486487
        ],
        "graph_max_wire_length": [
            884.9286646732734,
            859.4402800551818,
            912.0112947730374,
            [
                779.7462984590111,
                804.8027650135145,
                824.3885074653717,
                954.4725526410477,
                1007.8744142090153,
                1030.7442655017605
            ],
            893.4890668380025
        ],
        "graph_avg_wire_length": [
            517.9783897028692,
            504.13748275163204,
            527.4445116527573,
            [
                452.7486904429057,
                461.3994288673893,
                478.35293544926844,
                553.1723192180834,
                591.1207862926652,
                624.215989694835
            ],
            521.9273969489991
        ],
        "graph_max_node_count": [
            10.0,
            10.0,
            11.0,
            [
                9.0,
                9.0,
                10.0,
                11.0,
                12.100000000000009,
                13.0
            ],
            10.63
        ],
        "graph_avg_node_count": [
            5.474489795918368,
            5.375,
            5.669678566992565,
            [
                4.947459499263624,
                5.030230263157895,
                5.12843716433942,
                6.075521457684008,
                6.769662921348315,
                7.313020833333334
            ],
            5.742716723633024
        ],