{
    "total_wire_length": 72606.61225222528,
    "total_jumper_length": 6720.801204380352,
    "total_jumper_count": 357,
    "center_node_count": 724,
    "edge_node_count": 354,
    "total_node_count": 1078,
    "reachable_node_count": [
        1078.0,
        1078.0,
        1078.0,
        [
            1078.0,
            1078.0,
            1078.0,
            1078.0,
            1078.0,
            1078.0
        ],
        1078.0
    ],
    "unreachable_node_count": [
        0.0,
        0.0,
        0.0,
        [
            0.0,
            0.0,
            0.0,
            0.0,
            0.0,
            0.0
        ],
        0.0
    ],
    "reachable_wire_length": [
        72606.61225222527,
        72606.61225222527,
        72606.61225222527,
        [
            72606.61225222527,
            72606.61225222527,
            72606.61225222527,
            72606.61225222527,
            72606.61225222527,
            72606.61225222527
        ],
        72606.61225222527
    ],
    "unreachable_wire_length": [
        0.0,
        0.0,
        0.0,
        [
            0.0,
            0.0,
            0.0,
            0.0,
            0.0,
            0.0
        ],
        0.0
    ],
    "reachable_jumper_length": [
        6720.801204380349,
        6720.801204380349,
        6720.801204380349,
        [
            6720.801204380349,
            6720.801204380349,
            6720.801204380349,
            6720.801204380349,
            6720.801204380349,
            6720.801204380349
        ],
        6720.801204380347
    ],
    "unreachable_jumper_length": [
        0.0,
        0.0,
        0.0,
        [
            0.0,
            0.0,
            0.0,
            0.0,
            0.0,
            0.0
        ],
        0.0
    ],
    "reachable_jumper_count": [
        357.0,
        357.0,
        357.0,
        [
            357.0,
            357.0,
            357.0,
            357.0,
            357.0,
            357.0
        ],
        357.0
    ],
    "unreachable_jumper_count": [
        0.0,
        0.0,
        0.0,
        [
            0.0,
            0.0,
            0.0,
            0.0,
            0.0,
            0.0
        ],
        0.0
    ],
    "shortest_path": {
        "percent_useful_node_count": [
            0.7374768089053804,
            0.7328385899814471,
            0.7393320964749536,
            [
                0.7188775510204082,
                0.7216141001855287,
                0.7263450834879406,
                0.7439703153988868,
                0.7495361781076066,
                0.7560760667903526
            ],
            0.736187384044527
        ],
        "percent_useful_wire_length": 38.063734618949965,
        "percent_reachable_sensors": 1.0,
        "percent_useful_jumper_count": [
            0.2661064425770308,
            0.2605042016806723,
            0.27170868347338933,
            [
                0.22969187675070027,
                0.23529411764705882,
                0.25210084033613445,
                0.2773109243697479,
                0.28879551820728294,
                0.29439775910364147
            ],
            0.26450980392156853
        ],
        "percent_useful_jumper_length": [
            0.014005602240896359,
            0.011204481792717087,
            0.014005602240896359,
            [
                0.008403361344537815,
                0.008403361344537815,
                0.011204481792717087,
                0.014005602240896359,
                0.014005602240896359,
                0.01680672268907563
            ],
            0.01246498599439776
        ],
        "percent_unreachable_bc_short_jumper": 0.0,
        "percent_multiroute_reached_nodes": [
            0.33141408319716015,
            0.32249688299232737,
            0.3404828278070955,
            [
                0.2778620244672075,
                0.29359287289215114,
                0.30820290413002416,
                0.350314465408805,
                0.3671660442680982,
                0.37090870967275463
            ],
            0.3291344523148345
        ],
        "path_length_max": [
            1146.4577424485385,
            1128.6528390089634,
            1146.4577424485385
        ],
        "path_length_avg": [
            552.8634071323638,
            551.0343962196274,
            554.975853915008,
            [
                174.2215986135608,
                243.414082700731,
                381.4606224063784,
                699.0851381311523,
                802.9736808406278,
                865.867609936417
            ],
            538.8775554235756
        ],
        "path_node_count_max": [
            39.0,
            37.0,
            39.0
        ],
        "path_node_count_avg": [
            16.0,
            15.0,
            16.0,
            [
                5.0,
                7.0,
                11.0,
                20.0,
                24.0,
                26.0
            ],
            15.35993
        ],
        "path_jumper_count_max": [
            28.0,
            27.0,
            28.0
        ],
        "path_jumper_count_avg": [
            1.0,
            1.0,
            1.0,
            [
                0.0,
                0.0,
                0.0,
                2.0,
                7.0,
                10.0
            ],
            2.16954
        ],
        "path_sensor_jumper_length_max": [
            30.34251449638185,
            27.066918645327437,
            30.34251449638185
        ],
        "path_sensor_jumper_length_avg": [
            4.482582354498068,
            4.447106909469644,
            4.518331031351517,
            [
                0.3844464176872156,
                0.7756108409288228,
                2.0259979289937253,
                7.852212067980835,
                11.523732383398883,
                14.023351850048929
            ],
            5.418804791007316
        ],
        "path_router_node_branches_max": [
            4.0,
            4.0,
            4.0
        ],
        "path_router_node_branches_avg": [
            2.0,
            2.0,
            2.0,
            [
                2.0,
                2.0,
                2.0,
                2.0,
                3.0,
                4.0
            ],
            2.288732394366197
        ],
        "graph_max_wire_length": [
            966.6416707646756,
            942.5846816059413,
            991.5617138712215,
            [
                791.5624113153627,
                814.2862747926201,
                900.2212210654719,
                1033.548159191857,
                1096.387202104052,
                1113.0038294655978
            ],
            962.5871047791304
        ],
        "graph_avg_wire_length": [
            527.2829081865227,
            515.248575880179,
            539.8244342855982,
            [
                466.878479332284,
                478.01312483823165,
                497.28584231435127,
                575.5384993988514,
                628.0686523634889,
                646.1797762772246
            ],
            540.3859208427076
        ],
        "graph_max_node_count": [
            30.0,
            29.0,
            31.0,
            [
                23.0,
                24.0,
                27.0,
                34.0,
                35.10000000000001,
                37.0
            ],
            30.32
        ],
        "graph_avg_node_count": [
            15.751204902300563,
            15.232683982683982,
            16.25017715419501,
            [
                13.622299277030175,
                13.796411709159583,
                14.442314122670057,
                17.606110064867128,
                18.996155292076345,
                19.80999882994588
            ],
            16.13865489747597
        ],