{
    "total_wire_length": 28713.039471346317,
    "total_jumper_length": 3711.5857768010906,
    "total_jumper_count": 189,
    "center_node_count": 286,
    "edge_node_count": 202,
    "total_node_count": 488,
    "reachable_node_count": [
        488.0,
        488.0,
        488.0,
        [
            488.0,
            488.0,
            488.0,
            488.0,
            488.0,
            488.0
        ],
        488.0
    ],
    "unreachable_node_count": [
        0.0,
        0.0,
        0.0,
        [
            0.0,
            0.0,
            0.0,
            0.0,
            0.0,
            0.0
        ],
        0.0
    ],
    "reachable_wire_length": [
        28713.03947134633,
        28713.03947134633,
        28713.03947134633,
        [
            28713.03947134633,
            28713.03947134633,
            28713.03947134633,
            28713.03947134633,
            28713.03947134633,
            28713.03947134633
        ],
        28713.039471346325
    ],
    "unreachable_wire_length": [
        0.0,
        0.0,
        0.0,
        [
            0.0,
            0.0,
            0.0,
            0.0,
            0.0,
            0.0
        ],
        0.0
    ],
    "reachable_jumper_length": [
        3711.5857768010897,
        3711.5857768010897,
        3711.5857768010897,
        [
            3711.5857768010897,
            3711.5857768010897,
            3711.5857768010897,
            3711.5857768010897,
            3711.5857768010897,
            3711.5857768010897
        ],
        3711.58577680109
    ],
    "unreachable_jumper_length": [
        0.0,
        0.0,
        0.0,
        [
            0.0,
            0.0,
            0.0,
            0.0,
            0.0,
            0.0
        ],
        0.0
    ],
    "reachable_jumper_count": [
        189.0,
        189.0,
        189.0,
        [
            189.0,
            189.0,
            189.0,
            189.0,
            189.0,
            189.0
        ],
        189.0
    ],
    "unreachable_jumper_count": [
        0.0,
        0.0,
        0.0,
        [
            0.0,
            0.0,
            0.0,
            0.0,
            0.0,
            0.0
        ],
        0.0
    ],
    "shortest_path": {
        "percent_useful_node_count": [
            0.7459016393442623,
            0.7407530737704918,
            0.75,
            [
                0.723155737704918,
                0.7254098360655737,
                0.7351434426229508,
                0.7561475409836066,
                0.7622950819672131,
                0.7644467213114754
            ],
            0.7447540983606558
        ],
        "percent_useful_wire_length": 41.72200442140538,
        "percent_reachable_sensors": 1.0,
        "percent_useful_jumper_count": [
            0.31746031746031744,
            0.31216931216931215,
            0.32275132275132273,
            [
                0.2642857142857143,
                0.2751322751322751,
                0.29497354497354494,
                0.3386243386243386,
                0.3544973544973545,
                0.36507936507936506
            ],
            0.31555555555555553
        ],
        "percent_useful_jumper_length": [
            0.021164021164021163,
            0.021164021164021163,
            0.026455026455026454,
            [
                0.015873015873015872,
                0.015873015873015872,
                0.021164021164021163,
                0.026455026455026454,
                0.031746031746031744,
                0.031746031746031744
            ],
            0.023492063492063488
        ],
        "percent_unreachable_bc_short_jumper": 0.0,
        "percent_multiroute_reached_nodes": [
            0.4246575342465753,
            0.41689373297002724,
            0.43169398907103823,
            [
                0.3823962426048864,
                0.3908355795148248,
                0.40217061945163296,
                0.44561086392287724,
                0.4606277098935751,
                0.4657534246575342
            ],
            0.424560179143006
        ],
        "path_length_max": [
            815.711953723309,
            801.2176355248301,
            815.711953723309
        ],
        "path_length_avg": [
            349.6406283873108,
            348.2198357952001,
            350.84647115880193,
            [
                117.05365662624226,
                159.5586473182591,
                244.27440251566406,
                445.97414748901804,
                529.7697573653622,
                581.9019134626495
            ],
            347.50748259529536
        ],
        "path_node_count_max": [
            25.0,
            24.0,
            25.0
        ],
        "path_node_count_avg": [
            10.0,
            10.0,
            10.0,
            [
                3.0,
                4.0,
                7.0,
                13.0,
                16.0,
                17.0
            ],
            10.01994
        ],
        "path_jumper_count_max": [
            17.0,
            17.0,
            17.0
        ],
        "path_jumper_count_avg": [
            1.0,
            1.0,
            1.0,
            [
                0.0,
                0.0,
                0.0,
                1.0,
                3.0,
                4.0
            ],
            1.16222
        ],
        "path_sensor_jumper_length_max": [
            22.514963273827927,
            21.884941151385675,
            22.514963273827927
        ],
        "path_sensor_jumper_length_avg": [
            4.449112336067768,
            4.418717328865051,
            4.481048394339767,
            [
                0.3695983440770563,
                0.7638884671688866,
                2.018700027793793,
                7.796533031875802,
                11.563228041052021,
                14.12788833574702
            ],
            5.406423346525297
        ],
        "path_router_node_branches_max": [
            4.0,
            4.0,
            4.0
        ],
        "path_router_node_branches_avg": [
            2.0,
            2.0,
            2.0,
            [
                2.0,
                2.0,
                2.0,
                3.0,
                3.0,
                3.0
            ],
            2.303225806451613
        ],
        "graph_max_wire_length": [
            664.5160099353643,
            647.7000139608944,
            680.8799638566849,
            [
                544.0687505552168,
                562.6275484197482,
                612.0775091050914,
                713.2906562471985,
                758.143109008447,
                775.0626963158006
            ],
            663.0312056493729
        ],
        "graph_avg_wire_length": [
            341.59180662475643,
            332.21331108254117,
            350.735960678544,
            [
                309.5187716256897,
                312.9816803351777,
                324.53082845825963,
                372.9052818927575,
                400.1526937637591,
                418.4400689400632
            ],
            350.9768718651509
        ],
        "graph_max_node_count": [
            20.0,
            19.0,
            20.5,
            [
                17.0,
                18.0,
                19.0,
                23.0,
                24.0,
                25.0
            ],
            20.44
        ],
        "graph_avg_node_count": [
            10.571866058655221,
            10.29934565451951,
            10.816387091699278,
            [
                9.555059935454127,
                9.614124756335283,
                10.023314995242963,
                11.94273728809249,
                12.745390854184643,
                13.220425228310502
            ],
            10.968026157155279
        ],