{
    "total_wire_length": 84067.19180428192,
    "total_jumper_length": 205513.27376746695,
    "total_jumper_count": 3091,
    "center_node_count": 1679,
    "edge_node_count": 521,
    "total_node_count": 2200,
    "reachable_node_count": [
        2200.0,
        2200.0,
        2200.0,
        [
            2200.0,
            2200.0,
            2200.0,
            2200.0,
            2200.0,
            2200.0
        ],
        2200.0
    ],
    "unreachable_node_count": [
        0.0,
        0.0,
        0.0,
        [
            0.0,
            0.0,
            0.0,
            0.0,
            0.0,
            0.0
        ],
        0.0
    ],
    "reachable_wire_length": [
        84067.19180428187,
        84067.19180428187,
        84067.19180428187,
        [
            84067.19180428187,
            84067.19180428187,
            84067.19180428187,
            84067.19180428187,
            84067.19180428187,
            84067.19180428187
        ],
        84067.19180428189
    ],
    "unreachable_wire_length": [
        0.0,
        0.0,
        0.0,
        [
            0.0,
            0.0,
            0.0,
            0.0,
            0.0,
            0.0
        ],
        0.0
    ],
    "reachable_jumper_length": [
        205513.27376746672,
        205513.27376746672,
        205513.27376746672,
        [
            205513.27376746672,
            205513.27376746672,
            205513.27376746672,
            205513.27376746672,
            205513.27376746672,
            205513.27376746672
        ],
        205513.27376746674
    ],
    "unreachable_jumper_length": [
        0.0,
        0.0,
        0.0,
        [
            0.0,
            0.0,
            0.0,
            0.0,
            0.0,
            0.0
        ],
        0.0
    ],
    "reachable_jumper_count": [
        3091.0,
        3091.0,
        3091.0,
        [
            3091.0,
            3091.0,
            3091.0,
            3091.0,
            3091.0,
            3091.0
        ],
        3091.0
    ],
    "unreachable_jumper_count": [
        0.0,
        0.0,
        0.0,
        [
            0.0,
            0.0,
            0.0,
            0.0,
            0.0,
            0.0
        ],
        0.0
    ],
    "shortest_path": {
        "percent_useful_node_count": [
            0.7154545454545455,
            0.7104545454545454,
            0.7179545454545455,
            [
                0.6799772727272728,
                0.684409090909091,
                0.70125,
                0.7236363636363636,
                0.7300909090909091,
                0.732909090909091
            ],
            0.7111227272727273
        ],
        "percent_useful_wire_length": 36.723374535602005,
        "percent_reachable_sensors": 1.0,
        "percent_useful_jumper_count": [
            0.032675509543836946,
            0.03170494985441605,
            0.033646069233257844,
            [
                0.028760918796505986,
                0.02940795858945325,
                0.030734390164995146,
                0.03558718861209965,
                0.03720478809446781,
                0.03785182788741508
            ],
            0.0329828534454869
        ],
        "percent_useful_jumper_length": [
            0.0012940795858945326,
            0.0012940795858945326,
            0.0012940795858945326,
            [
                0.0009705596894208993,
                0.0009705596894208993,
                0.0012940795858945326,
                0.0016175994823681655,
                0.0016175994823681655,
                0.0019411193788417987
            ],
            0.001358783565189259
        ],
        "percent_unreachable_bc_short_jumper": 0.0,
        "percent_multiroute_reached_nodes": [
            0.29118480349923787,
            0.281703779234741,
            0.3013883904464516,
            [
                0.23652283418724723,
                0.245206561626712,
                0.26809134087662656,
                0.322701296923656,
                0.3546886475532465,
                0.369879740298067
            ],
            0.29582751021816545
        ],
        "path_length_max": [
            889.7068446956638,
            884.2414386225075,
            889.7068446956638
        ],
        "path_length_avg": [
            411.06404152638595,
            409.5078558978711,
            412.54120593885176,
            [
                126.40984972637447,
                177.62417450209622,
                281.8793375595324,
                522.3804289835309,
                615.4961119257237,
                669.8357726128561
            ],
            403.6756978607662
        ],
        "path_node_count_max": [
            48.0,
            48.0,
            48.0
        ],
        "path_node_count_avg": [
            21.0,
            21.0,
            21.0,
            [
                6.0,
                9.0,
                14.0,
                27.0,
                32.0,
                35.0
            ],
            20.65422
        ],
        "path_jumper_count_max": [
            10.0,
            9.0,
            10.0
        ],
        "path_jumper_count_avg": [
            1.0,
            1.0,
            1.0,
            [
                0.0,
                0.0,
                0.0,
                2.0,
                3.0,
                3.0
            ],
            1.236
        ],
        "path_sensor_jumper_length_max": [
            15.279807178988364,
            13.998722426905594,
            15.279807178988364
        ],
        "path_sensor_jumper_length_avg": [
            2.2333931981249107,
            2.2159280756910027,
            2.249774798277674,
            [
                0.18782043832604495,
                0.3888190298558581,
                1.0133538763956031,
                3.898272839927235,
                5.713460173449557,
                6.983560864350724
            ],
            2.6961651756128933
        ],
        "path_router_node_branches_max": [
            17.0,
            14.0,
            17.0
        ],
        "path_router_node_branches_avg": [
            2.0,
            2.0,
            2.0,
            [
                2.0,
                2.0,
                2.0,
                3.0,
                7.0,
                11.0
            ],
            3.2952127659574466
        ],
        "graph_max_wire_length": [
            765.5076978273507,
            725.2292996295795,
            793.7877230492783,
            [
                630.7251587073246,
                637.0085161106513,
                678.5812708996681,
                817.2938390570554,
                861.2874743138836,
                872.4966313912984
            ],
            753.8811868364425
        ],
        "graph_avg_wire_length": [
            403.37942756046766,
            386.84031031309746,
            413.92130280906747,
            [
                354.66242338166154,
                356.90115870285956,
                365.04269538500694,
                425.7314706695517,
                454.09543679800925,
                482.2623043732563
            ],
            404.05156318746
        ],
        "graph_max_node_count": [
            41.0,
            40.0,
            43.0,
            [
                34.0,
                35.0,
                38.0,
                45.0,
                47.0,
                47.05
            ],
            41.29
        ],
        "graph_avg_node_count": [
            20.710408507816105,
            20.20288879248629,
            21.313365517899,
            [
                18.828930424425284,
                19.031065482889417,
                19.498687095638992,
                22.253002183406114,
                23.645818185975266,
                24.904070851912017
            ],
            21.13596909076005
        ],