{
    "total_wire_length": 7624.674545324888,
    "total_jumper_length": 2430.9164659443995,
    "total_jumper_count": 41,
    "center_node_count": 19,
    "edge_node_count": 51,
    "total_node_count": 70,
    "reachable_node_count": [
        70.0,
        70.0,
        70.0,
        [
            70.0,
            70.0,
            70.0,
            70.0,
            70.0,
            70.0
        ],
        70.0
    ],
    "unreachable_node_count": [
        0.0,
        0.0,
        0.0,
        [
            0.0,
            0.0,
            0.0,
            0.0,
            0.0,
            0.0
        ],
        0.0
    ],
    "reachable_wire_length": [
        7624.674545324889,
        7624.674545324889,
        7624.674545324889,
        [
            7624.674545324889,
            7624.674545324889,
            7624.674545324889,
            7624.674545324889,
            7624.674545324889,
            7624.674545324889
        ],
        7624.674545324889
    ],
    "unreachable_wire_length": [
        0.0,
        0.0,
        0.0,
        [
            0.0,
            0.0,
            0.0,
            0.0,
            0.0,
            0.0
        ],
        0.0
    ],
    "reachable_jumper_length": [
        2430.9164659444004,
        2430.9164659444004,
        2430.9164659444004,
        [
            2430.9164659444004,
            2430.9164659444004,
            2430.9164659444004,
            2430.9164659444004,
            2430.9164659444004,
            2430.9164659444004
        ],
        2430.9164659444
    ],
    "unreachable_jumper_length": [
        0.0,
        0.0,
        0.0,
        [
            0.0,
            0.0,
            0.0,
            0.0,
            0.0,
            0.0
        ],
        0.0
    ],
    "reachable_jumper_count": [
        41.0,
        41.0,
        41.0,
        [
            41.0,
            41.0,
            41.0,
            41.0,
            41.0,
            41.0
        ],
        41.0
    ],
    "unreachable_jumper_count": [
        0.0,
        0.0,
        0.0,
        [
            0.0,
            0.0,
            0.0,
            0.0,
            0.0,
            0.0
        ],
        0.0
    ],
    "shortest_path": {
        "percent_useful_node_count": [
            0.7642857142857142,
            0.7571428571428571,
            0.7714285714285715,
            [
                0.7142857142857143,
                0.7142857142857143,
                0.7428571428571429,
                0.7857142857142857,
                0.8014285714285716,
                0.815
            ],
            0.7638571428571429
        ],
        "percent_useful_wire_length": 57.68350119850443,
        "percent_reachable_sensors": 1.0,
        "percent_useful_jumper_count": [
            0.5365853658536586,
            0.5121951219512195,
            0.5365853658536586,
            [
                0.43902439024390244,
                0.4634146341463415,
                0.4878048780487805,
                0.5609756097560976,
                0.5853658536585366,
                0.5853658536585366
            ],
            0.5236585365853659
        ],
        "percent_useful_jumper_length": [
            0.0975609756097561,
            0.0975609756097561,
            0.0975609756097561,
            [
                0.07317073170731707,
                0.07317073170731707,
                0.07317073170731707,
                0.12195121951219512,
                0.12195121951219512,
                0.14634146341463414
            ],
            0.09829268292682924
        ],
        "percent_unreachable_bc_short_jumper": 0.0,
        "percent_multiroute_reached_nodes": [
            0.47368421052631576,
            0.4642857142857143,
            0.4818121693121693,
            [
                0.43103448275862066,
                0.4419365721997301,
                0.45454545454545453,
                0.5,
                0.5295318127250901,
                0.5472623011468738
            ],
            0.48065856050578604
        ],
        "path_length_max": [
            1440.2683801391215,
            1401.6232926686673,
            1440.2683801391215
        ],
        "path_length_avg": [
            499.92825556350715,
            498.257445976323,
            501.74878308636625,
            [
                168.9710401980334,
                221.4788170327608,
                350.664292896996,
                662.336440192269,
                832.6371280821438,
                931.6642095660263
            ],
            518.0671385004977
        ],
        "path_node_count_max": [
            16.0,
            16.0,
            16.0
        ],
        "path_node_count_avg": [
            5.0,
            5.0,
            5.0,
            [
                1.0,
                1.0,
                3.0,
                6.0,
                8.0,
                10.0
            ],
            4.94537
        ],
        "path_jumper_count_max": [
            7.0,
            7.0,
            7.0
        ],
        "path_jumper_count_avg": [
            1.0,
            1.0,
            1.0,
            [
                0.0,
                0.0,
                1.0,
                2.0,
                3.0,
                3.0
            ],
            1.203
        ],
        "path_sensor_jumper_length_max": [
            96.4855485098748,
            95.10251679720818,
            96.4855485098748
        ],
        "path_sensor_jumper_length_avg": [
            17.812745594498374,
            17.67269306912278,
            17.95091754807701,
            [
                1.4515464981080206,
                3.008556072209267,
                8.031580665200188,
                31.52153274463513,
                46.086802806081046,
                55.957032090473035
            ],
            21.680200322346046
        ],
        "path_router_node_branches_max": [
            4.0,
            3.0,
            4.0
        ],
        "path_router_node_branches_avg": [
            2.5,
            2.0,
            3.0,
            [
                2.0,
                2.0,
                2.0,
                3.0,
                3.5,
                4.0
            ],
            2.6153846153846154
        ],
        "graph_max_wire_length": [
            968.204190183445,
            909.9879121733632,
            1010.2513210960096,
            [
                744.3410560456863,
                781.2624105368595,
                855.8945605185532,
                1056.9283697955866,
                1214.477135518786,
                1308.8197784016243
            ],
            976.3609179010476
        ],
        "graph_avg_wire_length": [
            486.18037889527307,
            458.28979319116513,
            505.01931204006917,
            [
                401.33178455040644,
                406.45523356164756,
                429.58656479133987,
                537.3079599940056,
                612.0491988003973,
                669.3030988042107
            ],
            497.9798098419619
        ],
        "graph_max_node_count": [
            10.0,
            10.0,
            10.0,
            [
                8.0,
                8.0,
                9.0,
                13.0,
                15.0,
                16.0
            ],
            10.94
        ],
        "graph_avg_node_count": [
            5.363387978142077,
            5.225577792853913,
            5.559907834101383,
            [
                4.671428571428572,
                4.742484472049689,
                5.059701492537314,
                5.865671641791045,
                6.735714285714287,
                7.583142857142857
            ],
            5.6010144775781
        ],