{
    "total_wire_length": 11197.68095274906,
    "total_jumper_length": 22.201174317985174,
    "total_jumper_count": 3,
    "center_node_count": 28,
    "edge_node_count": 62,
    "total_node_count": 90,
    "reachable_node_count": [
        70.0,
        70.0,
        70.0,
        [
            20.0,
            20.0,
            70.0,
            70.0,
            70.0,
            70.0
        ],
        58.5
    ],
    "unreachable_node_count": [
        20.0,
        20.0,
        20.0,
        [
            20.0,
            20.0,
            20.0,
            20.0,
            70.0,
            70.0
        ],
        31.5
    ],
    "reachable_wire_length": [
        8948.255882577576,
        8948.255882577576,
        8948.255882577576,
        [
            2249.425070171483,
            2249.425070171483,
            8948.255882577576,
            8948.255882577576,
            8948.255882577576,
            8948.255882577576
        ],
        7407.524795724177
    ],
    "unreachable_wire_length": [
        2249.425070171483,
        2249.425070171483,
        2249.425070171483,
        [
            2249.425070171483,
            2249.425070171483,
            2249.425070171483,
            2249.425070171483,
            8948.255882577576,
            8948.255882577576
        ],
        3790.1561570248846
    ],
    "reachable_jumper_length": [
        22.201174317985174,
        22.201174317985174,
        22.201174317985174,
        [
            0.0,
            0.0,
            22.201174317985174,
            22.201174317985174,
            22.201174317985174,
            22.201174317985174
        ],
        17.094904224848577
    ],
    "unreachable_jumper_length": [
        0.0,
        0.0,
        0.0,
        [
            0.0,
            0.0,
            0.0,
            0.0,
            22.201174317985174,
            22.201174317985174
        ],
        5.10627009313659
    ],
    "reachable_jumper_count": [
        3.0,
        3.0,
        3.0,
        [
            0.0,
            0.0,
            3.0,
            3.0,
            3.0,
            3.0
        ],
        2.31
    ],
    "unreachable_jumper_count": [
        0.0,
        0.0,
        0.0,
        [
            0.0,
            0.0,
            0.0,
            0.0,
            3.0,
            3.0
        ],
        0.69
    ],
    "shortest_path": {
        "percent_useful_node_count": [
            0.3111111111111111,
            0.3111111111111111,
            0.3111111111111111,
            [
                0.06666666666666667,
                0.06666666666666667,
                0.2861111111111111,
                0.3111111111111111,
                0.32222222222222224,
                0.32222222222222224
            ],
            0.25677777777777777
        ],
        "percent_useful_wire_length": 26.125423734003558,
        "percent_reachable_sensors": 0.19442,
        "percent_useful_jumper_count": [
            1.0,
            1.0,
            1.0,
            [
                0.0,
                0.0,
                0.6666666666666666,
                1.0,
                1.0,
                1.0
            ],
            0.7533333333333333
        ],
        "percent_useful_jumper_length": [
            0.6666666666666666,
            0.6666666666666666,
            0.6666666666666666,
            [
                0.0,
                0.0,
                0.6666666666666666,
                0.6666666666666666,
                1.0,
                1.0
            ],
            0.5733333333333333
        ],
        "percent_unreachable_bc_short_jumper": 0.70628,
        "percent_multiroute_reached_nodes": [
            0.7142857142857143,
            0.7142857142857143,
            0.75,
            [
                0.689100985221675,
                0.6896551724137931,
                0.7027777777777777,
                0.75,
                1.0,
                1.0
            ],
            0.7610881338329614
        ],
        "path_length_max": [
            1485.0355747618144,
            1454.0149292913354,
            1485.0355747618144
        ],
        "path_length_avg": [
            553.5926060672191,
            547.7929129072219,
            558.6915671977198,
            [
                158.3322912571547,
                212.73132807015216,
                340.31635543353866,
                802.7211683136356,
                1017.172594388756,
                1127.7369276876111
            ],
            587.3722947927076
        ],
        "path_node_count_max": [
            12.0,
            12.0,
            12.0
        ],
        "path_node_count_avg": [
            5.0,
            5.0,
            5.0,
            [
                1.0,
                1.0,
                2.0,
                7.0,
                9.0,
                10.0
            ],
            4.954171381545109
        ],
        "path_jumper_count_max": [
            2.0,
            2.0,
            2.0
        ],
        "path_jumper_count_avg": [
            1.0,
            1.0,
            1.0,
            [
                0.0,
                0.0,
                0.0,
                1.0,
                2.0,
                2.0
            ],
            0.7472482254912046
        ],
        "path_sensor_jumper_length_max": [
            9.999996771395908,
            9.999034149676495,
            9.999996771395908
        ],
        "path_sensor_jumper_length_avg": [
            4.775103429971303,
            4.69219036182037,
            4.851134041966396,
            [
                0.44698654683422995,
                0.9046568439008126,
                2.3064697924374613,
                7.334980916974178,
                8.963280258667217,
                9.499826970800928
            ],
            4.8605093011135585
        ],
        "path_router_node_branches_max": [
            4.0,
            4.0,
            4.0
        ],
        "path_router_node_branches_avg": [
            3.0,
            3.0,
            4.0,
            [
                2.0,
                2.0,
                3.0,
                4.0,
                4.0,
                4.0
            ],
            3.1578947368421053
        ],
        "graph_max_wire_length": [
            1077.4011019702593,
            954.1189297464759,
            1165.212071090163,
            [
                419.1371349503827,
                507.63884251940016,
                813.7040712223013,
                1253.5177874241012,
                1351.7833793677476,
                1436.6326372696456
            ],
            999.6201839730446
        ],
        "graph_avg_wire_length": [
            588.875205057855,
            546.0472606474451,
            620.4048479212597,
            [
                277.3689514611062,
                306.54798112061036,
                482.3264937085416,
                682.3324834966643,
                782.0181607341058,
                812.7994376114659
            ],
            566.1418124517978
        ],
        "graph_max_node_count": [
            9.0,
            8.0,
            10.0,
            [
                3.0,
                4.0,
                7.0,
                12.0,
                12.100000000000009,
                13.0
            ],
            8.82
        ],
        "graph_avg_node_count": [
            5.7,
            5.292857142857143,
            5.828571428571428,
            [
                2.4475000000000002,
                2.645,
                4.871428571428571,
                6.417857142857143,
                7.34857142857143,
                7.614285714285714
            ],
            5.363857142857142
        ],