{
    "total_wire_length": 13816.706320221978,
    "total_jumper_length": 338.02174608663825,
    "total_jumper_count": 24,
    "center_node_count": 33,
    "edge_node_count": 71,
    "total_node_count": 104,
    "reachable_node_count": [
        104.0,
        104.0,
        104.0,
        [
            104.0,
            104.0,
            104.0,
            104.0,
            104.0,
            104.0
        ],
        104.0
    ],
    "unreachable_node_count": [
        0.0,
        0.0,
        0.0,
        [
            0.0,
            0.0,
            0.0,
            0.0,
            0.0,
            0.0
        ],
        0.0
    ],
    "reachable_wire_length": [
        13816.706320221982,
        13816.706320221982,
        13816.706320221982,
        [
            13816.706320221982,
            13816.706320221982,
            13816.706320221982,
            13816.706320221982,
            13816.706320221982,
            13816.706320221982
        ],
        13816.706320221983
    ],
    "unreachable_wire_length": [
        0.0,
        0.0,
        0.0,
        [
            0.0,
            0.0,
            0.0,
            0.0,
            0.0,
            0.0
        ],
        0.0
    ],
    "reachable_jumper_length": [
        338.0217460866383,
        338.0217460866383,
        338.0217460866383,
        [
            338.0217460866383,
            338.0217460866383,
            338.0217460866383,
            338.0217460866383,
            338.0217460866383,
            338.0217460866383
        ],
        338.02174608663836
    ],
    "unreachable_jumper_length": [
        0.0,
        0.0,
        0.0,
        [
            0.0,
            0.0,
            0.0,
            0.0,
            0.0,
            0.0
        ],
        0.0
    ],
    "reachable_jumper_count": [
        24.0,
        24.0,
        24.0,
        [
            24.0,
            24.0,
            24.0,
            24.0,
            24.0,
            24.0
        ],
        24.0
    ],
    "unreachable_jumper_count": [
        0.0,
        0.0,
        0.0,
        [
            0.0,
            0.0,
            0.0,
            0.0,
            0.0,
            0.0
        ],
        0.0
    ],
    "shortest_path": {
        "percent_useful_node_count": [
            0.6634615384615384,
            0.6634615384615384,
            0.6730769230769231,
            [
                0.625,
                0.6346153846153846,
                0.6538461538461539,
                0.6826923076923077,
                0.6923076923076923,
                0.7019230769230769
            ],
            0.6660576923076921
        ],
        "percent_useful_wire_length": 46.07141027525838,
        "percent_reachable_sensors": 0.85202,
        "percent_useful_jumper_count": [
            0.8333333333333334,
            0.8333333333333334,
            0.875,
            [
                0.75,
                0.75,
                0.7916666666666666,
                0.875,
                0.9166666666666666,
                0.9166666666666666
            ],
            0.84
        ],
        "percent_useful_jumper_length": [
            0.16666666666666666,
            0.125,
            0.16666666666666666,
            [
                0.125,
                0.125,
                0.125,
                0.20833333333333334,
                0.20833333333333334,
                0.25
            ],
            0.16583333333333336
        ],
        "percent_unreachable_bc_short_jumper": 0.14798,
        "percent_multiroute_reached_nodes": [
            0.4647887323943662,
            0.4605099502487562,
            0.4714285714285714,
            [
                0.4150379198266522,
                0.4281800391389432,
                0.4492753623188406,
                0.4788732394366197,
                0.5007246376811595,
                0.5150575447570331
            ],
            0.4668543243112279
        ],
        "path_length_max": [
            1702.417072996794,
            1688.4147132313692,
            1702.417072996794
        ],
        "path_length_avg": [
            655.7125852864201,
            653.3512255788386,
            658.1095773180823,
            [
                204.81865653303274,
                290.6928806290928,
                461.33313204295575,
                841.9274812792971,
                1024.0086575080643,
                1137.2027174398831
            ],
            658.943316882539
        ],
        "path_node_count_max": [
            18.0,
            18.0,
            18.0
        ],
        "path_node_count_avg": [
            6.0,
            6.0,
            6.0,
            [
                1.0,
                2.0,
                4.0,
                8.0,
                10.0,
                11.0
            ],
            5.97723058144175
        ],
        "path_jumper_count_max": [
            6.0,
            6.0,
            6.0
        ],
        "path_jumper_count_avg": [
            1.0,
            1.0,
            1.0,
            [
                0.0,
                0.0,
                1.0,
                2.0,
                2.0,
                3.0
            ],
            1.139527241144574
        ],
        "path_sensor_jumper_length_max": [
            39.99991128582181,
            39.9964978679215,
            39.99991128582181
        ],
        "path_sensor_jumper_length_avg": [
            14.819427002864796,
            14.703017929816824,
            14.929371321791196,
            [
                1.2916266747923795,
                2.6012380702940634,
                6.808514151519144,
                24.841179321190005,
                32.692890442221774,
                36.0629967328292
            ],
            16.31221609976177
        ],
        "path_router_node_branches_max": [
            4.0,
            4.0,
            4.0
        ],
        "path_router_node_branches_avg": [
            3.0,
            2.0,
            3.0,
            [
                2.0,
                2.0,
                2.0,
                3.0,
                4.0,
                4.0
            ],
            2.774193548387097
        ],
        "graph_max_wire_length": [
            1235.865633951453,
            1194.2985650798237,
            1277.2391896824886,
            [
                1033.488173236192,
                1054.3218478684248,
                1121.8704409215538,
                1403.7353298794162,
                1518.7920550293256,
                1600.1890980135872
            ],
            1268.1401802490373
        ],
        "graph_avg_wire_length": [
            639.6561451905013,
            613.2442028643844,
            659.568654588501,
            [
                515.1325015202787,
                530.4280026581205,
                576.5809206116887,
                706.0594236085948,
                818.8732607480136,
                890.7044515676762
            ],
            658.1125295448261
        ],
        "graph_max_node_count": [
            13.0,
            13.0,
            13.0,
            [
                11.0,
                12.0,
                12.0,
                14.0,
                16.0,
                17.0
            ],
            13.42
        ],
        "graph_avg_node_count": [
            6.55017006802721,
            6.448979591836735,
            6.7254901960784315,
            [
                5.4485,
                5.498,
                6.009897959183673,
                7.041797283176594,
                8.269506172839508,
                8.905584604212056
            ],
            6.77125850125824
        ],
        "graph_max_jumper_count": [
            4.0,
            4.0,
            4.0,
            [
                3.0,
                3.0,
                3.0,
                4.0,
                5.0,
                5.0
            ],
            3.87
        ],