{
    "total_wire_length": 128236.81842279233,
    "total_jumper_length": 203486.25810117574,
    "total_jumper_count": 2727,
    "center_node_count": 1284,
    "edge_node_count": 612,
    "total_node_count": 1896,
    "reachable_node_count": [
        1896.0,
        1896.0,
        1896.0,
        [
            1896.0,
            1896.0,
            1896.0,
            1896.0,
            1896.0,
            1896.0
        ],
        1896.0
    ],
    "unreachable_node_count": [
        0.0,
        0.0,
        0.0,
        [
            0.0,
            0.0,
            0.0,
            0.0,
            0.0,
            0.0
        ],
        0.0
    ],
    "reachable_wire_length": [
        128236.81842279245,
        128236.81842279245,
        128236.81842279245,
        [
            128236.81842279245,
            128236.81842279245,
            128236.81842279245,
            128236.81842279245,
            128236.81842279245,
            128236.81842279245
        ],
        128236.81842279246
    ],
    "unreachable_wire_length": [
        0.0,
        0.0,
        0.0,
        [
            0.0,
            0.0,
            0.0,
            0.0,
            0.0,
            0.0
        ],
        0.0
    ],
    "reachable_jumper_length": [
        203486.2581011757,
        203486.2581011757,
        203486.2581011757,
        [
            203486.2581011757,
            203486.2581011757,
            203486.2581011757,
            203486.2581011757,
            203486.2581011757,
            203486.2581011757
        ],
        203486.25810117577
    ],
    "unreachable_jumper_length": [
        0.0,
        0.0,
        0.0,
        [
            0.0,
            0.0,
            0.0,
            0.0,
            0.0,
            0.0
        ],
        0.0
    ],
    "reachable_jumper_count": [
        2727.0,
        2727.0,
        2727.0,
        [
            2727.0,
            2727.0,
            2727.0,
            2727.0,
            2727.0,
            2727.0
        ],
        2727.0
    ],
    "unreachable_jumper_count": [
        0.0,
        0.0,
        0.0,
        [
            0.0,
            0.0,
            0.0,
            0.0,
            0.0,
            0.0
        ],
        0.0
    ],
    "shortest_path": {
        "percent_useful_node_count": [
            0.6925105485232067,
            0.6893459915611815,
            0.6951476793248945,
            [
                0.6707278481012658,
                0.6751054852320675,
                0.6828850210970464,
                0.7020042194092827,
                0.7079113924050633,
                0.7126582278481013
            ],
            0.6924208860759493
        ],
        "percent_useful_wire_length": 38.31208566600082,
        "percent_reachable_sensors": 1.0,
        "percent_useful_jumper_count": [
            0.056105610561056105,
            0.05500550055005501,
            0.05683901723505684,
            [
                0.04877154382104877,
                0.050605060506050605,
                0.052805280528052806,
                0.059130913091309134,
                0.06343967730106344,
                0.06529152915291529
            ],
            0.05638797213054639
        ],
        "percent_useful_jumper_length": [
            0.002566923359002567,
            0.002566923359002567,
            0.0029336266960029336,
            [
                0.0022002200220022,
                0.0022002200220022,
                0.0022002200220022,
                0.003025302530253025,
                0.0033003300330033004,
                0.003667033370003667
            ],
            0.002775944261092776
        ],
        "percent_unreachable_bc_short_jumper": 0.0,
        "percent_multiroute_reached_nodes": [
            0.35138364126805066,
            0.34642221724922584,
            0.35562432835945784,
            [
                0.29160698358383647,
                0.31050322786006307,
                0.33173291976645636,
                0.36862536160967846,
                0.38149698835970114,
                0.3889297385620915
            ],
            0.34736122061373487
        ],
        "path_length_max": [
            2028.413396941961,
            2002.2290133443903,
            2028.413396941961
        ],
        "path_length_avg": [
            746.5894400411923,
            743.3356858003488,
            749.4616504112723,
            [
                224.10919679454142,
                317.1108575091238,
                510.16662022646886,
                997.5815291380151,
                1216.5314215123772,
                1331.081584183604
            ],
            760.802896843302
        ],
        "path_node_count_max": [
            56.0,
            55.0,
            56.0
        ],
        "path_node_count_avg": [
            20.0,
            20.0,
            21.0,
            [
                6.0,
                9.0,
                14.0,
                27.0,
                33.0,
                36.0
            ],
            20.78845
        ],
        "path_jumper_count_max": [
            17.0,
            16.0,
            17.0
        ],
        "path_jumper_count_avg": [
            2.0,
            2.0,
            2.0,
            [
                0.0,
                0.0,
                1.0,
                3.0,
                4.0,
                6.0
            ],
            2.07333
        ],
        "path_sensor_jumper_length_max": [
            30.478415969311946,
            27.633099259020394,
            30.478415969311946
        ],
        "path_sensor_jumper_length_avg": [
            4.47378929427614,
            4.440089963704373,
            4.505302480787235,
            [
                0.37976702620648856,
                0.7709797652767204,
                2.028556525769563,
                7.839092331296657,
                11.540241470349134,
                14.056757481754113
            ],
            5.4175165360418465
        ],
        "path_router_node_branches_max": [
            13.0,
            9.0,
            13.0
        ],
        "path_router_node_branches_avg": [
            2.0,
            2.0,
            2.0,
            [
                2.0,
                2.0,
                2.0,
                3.0,
                6.0,
                7.0
            ],
            2.8568548387096775
        ],
        "graph_max_wire_length": [
            1486.5464237987842,
            1451.4709983626913,
            1525.8894816978113,
            [
                1198.4413893538203,
                1301.8339011641642,
                1372.6749481952086,
                1610.760575270861,
                1785.5087298248736,
                1919.578245577478
            ],
            1510.1948410713815
        ],
        "graph_avg_wire_length": [
            734.6981132556634,
            688.578621556374,
            789.8884765314501,
            [
                596.6173580239222,
                607.6623162510406,
                652.7176541869055,
                857.7124602200861,
                939.2758981737052,
                1019.4494905864719
            ],
            762.0628275283327
        ],
        "graph_max_node_count": [
            42.5,
            41.0,
            44.0,
            [
                32.95,
                36.9,
                39.0,
                47.0,
                51.10000000000001,
                54.05
            ],
            42.9
        ],
        "graph_avg_node_count": [
            20.62624291572982,
            19.846275752773376,
            21.470709535386064,
            [
                16.606688538416126,
                17.185222857142858,
                18.507638107450344,
                23.831178956877235,
                26.161431146202197,
                28.054848601285958
            ],
            21.359405294286397
        ],