{
    "total_wire_length": 65249.18824824662,
    "total_jumper_length": 323.7281631208397,
    "total_jumper_count": 62,
    "center_node_count": 656,
    "edge_node_count": 244,
    "total_node_count": 900,
    "reachable_node_count": [
        900.0,
        900.0,
        900.0,
        [
            900.0,
            900.0,
            900.0,
            900.0,
            900.0,
            900.0
        ],
        900.0
    ],
    "unreachable_node_count": [
        0.0,
        0.0,
        0.0,
        [
            0.0,
            0.0,
            0.0,
            0.0,
            0.0,
            0.0
        ],
        0.0
    ],
    "reachable_wire_length": [
        65249.18824824661,
        65249.18824824661,
        65249.18824824661,
        [
            65249.18824824661,
            65249.18824824661,
            65249.18824824661,
            65249.18824824661,
            65249.18824824661,
            65249.18824824661
        ],
        65249.18824824661
    ],
    "unreachable_wire_length": [
        0.0,
        0.0,
        0.0,
        [
            0.0,
            0.0,
            0.0,
            0.0,
            0.0,
            0.0
        ],
        0.0
    ],
    "reachable_jumper_length": [
        323.72816312083984,
        323.72816312083984,
        323.72816312083984,
        [
            323.72816312083984,
            323.72816312083984,
            323.72816312083984,
            323.72816312083984,
            323.72816312083984,
            323.72816312083984
        ],
        323.7281631208398
    ],
    "unreachable_jumper_length": [
        0.0,
        0.0,
        0.0,
        [
            0.0,
            0.0,
            0.0,
            0.0,
            0.0,
            0.0
        ],
        0.0
    ],
    "reachable_jumper_count": [
        62.0,
        62.0,
        62.0,
        [
            62.0,
            62.0,
            62.0,
            62.0,
            62.0,
            62.0
        ],
        62.0
    ],
    "unreachable_jumper_count": [
        0.0,
        0.0,
        0.0,
        [
            0.0,
            0.0,
            0.0,
            0.0,
            0.0,
            0.0
        ],
        0.0
    ],
    "shortest_path": {
        "percent_useful_node_count": [
            0.7116666666666667,
            0.7088888888888889,
            0.7144444444444444,
            [
                0.6944444444444444,
                0.6966666666666667,
                0.7033333333333334,
                0.7177777777777777,
                0.7277777777777777,
                0.7300555555555556
            ],
            0.7114777777777778
        ],
        "percent_useful_wire_length": 36.78618845624456,
        "percent_reachable_sensors": 0.85409,
        "percent_useful_jumper_count": [
            0.3870967741935484,
            0.3870967741935484,
            0.41129032258064513,
            [
                0.3209677419354839,
                0.3370967741935484,
                0.3548387096774194,
                0.43548387096774194,
                0.4838709677419355,
                0.5169354838709677
            ],
            0.4003225806451614
        ],
        "percent_useful_jumper_length": [
            0.03225806451612903,
            0.016129032258064516,
            0.03225806451612903,
            [
                0.016129032258064516,
                0.016129032258064516,
                0.016129032258064516,
                0.03225806451612903,
                0.03225806451612903,
                0.03225806451612903
            ],
            0.025161290322580642
        ],
        "percent_unreachable_bc_short_jumper": 0.14591,
        "percent_multiroute_reached_nodes": [
            0.3061368894384258,
            0.29555895865237364,
            0.31240188383045525,
            [
                0.26747534364344155,
                0.2735288521775447,
                0.28739553561737996,
                0.32666819463338653,
                0.3490245784194864,
                0.3565648311674618
            ],
            0.3077816798098563
        ],
        "path_length_max": [
            1427.5210719807985,
            1418.4761598813002,
            1427.5210719807985
        ],
        "path_length_avg": [
            562.3439701624686,
            559.4877435757969,
            564.9057166275511,
            [
                167.529637870581,
                234.63490563744494,
                369.9550856201952,
                782.545974559981,
                970.7504855068162,
                1062.8559256300725
            ],
            583.3788937901776
        ],
        "path_node_count_max": [
            41.0,
            41.0,
            41.0
        ],
        "path_node_count_avg": [
            16.0,
            16.0,
            16.0,
            [
                4.0,
                6.0,
                10.0,
                22.0,
                27.0,
                30.0
            ],
            16.185039047407184
        ],
        "path_jumper_count_max": [
            8.0,
            7.0,
            8.0
        ],
        "path_jumper_count_avg": [
            1.0,
            1.0,
            1.0,
            [
                0.0,
                0.0,
                0.0,
                2.0,
                2.0,
                3.0
            ],
            0.998548162371647
        ],
        "path_sensor_jumper_length_max": [
            9.999693554573806,
            9.998994547505347,
            9.999693554573806
        ],
        "path_sensor_jumper_length_avg": [
            3.7062730953433745,
            3.675602262339538,
            3.7342986715329847,
            [
                0.33609939386161,
                0.6682473646482995,
                1.7165376669031307,
                6.2016109981312635,
                8.14439256053874,
                8.971723777609306
            ],
            4.074869490799224
        ],
        "path_router_node_branches_max": [
            4.0,
            3.0,
            4.0
        ],
        "path_router_node_branches_avg": [
            2.0,
            2.0,
            2.0,
            [
                2.0,
                2.0,
                2.0,
                3.0,
                3.0,
                3.0
            ],
            2.2888888888888888
        ],
        "graph_max_wire_length": [
            1142.6112190375293,
            1095.776689597958,
            1184.7368315570216,
            [
                899.8040606637703,
                941.1801267061413,
                981.0803756971397,
                1244.3363536613256,
                1332.0922476743103,
                1366.1677793028111
            ],
            1134.02429800049
        ],
        "graph_avg_wire_length": [
            562.7143130585548,
            547.0132139823805,
            590.2927678218826,
            [
                463.81526739746505,
                478.9374396460201,
                515.606657777837,
                633.3270970277581,
                702.2796210605776,
                716.7969223589779
            ],
            577.7929695472512
        ],
        "graph_max_node_count": [
            35.0,
            33.5,
            35.0,
            [
                28.95,
                29.0,
                31.75,
                36.25,
                39.10000000000001,
                41.0
            ],
            34.27
        ],
        "graph_avg_node_count": [
            16.313618596477053,
            16.027649640555715,
            16.881165919282513,
            [
                13.9456,
                14.471994982388894,
                15.196244008842584,
                17.894923862405754,
                19.56788604010706,
                20.400872264351104
            ],
            16.747832928976916
        ],