{
    "total_wire_length": 78654.33312535842,
    "total_jumper_length": 78130.53152155608,
    "total_jumper_count": 2004,
    "center_node_count": 1574,
    "edge_node_count": 412,
    "total_node_count": 1986,
    "reachable_node_count": [
        1986.0,
        1986.0,
        1986.0,
        [
            1986.0,
            1986.0,
            1986.0,
            1986.0,
            1986.0,
            1986.0
        ],
        1986.0
    ],
    "unreachable_node_count": [
        0.0,
        0.0,
        0.0,
        [
            0.0,
            0.0,
            0.0,
            0.0,
            0.0,
            0.0
        ],
        0.0
    ],
    "reachable_wire_length": [
        78654.33312535842,
        78654.33312535842,
        78654.33312535842,
        [
            78654.33312535842,
            78654.33312535842,
            78654.33312535842,
            78654.33312535842,
            78654.33312535842,
            78654.33312535842
        ],
        78654.33312535843
    ],
    "unreachable_wire_length": [
        0.0,
        0.0,
        0.0,
        [
            0.0,
            0.0,
            0.0,
            0.0,
            0.0,
            0.0
        ],
        0.0
    ],
    "reachable_jumper_length": [
        78130.53152155605,
        78130.53152155605,
        78130.53152155605,
        [
            78130.53152155605,
            78130.53152155605,
            78130.53152155605,
            78130.53152155605,
            78130.53152155605,
            78130.53152155605
        ],
        78130.53152155607
    ],
    "unreachable_jumper_length": [
        0.0,
        0.0,
        0.0,
        [
            0.0,
            0.0,
            0.0,
            0.0,
            0.0,
            0.0
        ],
        0.0
    ],
    "reachable_jumper_count": [
        2004.0,
        2004.0,
        2004.0,
        [
            2004.0,
            2004.0,
            2004.0,
            2004.0,
            2004.0,
            2004.0
        ],
        2004.0
    ],
    "unreachable_jumper_count": [
        0.0,
        0.0,
        0.0,
        [
            0.0,
            0.0,
            0.0,
            0.0,
            0.0,
            0.0
        ],
        0.0
    ],
    "shortest_path": {
        "percent_useful_node_count": [
            0.7497482376636455,
            0.7479859013091641,
            0.7535246727089627,
            [
                0.7346173212487412,
                0.7376132930513595,
                0.743202416918429,
                0.7569234642497482,
                0.7683786505538771,
                0.7769637462235649
            ],
            0.7513796576032225
        ],
        "percent_useful_wire_length": 38.71282783649671,
        "percent_reachable_sensors": 1.0,
        "percent_useful_jumper_count": [
            0.06811377245508982,
            0.0658682634730539,
            0.06987275449101796,
            [
                0.05733532934131736,
                0.059830339321357284,
                0.06287425149700598,
                0.0750998003992016,
                0.08088822355289421,
                0.08285928143712575
            ],
            0.06892714570858283
        ],
        "percent_useful_jumper_length": [
            0.000998003992015968,
            0.000499001996007984,
            0.000998003992015968,
            [
                0.000499001996007984,
                0.000499001996007984,
                0.000499001996007984,
                0.000998003992015968,
                0.000998003992015968,
                0.000998003992015968
            ],
            0.0007584830339321356
        ],
        "percent_unreachable_bc_short_jumper": 0.0,
        "percent_multiroute_reached_nodes": [
            0.2924584419012662,
            0.27510790288188297,
            0.302489939637827,
            [
                0.1910767063620446,
                0.2124454461687127,
                0.25584672829407495,
                0.33441202281702503,
                0.3663068071627126,
                0.3779177626043071
            ],
            0.29054537325310476
        ],
        "path_length_max": [
            1481.219258732961,
            1465.0416817798694,
            1481.219258732961
        ],
        "path_length_avg": [
            460.1007768541379,
            457.8789669775083,
            462.19542171457033,
            [
                122.28984237942879,
                169.7298689735307,
                284.0692020048521,
                674.1171398541055,
                861.8234015100531,
                968.0700955086163
            ],
            493.43654455480635
        ],
        "path_node_count_max": [
            58.0,
            57.0,
            58.0
        ],
        "path_node_count_avg": [
            22.0,
            22.0,
            22.0,
            [
                6.0,
                9.0,
                14.0,
                29.0,
                35.0,
                39.0
            ],
            21.87135
        ],
        "path_jumper_count_max": [
            26.0,
            26.0,
            26.0
        ],
        "path_jumper_count_avg": [
            2.0,
            2.0,
            2.0,
            [
                0.0,
                0.0,
                0.0,
                7.0,
                11.0,
                14.0
            ],
            4.12647
        ],
        "path_sensor_jumper_length_max": [
            13.588865712210586,
            11.260487944450267,
            13.588865712210586
        ],
        "path_sensor_jumper_length_avg": [
            2.2371239346399143,
            2.220238293194123,
            2.2548689709075673,
            [
                0.1873848938524438,
                0.38136795333572565,
                1.0075233078067192,
                3.908499046388439,
                5.7284583768304955,
                6.980208769863635
            ],
            2.6967569542576513
        ],
        "path_router_node_branches_max": [
            10.0,
            9.0,
            10.0
        ],
        "path_router_node_branches_avg": [
            2.0,
            2.0,
            2.0,
            [
                2.0,
                2.0,
                2.0,
                2.0,
                4.0,
                6.0
            ],
            2.578853046594982
        ],
        "graph_max_wire_length": [
            1047.1002881644677,
            1013.8055408311247,
            1082.7485726428852,
            [
                841.8474031994577,
                872.9634674747051,
                941.5006707207385,
                1167.1519916045722,
                1302.583789697913,
                1380.842399463221
            ],
            1067.889950823942
        ],
        "graph_avg_wire_length": [
            467.7240877941083,
            449.8910457205659,
            486.4558044885343,
            [
                370.81040229047426,
                393.53776756424213,
                425.99624616097947,
                531.3815288639693,
                635.0406674279355,
                702.3897567157828
            ],
            492.1567289147616
        ],
        "graph_max_node_count": [
            48.0,
            47.0,
            49.0,
            [
                39.0,
                40.0,
                44.0,
                51.0,
                54.0,
                56.099999999999994
            ],
            47.53
        ],
        "graph_avg_node_count": [
            21.644511581067473,
            21.113293051359516,
            22.243284338570703,
            [
                17.32258646983662,
                18.205010837092146,
                19.211607561833354,
                23.824401503846765,
                26.29925148173868,
                27.70503400376946
            ],
            21.851724277343184
        ],