{
    "total_wire_length": 114921.9358371319,
    "total_jumper_length": 502.4355743479301,
    "total_jumper_count": 102,
    "center_node_count": 1154,
    "edge_node_count": 352,
    "total_node_count": 1506,
    "reachable_node_count": [
        1506.0,
        1506.0,
        1506.0,
        [
            1506.0,
            1506.0,
            1506.0,
            1506.0,
            1506.0,
            1506.0
        ],
        1506.0
    ],
    "unreachable_node_count": [
        0.0,
        0.0,
        0.0,
        [
            0.0,
            0.0,
            0.0,
            0.0,
            0.0,
            0.0
        ],
        0.0
    ],
    "reachable_wire_length": [
        114921.93583713181,
        114921.93583713181,
        114921.93583713181,
        [
            114921.93583713181,
            114921.93583713181,
            114921.93583713181,
            114921.93583713181,
            114921.93583713181,
            114921.93583713181
        ],
        114921.93583713178
    ],
    "unreachable_wire_length": [
        0.0,
        0.0,
        0.0,
        [
            0.0,
            0.0,
            0.0,
            0.0,
            0.0,
            0.0
        ],
        0.0
    ],
    "reachable_jumper_length": [
        502.43557434792996,
        502.43557434792996,
        502.43557434792996,
        [
            502.43557434792996,
            502.43557434792996,
            502.43557434792996,
            502.43557434792996,
            502.43557434792996,
            502.43557434792996
        ],
        502.43557434793
    ],
    "unreachable_jumper_length": [
        0.0,
        0.0,
        0.0,
        [
            0.0,
            0.0,
            0.0,
            0.0,
            0.0,
            0.0
        ],
        0.0
    ],
    "reachable_jumper_count": [
        102.0,
        102.0,
        102.0,
        [
            102.0,
            102.0,
            102.0,
            102.0,
            102.0,
            102.0
        ],
        102.0
    ],
    "unreachable_jumper_count": [
        0.0,
        0.0,
        0.0,
        [
            0.0,
            0.0,
            0.0,
            0.0,
            0.0,
            0.0
        ],
        0.0
    ],
    "shortest_path": {
        "percent_useful_node_count": [
            0.6945551128818062,
            0.6918990703851262,
            0.700531208499336,
            [
                0.6660026560424966,
                0.6751660026560424,
                0.6824369189907038,
                0.7073373173970784,
                0.7131474103585658,
                0.7232071713147411
            ],
            0.6951394422310757
        ],
        "percent_useful_wire_length": 34.357362075518324,
        "percent_reachable_sensors": 0.85644,
        "percent_useful_jumper_count": [
            0.3333333333333333,
            0.31862745098039214,
            0.3480392156862745,
            [
                0.24509803921568626,
                0.2647058823529412,
                0.29411764705882354,
                0.3627450980392157,
                0.39215686274509803,
                0.4024509803921568
            ],
            0.33009803921568626
        ],
        "percent_useful_jumper_length": [
            0.00980392156862745,
            0.00980392156862745,
            0.0196078431372549,
            [
                0.00980392156862745,
                0.00980392156862745,
                0.00980392156862745,
                0.0196078431372549,
                0.0196078431372549,
                0.0196078431372549
            ],
            0.014117647058823523
        ],
        "percent_unreachable_bc_short_jumper": 0.14356,
        "percent_multiroute_reached_nodes": [
            0.2784919631405154,
            0.269825918762089,
            0.2909441233140655,
            [
                0.23222541098102104,
                0.24026837999461997,
                0.25591287250244354,
                0.3089277971146972,
                0.3373965452855915,
                0.34809438590807695
            ],
            0.28300554753788676
        ],
        "path_length_max": [
            2576.7493418449526,
            2560.3662604667243,
            2576.7493418449526
        ],
        "path_length_avg": [
            803.928514886298,
            799.6795440698967,
            808.3317422474893,
            [
                211.77365914939176,
                295.26058313984583,
                499.33921592494397,
                1218.0548668076103,
                1566.6243995316959,
                1779.778932892264
            ],
            883.7753567744157
        ],
        "path_node_count_max": [
            71.0,
            70.0,
            71.0
        ],
        "path_node_count_avg": [
            22.0,
            22.0,
            22.0,
            [
                6.0,
                8.0,
                13.0,
                34.0,
                44.0,
                50.0
            ],
            24.204310868245294
        ],
        "path_jumper_count_max": [
            7.0,
            6.0,
            7.0
        ],
        "path_jumper_count_avg": [
            1.0,
            1.0,
            1.0,
            [
                0.0,
                0.0,
                0.0,
                2.0,
                3.0,
                4.0
            ],
            1.220937835691934
        ],
        "path_sensor_jumper_length_max": [
            9.999842987978335,
            9.998998532847569,
            9.999842987978335
        ],
        "path_sensor_jumper_length_avg": [
            3.6792756780585867,
            3.6496496004520687,
            3.7089824665332123,
            [
                0.3197752797873966,
                0.6445879464032495,
                1.697810542572065,
                6.160138903571315,
                8.130176404689472,
                8.973694515628646
            ],
            4.051691809759948
        ],
        "path_router_node_branches_max": [
            4.0,
            4.0,
            4.0
        ],
        "path_router_node_branches_avg": [
            2.0,
            2.0,
            2.0,
            [
                2.0,
                2.0,
                2.0,
                3.0,
                3.0,
                3.0
            ],
            2.314516129032258
        ],
        "graph_max_wire_length": [
            1838.77724296818,
            1795.871129725457,
            1924.069481020444,
            [
                1517.0376635827731,
                1563.6485252928458,
                1695.2459221106844,
                2142.8749510987755,
                2455.0715956487907,
                2511.441536267495
            ],
            1927.4577747642732
        ],
        "graph_avg_wire_length": [
            796.4287539224008,
            760.5337321214255,
            845.5263358877298,
            [
                631.1725870363215,
                653.7491431570652,
                708.7190810892089,
                946.184732724422,
                1178.9629165411907,
                1243.3865576374085
            ],
            856.6866880324898
        ],
        "graph_max_node_count": [
            53.5,
            51.0,
            55.5,
            [
                43.95,
                45.0,
                49.0,
                61.25,
                68.0,
                70.05
            ],
            55.32
        ],
        "graph_avg_node_count": [
            22.367463498425423,
            21.4256004131057,
            23.842798013333205,
            [
                18.618320129413092,
                18.950452003757242,
                20.2538987328461,
                26.486615889498434,
                32.08925656728113,
                33.2715053800382
            ],
            23.98787228020718
        ],