{
    "total_wire_length": 114768.95503150995,
    "total_jumper_length": 128858.3520769398,
    "total_jumper_count": 1652,
    "center_node_count": 1151,
    "edge_node_count": 357,
    "total_node_count": 1508,
    "reachable_node_count": [
        1508.0,
        1508.0,
        1508.0,
        [
            1508.0,
            1508.0,
            1508.0,
            1508.0,
            1508.0,
            1508.0
        ],
        1508.0
    ],
    "unreachable_node_count": [
        0.0,
        0.0,
        0.0,
        [
            0.0,
            0.0,
            0.0,
            0.0,
            0.0,
            0.0
        ],
        0.0
    ],
    "reachable_wire_length": [
        114768.95503150996,
        114768.95503150996,
        114768.95503150996,
        [
            114768.95503150996,
            114768.95503150996,
            114768.95503150996,
            114768.95503150996,
            114768.95503150996,
            114768.95503150996
        ],
        114768.95503150998
    ],
    "unreachable_wire_length": [
        0.0,
        0.0,
        0.0,
        [
            0.0,
            0.0,
            0.0,
            0.0,
            0.0,
            0.0
        ],
        0.0
    ],
    "reachable_jumper_length": [
        128858.35207693969,
        128858.35207693969,
        128858.35207693969,
        [
            128858.35207693969,
            128858.35207693969,
            128858.35207693969,
            128858.35207693969,
            128858.35207693969,
            128858.35207693969
        ],
        128858.35207693971
    ],
    "unreachable_jumper_length": [
        0.0,
        0.0,
        0.0,
        [
            0.0,
            0.0,
            0.0,
            0.0,
            0.0,
            0.0
        ],
        0.0
    ],
    "reachable_jumper_count": [
        1652.0,
        1652.0,
        1652.0,
        [
            1652.0,
            1652.0,
            1652.0,
            1652.0,
            1652.0,
            1652.0
        ],
        1652.0
    ],
    "unreachable_jumper_count": [
        0.0,
        0.0,
        0.0,
        [
            0.0,
            0.0,
            0.0,
            0.0,
            0.0,
            0.0
        ],
        0.0
    ],
    "shortest_path": {
        "percent_useful_node_count": [
            0.7546419098143236,
            0.753315649867374,
            0.7572944297082228,
            [
                0.7393567639257295,
                0.7439655172413793,
                0.7493368700265252,
                0.7640915119363395,
                0.7720822281167109,
                0.7772214854111406
            ],
            0.7569628647214856
        ],
        "percent_useful_wire_length": 39.634097828686116,
        "percent_reachable_sensors": 1.0,
        "percent_useful_jumper_count": [
            0.07082324455205811,
            0.06840193704600483,
            0.07506053268765134,
            [
                0.0599273607748184,
                0.06053268765133172,
                0.0635593220338983,
                0.07869249394673124,
                0.0847457627118644,
                0.08837772397094432
            ],
            0.0719370460048426
        ],
        "percent_useful_jumper_length": [
            0.0006053268765133172,
            0.0006053268765133172,
            0.0012106537530266344,
            [
                0.0006053268765133172,
                0.0006053268765133172,
                0.0006053268765133172,
                0.0012106537530266344,
                0.0012106537530266344,
                0.0012106537530266344
            ],
            0.0009019370460048427
        ],
        "percent_unreachable_bc_short_jumper": 0.0,
        "percent_multiroute_reached_nodes": [
            0.3164556672621189,
            0.3084097893253752,
            0.32717678100263853,
            [
                0.26988689002992133,
                0.2764370396982217,
                0.29171265145999786,
                0.34134733800682077,
                0.3647240649521028,
                0.38489788972089856
            ],
            0.31920270595560224
        ],
        "path_length_max": [
            2471.6360653176353,
            2450.661693857744,
            2471.6360653176353
        ],
        "path_length_avg": [
            764.2835882308266,
            760.4419428384905,
            768.0990859053028,
            [
                209.15782553752697,
                290.2592356026441,
                478.230885391363,
                1126.4007462710683,
                1455.3499238225006,
                1630.1670342564817
            ],
            827.5976109644672
        ],
        "path_node_count_max": [
            50.0,
            49.0,
            50.0
        ],
        "path_node_count_avg": [
            19.0,
            19.0,
            19.0,
            [
                5.0,
                7.0,
                12.0,
                26.0,
                31.0,
                34.0
            ],
            19.1837
        ],
        "path_jumper_count_max": [
            30.0,
            29.0,
            30.0
        ],
        "path_jumper_count_avg": [
            2.0,
            2.0,
            2.0,
            [
                0.0,
                0.0,
                0.0,
                6.0,
                11.0,
                13.0
            ],
            3.7002
        ],
        "path_sensor_jumper_length_max": [
            22.0625747335958,
            20.389205059854653,
            22.0625747335958
        ],
        "path_sensor_jumper_length_avg": [
            4.450158428035001,
            4.413176762861635,
            4.478078660516273,
            [
                0.38145187166765365,
                0.7773381238201592,
                2.0377280545297096,
                7.800729719633986,
                11.386849987701204,
                13.989898242221345
            ],
            5.380559112592884
        ],
        "path_router_node_branches_max": [
            16.0,
            8.0,
            16.0
        ],
        "path_router_node_branches_avg": [
            2.0,
            2.0,
            2.0,
            [
                2.0,
                2.0,
                2.0,
                3.0,
                6.0,
                7.0
            ],
            2.9313432835820894
        ],
        "graph_max_wire_length": [
            1754.637085194636,
            1694.116545616094,
            1797.4653363266643,
            [
                1438.829815198478,
                1492.327528062065,
                1587.7731242675366,
                1963.590469704776,
                2247.296992482756,
                2369.9617313794197
            ],
            1798.8829228459276
        ],
        "graph_avg_wire_length": [
            777.5838512720402,
            747.6678326321253,
            820.4118466782917,
            [
                609.1508018253863,
                658.952583285194,
                714.7999018783961,
                895.4481196139564,
                1111.8242811371736,
                1230.4447418271623
            ],
            828.318251775832
        ],
        "graph_max_node_count": [
            40.0,
            39.0,
            41.0,
            [
                32.95,
                35.0,
                37.0,
                43.0,
                45.0,
                49.05
            ],
            40.02
        ],
        "graph_avg_node_count": [
            18.8029651615496,
            18.25149303251493,
            19.49933598937583,
            [
                14.726902250985106,
                15.520001437517408,
                17.26461216038559,
                20.822742763082605,
                23.767738652388058,
                25.657639468650594
            ],
            19.36034913187094
        ],