{
    "total_wire_length": 255730.38765680132,
    "total_jumper_length": 48445.50381668749,
    "total_jumper_count": 2436,
    "center_node_count": 5109,
    "edge_node_count": 975,
    "total_node_count": 6084,
    "reachable_node_count": [
        6084.0,
        6084.0,
        6084.0,
        [
            6084.0,
            6084.0,
            6084.0,
            6084.0,
            6084.0,
            6084.0
        ],
        6084.0
    ],
    "unreachable_node_count": [
        0.0,
        0.0,
        0.0,
        [
            0.0,
            0.0,
            0.0,
            0.0,
            0.0,
            0.0
        ],
        0.0
    ],
    "reachable_wire_length": [
        255730.38765680132,
        255730.38765680132,
        255730.38765680132,
        [
            255730.38765680132,
            255730.38765680132,
            255730.38765680132,
            255730.38765680132,
            255730.38765680132,
            255730.38765680132
        ],
        255730.3876568013
    ],
    "unreachable_wire_length": [
        0.0,
        0.0,
        0.0,
        [
            0.0,
            0.0,
            0.0,
            0.0,
            0.0,
            0.0
        ],
        0.0
    ],
    "reachable_jumper_length": [
        48445.503816687546,
        48445.503816687546,
        48445.503816687546,
        [
            48445.503816687546,
            48445.503816687546,
            48445.503816687546,
            48445.503816687546,
            48445.503816687546,
            48445.503816687546
        ],
        48445.503816687546
    ],
    "unreachable_jumper_length": [
        0.0,
        0.0,
        0.0,
        [
            0.0,
            0.0,
            0.0,
            0.0,
            0.0,
            0.0
        ],
        0.0
    ],
    "reachable_jumper_count": [
        2436.0,
        2436.0,
        2436.0,
        [
            2436.0,
            2436.0,
            2436.0,
            2436.0,
            2436.0,
            2436.0
        ],
        2436.0
    ],
    "unreachable_jumper_count": [
        0.0,
        0.0,
        0.0,
        [
            0.0,
            0.0,
            0.0,
            0.0,
            0.0,
            0.0
        ],
        0.0
    ],
    "shortest_path": {
        "percent_useful_node_count": [
            0.6060157790927021,
            0.6013293063773832,
            0.6106180144641683,
            [
                0.5799802761341223,
                0.5833004602235372,
                0.5931952662721893,
                0.6154257067718607,
                0.6248027613412229,
                0.6335470085470085
            ],
            0.6056081525312293
        ],
        "percent_useful_wire_length": 27.814524719204602,
        "percent_reachable_sensors": 1.0,
        "percent_useful_jumper_count": [
            0.08784893267651889,
            0.08538587848932677,
            0.08949096880131363,
            [
                0.0709975369458128,
                0.07463054187192118,
                0.08148604269293924,
                0.09441707717569786,
                0.0985632183908046,
                0.10020525451559935
            ],
            0.08688834154351394
        ],
        "percent_useful_jumper_length": [
            0.0016420361247947454,
            0.0016420361247947454,
            0.002052545155993432,
            [
                0.0012315270935960591,
                0.0012315270935960591,
                0.0015394088669950737,
                0.002052545155993432,
                0.0024630541871921183,
                0.0024630541871921183
            ],
            0.0017733990147783252
        ],
        "percent_unreachable_bc_short_jumper": 0.0,
        "percent_multiroute_reached_nodes": [
            0.33158099829133925,
            0.32371399246552046,
            0.3407747532077705,
            [
                0.273695875945578,
                0.2811659261302799,
                0.3021367144709837,
                0.3534057699449961,
                0.3699540107698117,
                0.37258357611159204
            ],
            0.327659476197062
        ],
        "path_length_max": [
            2249.3095726411993,
            2215.9488263763506,
            2249.3095726411993
        ],
        "path_length_avg": [
            723.1506939044918,
            720.6315812276796,
            726.1242688039024,
            [
                210.32129022475922,
                295.80627710977456,
                485.3539157414101,
                975.2023520808237,
                1258.1848496344353,
                1422.5959658618413
            ],
            754.6727424169219
        ],
        "path_node_count_max": [
            114.0,
            111.0,
            114.0
        ],
        "path_node_count_avg": [
            37.0,
            37.0,
            38.0,
            [
                11.0,
                15.0,
                25.0,
                50.0,
                64.0,
                72.0
            ],
            38.78762
        ],
        "path_jumper_count_max": [
            51.0,
            49.0,
            51.0
        ],
        "path_jumper_count_avg": [
            1.0,
            1.0,
            1.0,
            [
                0.0,
                0.0,
                1.0,
                6.0,
                15.0,
                20.0
            ],
            4.57575
        ],
        "path_sensor_jumper_length_max": [
            11.501718336106563,
            9.98517489427955,
            11.501718336106563
        ],
        "path_sensor_jumper_length_avg": [
            2.23106729245837,
            2.215740301055255,
            2.2470010856715814,
            [
                0.19117992826228417,
                0.3878262349877117,
                1.0029360322114047,
                3.9057354223014284,
                5.70194725742278,
                6.991753133927302
            ],
            2.690282560916636
        ],
        "path_router_node_branches_max": [
            7.0,
            5.0,
            7.0
        ],
        "path_router_node_branches_avg": [
            2.0,
            2.0,
            2.0,
            [
                2.0,
                2.0,
                2.0,
                2.0,
                3.0,
                4.0
            ],
            2.269100169779287
        ],
        "graph_max_wire_length": [
            1540.0333734992084,
            1476.0061068180087,
            1602.9655785172517,
            [
                1228.7034129541948,
                1278.64794005379,
                1398.404822353722,
                1718.8913649341066,
                2100.388479931267,
                2187.0019764615245
            ],
            1603.927728120142
        ],
        "graph_avg_wire_length": [
            704.6687961494736,
            678.0528974921003,
            724.0551844850819,
            [
                603.5014712674006,
                608.3694905476889,
                639.8168385375961,
                809.3547368794423,
                1047.3606822662,
                1135.4259820757545
            ],
            756.690212430292
        ],
        "graph_max_node_count": [
            79.5,
            77.0,
            83.01249999999999,
            [
                62.95,
                64.9,
                71.0,
                90.0,
                107.0,
                110.05
            ],
            82.28
        ],
        "graph_avg_node_count": [
            36.950287293764006,
            35.55224568571485,
            38.110760544669546,
            [
                31.524906656536864,
                31.902216559030343,
                33.4114465198129,
                41.74237971145763,
                53.23049722948814,
                57.800337607323975
            ],
            39.41177930626714
        ],