{
    "total_wire_length": 18532.756985364824,
    "total_jumper_length": 398.1880910719399,
    "total_jumper_count": 39,
    "center_node_count": 94,
    "edge_node_count": 120,
    "total_node_count": 214,
    "reachable_node_count": [
        214.0,
        214.0,
        214.0,
        [
            214.0,
            214.0,
            214.0,
            214.0,
            214.0,
            214.0
        ],
        214.0
    ],
    "unreachable_node_count": [
        0.0,
        0.0,
        0.0,
        [
            0.0,
            0.0,
            0.0,
            0.0,
            0.0,
            0.0
        ],
        0.0
    ],
    "reachable_wire_length": [
        18532.756985364813,
        18532.756985364813,
        18532.756985364813,
        [
            18532.756985364813,
            18532.756985364813,
            18532.756985364813,
            18532.756985364813,
            18532.756985364813,
            18532.756985364813
        ],
        18532.756985364806
    ],
    "unreachable_wire_length": [
        0.0,
        0.0,
        0.0,
        [
            0.0,
            0.0,
            0.0,
            0.0,
            0.0,
            0.0
        ],
        0.0
    ],
    "reachable_jumper_length": [
        398.1880910719399,
        398.1880910719399,
        398.1880910719399,
        [
            398.1880910719399,
            398.1880910719399,
            398.1880910719399,
            398.1880910719399,
            398.1880910719399,
            398.1880910719399
        ],
        398.18809107194
    ],
    "unreachable_jumper_length": [
        0.0,
        0.0,
        0.0,
        [
            0.0,
            0.0,
            0.0,
            0.0,
            0.0,
            0.0
        ],
        0.0
    ],
    "reachable_jumper_count": [
        39.0,
        39.0,
        39.0,
        [
            39.0,
            39.0,
            39.0,
            39.0,
            39.0,
            39.0
        ],
        39.0
    ],
    "unreachable_jumper_count": [
        0.0,
        0.0,
        0.0,
        [
            0.0,
            0.0,
            0.0,
            0.0,
            0.0,
            0.0
        ],
        0.0
    ],
    "shortest_path": {
        "percent_useful_node_count": [
            0.6658878504672897,
            0.6588785046728972,
            0.6682242990654206,
            [
                0.616822429906542,
                0.6303738317757009,
                0.6495327102803738,
                0.6787383177570093,
                0.6962616822429907,
                0.6964953271028037
            ],
            0.6628037383177571
        ],
        "percent_useful_wire_length": 42.581595457600585,
        "percent_reachable_sensors": 0.84646,
        "percent_useful_jumper_count": [
            0.6923076923076923,
            0.6666666666666666,
            0.6923076923076923,
            [
                0.5641025641025641,
                0.5871794871794872,
                0.6410256410256411,
                0.717948717948718,
                0.7692307692307693,
                0.7692307692307693
            ],
            0.6766666666666667
        ],
        "percent_useful_jumper_length": [
            0.10256410256410256,
            0.10256410256410256,
            0.1282051282051282,
            [
                0.07692307692307693,
                0.07692307692307693,
                0.10256410256410256,
                0.1282051282051282,
                0.15384615384615385,
                0.15384615384615385
            ],
            0.11205128205128202
        ],
        "percent_unreachable_bc_short_jumper": 0.15354,
        "percent_multiroute_reached_nodes": [
            0.4861111111111111,
            0.4823934930317909,
            0.4926912281154181,
            [
                0.4537751182033097,
                0.4587883465174609,
                0.47341384282624366,
                0.5008620689655172,
                0.528337187302922,
                0.5470903051181102
            ],
            0.49053141400532063
        ],
        "path_length_max": [
            935.805124406497,
            924.6688987447625,
            935.805124406497
        ],
        "path_length_avg": [
            422.1006365300077,
            420.8563750231954,
            423.4356944776046,
            [
                152.65015097957104,
                202.50952492688089,
                304.87949773643606,
                533.9869320677961,
                634.3868540891194,
                692.2382000623994
            ],
            420.80141182563716
        ],
        "path_node_count_max": [
            17.0,
            17.0,
            17.0
        ],
        "path_node_count_avg": [
            7.0,
            7.0,
            7.0,
            [
                2.0,
                3.0,
                5.0,
                9.0,
                10.0,
                11.0
            ],
            6.609432223613638
        ],
        "path_jumper_count_max": [
            5.0,
            5.0,
            5.0
        ],
        "path_jumper_count_avg": [
            1.0,
            1.0,
            1.0,
            [
                0.0,
                0.0,
                0.0,
                1.0,
                2.0,
                2.0
            ],
            0.8277177893816601
        ],
        "path_sensor_jumper_length_max": [
            19.99814976582259,
            19.99643847402705,
            19.99814976582259
        ],
        "path_sensor_jumper_length_avg": [
            7.354923371051183,
            7.303974871056023,
            7.414971339042626,
            [
                0.6400518843473549,
                1.3042978862309704,
                3.3978487006084244,
                12.388374124234705,
                16.38966417489143,
                18.02511999062769
            ],
            8.130707536856393
        ],
        "path_router_node_branches_max": [
            4.0,
            4.0,
            4.0
        ],
        "path_router_node_branches_avg": [
            2.0,
            2.0,
            3.0,
            [
                2.0,
                2.0,
                2.0,
                3.0,
                3.0,
                4.0
            ],
            2.463768115942029
        ],
        "graph_max_wire_length": [
            760.1417173640073,
            737.9630170461745,
            785.1994769041353,
            [
                643.8311786562032,
                657.6549836726861,
                705.0572651697566,
                815.0772772206122,
                887.2552857745617,
                907.425924592604
            ],
            762.8367674283975
        ],
        "graph_avg_wire_length": [
            412.9931753852478,
            402.7187873877104,
            428.99086046010984,
            [
                372.60797641735405,
                377.8538417587159,
                390.004151071856,
                454.07630451509067,
                507.9536293733936,
                534.2604491195103
            ],
            429.26032205121356
        ],
        "graph_max_node_count": [
            13.0,
            13.0,
            14.0,
            [
                11.0,
                12.0,
                12.0,
                14.0,
                16.0,
                17.0
            ],
            13.52
        ],
        "graph_avg_node_count": [
            7.314247488605184,
            7.009345794392523,
            7.483412322274882,
            [
                6.541948576192357,
                6.614485981308412,
                6.836376076363393,
                8.051414620134999,
                8.859127973583128,
                9.684531708417964
            ],
            7.531141008532542
        ],