{
    "total_wire_length": 63116.25283673711,
    "total_jumper_length": 78805.99497104411,
    "total_jumper_count": 1125,
    "center_node_count": 635,
    "edge_node_count": 323,
    "total_node_count": 958,
    "reachable_node_count": [
        958.0,
        958.0,
        958.0,
        [
            958.0,
            958.0,
            958.0,
            958.0,
            958.0,
            958.0
        ],
        958.0
    ],
    "unreachable_node_count": [
        0.0,
        0.0,
        0.0,
        [
            0.0,
            0.0,
            0.0,
            0.0,
            0.0,
            0.0
        ],
        0.0
    ],
    "reachable_wire_length": [
        63116.2528367371,
        63116.2528367371,
        63116.2528367371,
        [
            63116.2528367371,
            63116.2528367371,
            63116.2528367371,
            63116.2528367371,
            63116.2528367371,
            63116.2528367371
        ],
        63116.25283673708
    ],
    "unreachable_wire_length": [
        0.0,
        0.0,
        0.0,
        [
            0.0,
            0.0,
            0.0,
            0.0,
            0.0,
            0.0
        ],
        0.0
    ],
    "reachable_jumper_length": [
        78805.99497104409,
        78805.99497104409,
        78805.99497104409,
        [
            78805.99497104409,
            78805.99497104409,
            78805.99497104409,
            78805.99497104409,
            78805.99497104409,
            78805.99497104409
        ],
        78805.99497104411
    ],
    "unreachable_jumper_length": [
        0.0,
        0.0,
        0.0,
        [
            0.0,
            0.0,
            0.0,
            0.0,
            0.0,
            0.0
        ],
        0.0
    ],
    "reachable_jumper_count": [
        1125.0,
        1125.0,
        1125.0,
        [
            1125.0,
            1125.0,
            1125.0,
            1125.0,
            1125.0,
            1125.0
        ],
        1125.0
    ],
    "unreachable_jumper_count": [
        0.0,
        0.0,
        0.0,
        [
            0.0,
            0.0,
            0.0,
            0.0,
            0.0,
            0.0
        ],
        0.0
    ],
    "shortest_path": {
        "percent_useful_node_count": [
            0.7171189979123174,
            0.7129436325678496,
            0.7202505219206681,
            [
                0.6856993736951983,
                0.7004175365344467,
                0.7095511482254697,
                0.7244258872651357,
                0.7328810020876827,
                0.7359603340292276
            ],
            0.7156993736951983
        ],
        "percent_useful_wire_length": 39.45278268695319,
        "percent_reachable_sensors": 1.0,
        "percent_useful_jumper_count": [
            0.06844444444444445,
            0.06666666666666667,
            0.07022222222222223,
            [
                0.05773333333333333,
                0.059555555555555556,
                0.064,
                0.072,
                0.07733333333333334,
                0.07915555555555555
            ],
            0.06825777777777779
        ],
        "percent_useful_jumper_length": [
            0.0035555555555555557,
            0.0035555555555555557,
            0.0035555555555555557,
            [
                0.0026666666666666666,
                0.0026666666666666666,
                0.0035555555555555557,
                0.0044444444444444444,
                0.0044444444444444444,
                0.0044444444444444444
            ],
            0.0036088888888888876
        ],
        "percent_unreachable_bc_short_jumper": 0.0,
        "percent_multiroute_reached_nodes": [
            0.44199585992754875,
            0.4369146830347489,
            0.4474673453118293,
            [
                0.39319469545254726,
                0.3976010270581567,
                0.4279503105590062,
                0.45514676867411163,
                0.4773824201792916,
                0.479718583212033
            ],
            0.43987973585130524
        ],
        "path_length_max": [
            1028.383134289745,
            1014.0413859487924,
            1028.383134289745
        ],
        "path_length_avg": [
            488.66061012981027,
            487.1191538703289,
            490.1481595527173,
            [
                161.10838338604762,
                220.3546238627852,
                341.26006503343444,
                622.506453996207,
                731.981484724241,
                792.7499248806097
            ],
            482.6498547003856
        ],
        "path_node_count_max": [
            29.0,
            29.0,
            29.0
        ],
        "path_node_count_avg": [
            14.0,
            13.0,
            14.0,
            [
                4.0,
                6.0,
                9.0,
                17.0,
                20.0,
                22.0
            ],
            13.30092
        ],
        "path_jumper_count_max": [
            8.0,
            8.0,
            8.0
        ],
        "path_jumper_count_avg": [
            1.0,
            1.0,
            1.0,
            [
                0.0,
                0.0,
                0.0,
                1.0,
                2.0,
                3.0
            ],
            1.04283
        ],
        "path_sensor_jumper_length_max": [
            24.71705980129252,
            23.89740042869505,
            24.71705980129252
        ],
        "path_sensor_jumper_length_avg": [
            4.4394940278214765,
            4.405399803581221,
            4.469903239961546,
            [
                0.383845834647061,
                0.7788287222541663,
                2.0145098985045373,
                7.778537223341981,
                11.452354435479503,
                14.037419455971595
            ],
            5.384473596401805
        ],
        "path_router_node_branches_max": [
            16.0,
            10.0,
            16.0
        ],
        "path_router_node_branches_avg": [
            2.0,
            2.0,
            2.0,
            [
                2.0,
                2.0,
                2.0,
                3.0,
                5.0,
                7.0
            ],
            2.7553516819571864
        ],
        "graph_max_wire_length": [
            898.7815326237848,
            873.5980997987297,
            916.6154194930582,
            [
                741.38858624361,
                772.2692443144972,
                810.6902421287714,
                958.1647397805837,
                982.4468187778643,
                997.6423228499316
            ],
            883.25827785715
        ],
        "graph_avg_wire_length": [
            481.80371636506595,
            460.3423340711601,
            493.4934490798108,
            [
                427.15449399140016,
                429.74373536250516,
                438.5214007942196,
                516.4356669398584,
                552.0057743215365,
                565.9813091690413
            ],
            482.9250744741525
        ],
        "graph_max_node_count": [
            26.0,
            25.0,
            27.0,
            [
                22.0,
                22.0,
                24.0,
                28.0,
                29.10000000000001,
                30.0
            ],
            25.92
        ],
        "graph_avg_node_count": [
            13.506394624655709,
            13.192468619246862,
            14.084689014062315,
            [
                12.359498956158664,
                12.464826534702917,
                12.666492693110648,
                15.061902493733575,
                15.908971254551126,
                16.402261835184103
            ],
            13.92785132395971
        ],