{
    "total_wire_length": 172637.61526308622,
    "total_jumper_length": 8940.93610203034,
    "total_jumper_count": 911,
    "center_node_count": 3461,
    "edge_node_count": 769,
    "total_node_count": 4230,
    "reachable_node_count": [
        4230.0,
        4230.0,
        4230.0,
        [
            4230.0,
            4230.0,
            4230.0,
            4230.0,
            4230.0,
            4230.0
        ],
        4230.0
    ],
    "unreachable_node_count": [
        0.0,
        0.0,
        0.0,
        [
            0.0,
            0.0,
            0.0,
            0.0,
            0.0,
            0.0
        ],
        0.0
    ],
    "reachable_wire_length": [
        172637.61526308634,
        172637.61526308634,
        172637.61526308634,
        [
            172637.61526308634,
            172637.61526308634,
            172637.61526308634,
            172637.61526308634,
            172637.61526308634,
            172637.61526308634
        ],
        172637.6152630863
    ],
    "unreachable_wire_length": [
        0.0,
        0.0,
        0.0,
        [
            0.0,
            0.0,
            0.0,
            0.0,
            0.0,
            0.0
        ],
        0.0
    ],
    "reachable_jumper_length": [
        8940.936102030339,
        8940.936102030339,
        8940.936102030339,
        [
            8940.936102030339,
            8940.936102030339,
            8940.936102030339,
            8940.936102030339,
            8940.936102030339,
            8940.936102030339
        ],
        8940.936102030337
    ],
    "unreachable_jumper_length": [
        0.0,
        0.0,
        0.0,
        [
            0.0,
            0.0,
            0.0,
            0.0,
            0.0,
            0.0
        ],
        0.0
    ],
    "reachable_jumper_count": [
        911.0,
        911.0,
        911.0,
        [
            911.0,
            911.0,
            911.0,
            911.0,
            911.0,
            911.0
        ],
        911.0
    ],
    "unreachable_jumper_count": [
        0.0,
        0.0,
        0.0,
        [
            0.0,
            0.0,
            0.0,
            0.0,
            0.0,
            0.0
        ],
        0.0
    ],
    "shortest_path": {
        "percent_useful_node_count": [
            0.640661938534279,
            0.6364066193853428,
            0.642789598108747,
            [
                0.6193498817966903,
                0.6229787234042553,
                0.6319739952718676,
                0.6521867612293144,
                0.6609929078014184,
                0.6721749408983452
            ],
            0.6421843971631206
        ],
        "percent_useful_wire_length": 29.49511883962373,
        "percent_reachable_sensors": 1.0,
        "percent_useful_jumper_count": [
            0.1800219538968167,
            0.17508232711306257,
            0.18441273326015367,
            [
                0.1512623490669594,
                0.15916575192096596,
                0.1690450054884742,
                0.18907793633369924,
                0.20043907793633375,
                0.2142151481888035
            ],
            0.1801756311745335
        ],
        "percent_useful_jumper_length": [
            0.005488474204171241,
            0.0043907793633369925,
            0.005488474204171241,
            [
                0.003293084522502744,
                0.003293084522502744,
                0.0043907793633369925,
                0.005488474204171241,
                0.006586169045005488,
                0.006586169045005488
            ],
            0.005082327113062569
        ],
        "percent_unreachable_bc_short_jumper": 0.0,
        "percent_multiroute_reached_nodes": [
            0.35116738312963974,
            0.34173298709368294,
            0.3570905272628542,
            [
                0.2970146560434696,
                0.3098836812510019,
                0.3247809094116118,
                0.36681386501794705,
                0.3779608727161262,
                0.38306491323394576
            ],
            0.34543965770129714
        ],
        "path_length_max": [
            1223.1334523322014,
            1204.9442386217422,
            1223.1334523322014
        ],
        "path_length_avg": [
            566.0970688663565,
            563.8635369343407,
            568.1278632584742,
            [
                173.40585437297196,
                241.88907439361006,
                385.47218780685665,
                724.670784745378,
                855.3710623488995,
                928.0866273965164
            ],
            557.209596121564
        ],
        "path_node_count_max": [
            74.0,
            73.0,
            74.0
        ],
        "path_node_count_avg": [
            30.0,
            30.0,
            31.0,
            [
                9.0,
                13.0,
                21.0,
                39.0,
                48.0,
                52.0
            ],
            30.37945
        ],
        "path_jumper_count_max": [
            58.0,
            56.0,
            58.0
        ],
        "path_jumper_count_avg": [
            1.0,
            1.0,
            1.0,
            [
                0.0,
                0.0,
                0.0,
                2.0,
                10.0,
                17.0
            ],
            3.20532
        ],
        "path_sensor_jumper_length_max": [
            13.261850070895358,
            10.652470208202992,
            13.261850070895358
        ],
        "path_sensor_jumper_length_avg": [
            2.238141016560524,
            2.222219831217284,
            2.2536278001787933,
            [
                0.19285573610226883,
                0.3905271124856458,
                1.0172341564726555,
                3.8904582202666207,
                5.713065240352362,
                6.968907049067383
            ],
            2.6931564611457097
        ],
        "path_router_node_branches_max": [
            4.0,
            4.0,
            4.0
        ],
        "path_router_node_branches_avg": [
            2.0,
            2.0,
            2.0,
            [
                2.0,
                2.0,
                2.0,
                2.0,
                2.0,
                3.0
            ],
            2.10412147505423
        ],
        "graph_max_wire_length": [
            1038.3825402190234,
            1007.5236843458028,
            1081.4218973808256,
            [
                845.9296283247501,
                883.6678729089471,
                938.307776512233,
                1113.6357246683422,
                1146.9759697112265,
                1191.777356664234
            ],
            1030.3634961236664
        ],
        "graph_avg_wire_length": [
            547.6180034835943,
            532.3638873422822,
            567.4537722497296,
            [
                486.98677855296955,
                492.45422181952176,
                501.7365929216545,
                598.1291507321653,
                640.1797173497288,
                664.1220253147696
            ],
            556.4841293823781
        ],
        "graph_max_node_count": [
            59.0,
            56.0,
            64.0,
            [
                47.0,
                49.0,
                52.0,
                67.25,
                71.10000000000001,
                74.0
            ],
            59.94
        ],
        "graph_avg_node_count": [
            30.028487692201864,
            28.933092889413217,
            31.490513130462645,
            [
                26.43380263564676,
                26.65561067243635,
                27.421263212281474,
                33.63140102357388,
                35.46209705571338,
                37.0772398973586
            ],
            30.711281216037474
        ],