{
    "total_wire_length": 40600.96094310564,
    "total_jumper_length": 25588.302974458773,
    "total_jumper_count": 357,
    "center_node_count": 205,
    "edge_node_count": 185,
    "total_node_count": 390,
    "reachable_node_count": [
        390.0,
        390.0,
        390.0,
        [
            390.0,
            390.0,
            390.0,
            390.0,
            390.0,
            390.0
        ],
        390.0
    ],
    "unreachable_node_count": [
        0.0,
        0.0,
        0.0,
        [
            0.0,
            0.0,
            0.0,
            0.0,
            0.0,
            0.0
        ],
        0.0
    ],
    "reachable_wire_length": [
        40600.96094310563,
        40600.96094310563,
        40600.96094310563,
        [
            40600.96094310563,
            40600.96094310563,
            40600.96094310563,
            40600.96094310563,
            40600.96094310563,
            40600.96094310563
        ],
        40600.96094310563
    ],
    "unreachable_wire_length": [
        0.0,
        0.0,
        0.0,
        [
            0.0,
            0.0,
            0.0,
            0.0,
            0.0,
            0.0
        ],
        0.0
    ],
    "reachable_jumper_length": [
        25588.302974458762,
        25588.302974458762,
        25588.302974458762,
        [
            25588.302974458762,
            25588.302974458762,
            25588.302974458762,
            25588.302974458762,
            25588.302974458762,
            25588.302974458762
        ],
        25588.302974458762
    ],
    "unreachable_jumper_length": [
        0.0,
        0.0,
        0.0,
        [
            0.0,
            0.0,
            0.0,
            0.0,
            0.0,
            0.0
        ],
        0.0
    ],
    "reachable_jumper_count": [
        357.0,
        357.0,
        357.0,
        [
            357.0,
            357.0,
            357.0,
            357.0,
            357.0,
            357.0
        ],
        357.0
    ],
    "unreachable_jumper_count": [
        0.0,
        0.0,
        0.0,
        [
            0.0,
            0.0,
            0.0,
            0.0,
            0.0,
            0.0
        ],
        0.0
    ],
    "shortest_path": {
        "percent_useful_node_count": [
            0.7487179487179487,
            0.7461538461538462,
            0.7512820512820513,
            [
                0.7126923076923077,
                0.7205128205128205,
                0.7378205128205129,
                0.7596153846153846,
                0.7692307692307693,
                0.7743589743589744
            ],
            0.7469999999999999
        ],
        "percent_useful_wire_length": 46.94012404819794,
        "percent_reachable_sensors": 1.0,
        "percent_useful_jumper_count": [
            0.1876750700280112,
            0.18487394957983194,
            0.19047619047619047,
            [
                0.1595238095238095,
                0.16246498599439776,
                0.17647058823529413,
                0.19677871148459383,
                0.20168067226890757,
                0.2046218487394958
            ],
            0.18518207282913163
        ],
        "percent_useful_jumper_length": [
            0.011204481792717087,
            0.011204481792717087,
            0.011204481792717087,
            [
                0.008403361344537815,
                0.008403361344537815,
                0.008403361344537815,
                0.014005602240896359,
                0.01428571428571431,
                0.01680672268907563
            ],
            0.011624649859943976
        ],
        "percent_unreachable_bc_short_jumper": 0.0,
        "percent_multiroute_reached_nodes": [
            0.49411142213422543,
            0.48968475281217505,
            0.5,
            [
                0.4600993297360079,
                0.46440677966101696,
                0.4808578548508227,
                0.5072006733696154,
                0.5228394830492601,
                0.5255038937242328
            ],
            0.4936518119418938
        ],
        "path_length_max": [
            1893.0419729699254,
            1869.49829203368,
            1893.0419729699254
        ],
        "path_length_avg": [
            630.2334261223849,
            627.8652750478477,
            632.4213877527776,
            [
                204.20984941034467,
                277.06460902455984,
                436.09617618227907,
                843.1185218230365,
                1073.3744563368898,
                1212.1378897447164
            ],
            658.3451923284565
        ],
        "path_node_count_max": [
            28.0,
            28.0,
            28.0
        ],
        "path_node_count_avg": [
            10.0,
            10.0,
            10.0,
            [
                3.0,
                4.0,
                6.0,
                13.0,
                16.0,
                19.0
            ],
            9.97394
        ],
        "path_jumper_count_max": [
            11.0,
            10.0,
            11.0
        ],
        "path_jumper_count_avg": [
            1.0,
            1.0,
            1.0,
            [
                0.0,
                0.0,
                1.0,
                2.0,
                4.0,
                4.0
            ],
            1.50904
        ],
        "path_sensor_jumper_length_max": [
            54.37455538722508,
            52.049193414872725,
            54.37455538722508
        ],
        "path_sensor_jumper_length_avg": [
            8.932268853212141,
            8.870466988802432,
            8.996361942103555,
            [
                0.7510753306801197,
                1.54540861955586,
                4.0249080806349244,
                15.675331188994868,
                23.030610674775808,
                28.070998221422386
            ],
            10.816654685912418
        ],
        "path_router_node_branches_max": [
            7.0,
            5.0,
            7.0
        ],
        "path_router_node_branches_avg": [
            2.0,
            2.0,
            2.0,
            [
                2.0,
                2.0,
                2.0,
                3.0,
                4.0,
                4.0
            ],
            2.5886524822695036
        ],
        "graph_max_wire_length": [
            1322.7683344404254,
            1283.328542533636,
            1351.8355231810785,
            [
                1044.9373204634894,
                1058.3119803471193,
                1176.4212950133506,
                1460.936026389552,
                1737.7682222444641,
                1802.7189125255236
            ],
            1353.3324652694369
        ],
        "graph_avg_wire_length": [
            610.9382445021049,
            593.7417915382825,
            633.5126712867179,
            [
                525.8888976884141,
                531.4208636799565,
                560.9787137035507,
                709.1064912559473,
                863.5710580958076,
                944.7022316185621
            ],
            656.3876313522858
        ],
        "graph_max_node_count": [
            21.0,
            19.5,
            22.0,
            [
                16.0,
                16.0,
                18.0,
                24.25,
                27.0,
                27.0
            ],
            21.11
        ],
        "graph_avg_node_count": [
            9.996011623474239,
            9.58611825192802,
            10.714455949137147,
            [
                8.441731266149871,
                8.527000596302923,
                9.10945470978108,
                11.416050878255604,
                13.853887399463813,
                14.689074550128534
            ],
            10.629242335138475
        ],