{
    "total_wire_length": 106652.90099797663,
    "total_jumper_length": 40114.747932802624,
    "total_jumper_count": 2048,
    "center_node_count": 2135,
    "edge_node_count": 793,
    "total_node_count": 2928,
    "reachable_node_count": [
        2928.0,
        2928.0,
        2928.0,
        [
            2928.0,
            2928.0,
            2928.0,
            2928.0,
            2928.0,
            2928.0
        ],
        2928.0
    ],
    "unreachable_node_count": [
        0.0,
        0.0,
        0.0,
        [
            0.0,
            0.0,
            0.0,
            0.0,
            0.0,
            0.0
        ],
        0.0
    ],
    "reachable_wire_length": [
        106652.90099797663,
        106652.90099797663,
        106652.90099797663,
        [
            106652.90099797663,
            106652.90099797663,
            106652.90099797663,
            106652.90099797663,
            106652.90099797663,
            106652.90099797663
        ],
        106652.90099797658
    ],
    "unreachable_wire_length": [
        0.0,
        0.0,
        0.0,
        [
            0.0,
            0.0,
            0.0,
            0.0,
            0.0,
            0.0
        ],
        0.0
    ],
    "reachable_jumper_length": [
        40114.747932802646,
        40114.747932802646,
        40114.747932802646,
        [
            40114.747932802646,
            40114.747932802646,
            40114.747932802646,
            40114.747932802646,
            40114.747932802646,
            40114.747932802646
        ],
        40114.74793280264
    ],
    "unreachable_jumper_length": [
        0.0,
        0.0,
        0.0,
        [
            0.0,
            0.0,
            0.0,
            0.0,
            0.0,
            0.0
        ],
        0.0
    ],
    "reachable_jumper_count": [
        2048.0,
        2048.0,
        2048.0,
        [
            2048.0,
            2048.0,
            2048.0,
            2048.0,
            2048.0,
            2048.0
        ],
        2048.0
    ],
    "unreachable_jumper_count": [
        0.0,
        0.0,
        0.0,
        [
            0.0,
            0.0,
            0.0,
            0.0,
            0.0,
            0.0
        ],
        0.0
    ],
    "shortest_path": {
        "percent_useful_node_count": [
            0.6494193989071038,
            0.6475409836065574,
            0.6526639344262295,
            [
                0.6303449453551913,
                0.634084699453552,
                0.6412226775956285,
                0.6561646174863388,
                0.6613046448087432,
                0.6628073770491804
            ],
            0.6488592896174863
        ],
        "percent_useful_wire_length": 33.010449351650976,
        "percent_reachable_sensors": 1.0,
        "percent_useful_jumper_count": [
            0.097412109375,
            0.095458984375,
            0.099609375,
            [
                0.083935546875,
                0.086376953125,
                0.091796875,
                0.101318359375,
                0.10747070312500001,
                0.10947265625
            ],
            0.0969580078125
        ],
        "percent_useful_jumper_length": [
            0.00390625,
            0.00390625,
            0.00390625,
            [
                0.0029296875,
                0.0029296875,
                0.00341796875,
                0.00439453125,
                0.00537109375,
                0.00537109375
            ],
            0.0039404296875
        ],
        "percent_unreachable_bc_short_jumper": 0.0,
        "percent_multiroute_reached_nodes": [
            0.3780768824833183,
            0.3739270386266094,
            0.38192303823047935,
            [
                0.34445746294025753,
                0.3554074373351824,
                0.3650859770497026,
                0.39186748834405555,
                0.40585225345490694,
                0.4132793650091103
            ],
            0.3788133333233841
        ],
        "path_length_max": [
            1364.0157226448719,
            1354.242108220948,
            1364.0157226448719
        ],
        "path_length_avg": [
            465.4129212971706,
            463.9522355306058,
            466.951584204136,
            [
                137.87877984184408,
                194.82707245063096,
                315.7480931822995,
                623.3972565552147,
                759.0740533664931,
                838.1194123938236
            ],
            475.17535942325094
        ],
        "path_node_count_max": [
            73.0,
            72.0,
            73.0
        ],
        "path_node_count_avg": [
            25.0,
            25.0,
            25.0,
            [
                7.0,
                10.0,
                17.0,
                34.0,
                41.0,
                45.0
            ],
            25.66105
        ],
        "path_jumper_count_max": [
            33.0,
            32.0,
            33.0
        ],
        "path_jumper_count_avg": [
            2.0,
            1.0,
            2.0,
            [
                0.0,
                0.0,
                1.0,
                3.0,
                8.0,
                11.0
            ],
            2.9769
        ],
        "path_sensor_jumper_length_max": [
            12.365760238336565,
            11.135886159083553,
            12.365760238336565
        ],
        "path_sensor_jumper_length_avg": [
            2.2230651766046083,
            2.2062995233398106,
            2.239911786372462,
            [
                0.19093002214127378,
                0.37976734741004087,
                1.00824941662314,
                3.8891221387807358,
                5.730238845232679,
                6.997435136590997
            ],
            2.690575929111819
        ],
        "path_router_node_branches_max": [
            7.0,
            6.0,
            7.0
        ],
        "path_router_node_branches_avg": [
            2.0,
            2.0,
            2.0,
            [
                2.0,
                2.0,
                2.0,
                2.0,
                4.0,
                4.0
            ],
            2.384
        ],
        "graph_max_wire_length": [
            967.9381298826868,
            928.2827798538442,
            987.6760156730847,
            [
                790.0794067976315,
                817.1718339890956,
                874.7804629130256,
                1042.5267703510235,
                1172.6646769407055,
                1237.1817773153577
            ],
            978.1666248137306
        ],
        "graph_avg_wire_length": [
            456.821367974718,
            437.5053462106893,
            492.4942806655416,
            [
                374.25345709456604,
                383.6633846224388,
                411.0417567871757,
                530.746555161064,
                584.3863625825277,
                632.7924791903054
            ],
            476.7357051370444
        ],
        "graph_max_node_count": [
            52.5,
            51.0,
            53.0,
            [
                42.0,
                44.0,
                47.75,
                58.0,
                65.10000000000001,
                68.0
            ],
            53.29
        ],
        "graph_avg_node_count": [
            25.438123445710424,
            24.580132314786702,
            26.94231874091374,
            [
                20.673415304552435,
                20.98080798978749,
                22.884650422357662,
                28.83855526777483,
                33.31175198475335,
                35.24065711997381
            ],
            26.39542802864032
        ],