{
    "total_wire_length": 34504.12897646125,
    "total_jumper_length": 40066.52331659608,
    "total_jumper_count": 625,
    "center_node_count": 351,
    "edge_node_count": 237,
    "total_node_count": 588,
    "reachable_node_count": [
        588.0,
        588.0,
        588.0,
        [
            588.0,
            588.0,
            588.0,
            588.0,
            588.0,
            588.0
        ],
        588.0
    ],
    "unreachable_node_count": [
        0.0,
        0.0,
        0.0,
        [
            0.0,
            0.0,
            0.0,
            0.0,
            0.0,
            0.0
        ],
        0.0
    ],
    "reachable_wire_length": [
        34504.128976461245,
        34504.128976461245,
        34504.128976461245,
        [
            34504.128976461245,
            34504.128976461245,
            34504.128976461245,
            34504.128976461245,
            34504.128976461245,
            34504.128976461245
        ],
        34504.12897646125
    ],
    "unreachable_wire_length": [
        0.0,
        0.0,
        0.0,
        [
            0.0,
            0.0,
            0.0,
            0.0,
            0.0,
            0.0
        ],
        0.0
    ],
    "reachable_jumper_length": [
        40066.52331659604,
        40066.52331659604,
        40066.52331659604,
        [
            40066.52331659604,
            40066.52331659604,
            40066.52331659604,
            40066.52331659604,
            40066.52331659604,
            40066.52331659604
        ],
        40066.52331659605
    ],
    "unreachable_jumper_length": [
        0.0,
        0.0,
        0.0,
        [
            0.0,
            0.0,
            0.0,
            0.0,
            0.0,
            0.0
        ],
        0.0
    ],
    "reachable_jumper_count": [
        625.0,
        625.0,
        625.0,
        [
            625.0,
            625.0,
            625.0,
            625.0,
            625.0,
            625.0
        ],
        625.0
    ],
    "unreachable_jumper_count": [
        0.0,
        0.0,
        0.0,
        [
            0.0,
            0.0,
            0.0,
            0.0,
            0.0,
            0.0
        ],
        0.0
    ],
    "shortest_path": {
        "percent_useful_node_count": [
            0.7159863945578231,
            0.7125850340136054,
            0.7193877551020408,
            [
                0.6887755102040817,
                0.6921768707482994,
                0.7040816326530612,
                0.7227891156462585,
                0.7295918367346939,
                0.7363945578231292
            ],
            0.7139285714285716
        ],
        "percent_useful_wire_length": 42.04240856339171,
        "percent_reachable_sensors": 1.0,
        "percent_useful_jumper_count": [
            0.0928,
            0.0912,
            0.0944,
            [
                0.08152000000000001,
                0.08624000000000001,
                0.088,
                0.0992,
                0.10416,
                0.1088
            ],
            0.09401599999999999
        ],
        "percent_useful_jumper_length": [
            0.0064,
            0.0064,
            0.008,
            [
                0.0048,
                0.0048,
                0.0064,
                0.008,
                0.008,
                0.0096
            ],
            0.006912000000000001
        ],
        "percent_unreachable_bc_short_jumper": 0.0,
        "percent_multiroute_reached_nodes": [
            0.48751979638009046,
            0.4792384329618372,
            0.4940188306670864,
            [
                0.4459967320261438,
                0.45766347109665895,
                0.46975242287742286,
                0.5042147676485307,
                0.5257241820933752,
                0.5307045583191822
            ],
            0.4873842634698399
        ],
        "path_length_max": [
            769.370820078844,
            765.9187482771741,
            769.370820078844
        ],
        "path_length_avg": [
            370.10124968529885,
            368.8306457781024,
            371.32651720696697,
            [
                125.18085846456205,
                168.08228142579117,
                256.8321885987963,
                470.00560952653814,
                549.1720781666088,
                594.7364186221994
            ],
            364.5101604134131
        ],
        "path_node_count_max": [
            24.0,
            23.0,
            24.0
        ],
        "path_node_count_avg": [
            10.0,
            10.0,
            11.0,
            [
                3.0,
                5.0,
                7.0,
                13.0,
                16.0,
                17.0
            ],
            10.33739
        ],
        "path_jumper_count_max": [
            6.0,
            6.0,
            6.0
        ],
        "path_jumper_count_avg": [
            1.0,
            1.0,
            1.0,
            [
                0.0,
                0.0,
                0.0,
                1.0,
                2.0,
                2.0
            ],
            0.8908
        ],
        "path_sensor_jumper_length_max": [
            23.484408976966677,
            22.460026478384723,
            23.484408976966677
        ],
        "path_sensor_jumper_length_avg": [
            4.438048112218062,
            4.404120414493732,
            4.470058029686901,
            [
                0.37583688186050324,
                0.7591350944873728,
                2.0030766610366317,
                7.839421166019431,
                11.557379997737828,
                14.109132146526903
            ],
            5.3997904804147305
        ],
        "path_router_node_branches_max": [
            9.0,
            8.0,
            9.0
        ],
        "path_router_node_branches_avg": [
            2.0,
            2.0,
            2.0,
            [
                2.0,
                2.0,
                2.0,
                3.0,
                4.0,
                6.599999999999994
            ],
            2.751196172248804
        ],
        "graph_max_wire_length": [
            664.3587202091128,
            640.5987301296077,
            686.0733254789052,
            [
                567.0540771936174,
                582.9801109084967,
                617.5834644116354,
                722.3413478188145,
                745.1680724905773,
                764.6090093762932
            ],
            666.2316901356809
        ],
        "graph_avg_wire_length": [
            356.2633196221213,
            346.7649148296791,
            369.48458663088445,
            [
                324.9777898604729,
                326.20363048839545,
                334.9426981481953,
                386.71633262381584,
                416.6016321505355,
                434.46421108285
            ],
            365.0574591338194
        ],
        "graph_max_node_count": [
            20.0,
            20.0,
            21.0,
            [
                17.0,
                18.0,
                19.0,
                21.0,
                23.0,
                24.0
            ],
            20.2
        ],
        "graph_avg_node_count": [
            10.702233993073762,
            10.475980046948356,
            11.031523642732049,
            [
                9.864450066775486,
                9.940626544412208,
                10.083010237810216,
                11.823356009070295,
                12.629750684628847,
                12.834170734925452
            ],
            11.041362699210556
        ],
        "graph_max_jumper_count": [
            4.0,
            4.0,
            4.0,
            [
                3.0,
                3.0,
                3.0,
                4.0,
                5.0,
                5.049999999999997
            ],
            3.93
        ],