{
    "total_wire_length": 120439.62507545095,
    "total_jumper_length": 2582.8923371443066,
    "total_jumper_count": 252,
    "center_node_count": 1206,
    "edge_node_count": 446,
    "total_node_count": 1652,
    "reachable_node_count": [
        1652.0,
        1652.0,
        1652.0,
        [
            1652.0,
            1652.0,
            1652.0,
            1652.0,
            1652.0,
            1652.0
        ],
        1652.0
    ],
    "unreachable_node_count": [
        0.0,
        0.0,
        0.0,
        [
            0.0,
            0.0,
            0.0,
            0.0,
            0.0,
            0.0
        ],
        0.0
    ],
    "reachable_wire_length": [
        120439.625075451,
        120439.625075451,
        120439.625075451,
        [
            120439.625075451,
            120439.625075451,
            120439.625075451,
            120439.625075451,
            120439.625075451,
            120439.625075451
        ],
        120439.62507545098
    ],
    "unreachable_wire_length": [
        0.0,
        0.0,
        0.0,
        [
            0.0,
            0.0,
            0.0,
            0.0,
            0.0,
            0.0
        ],
        0.0
    ],
    "reachable_jumper_length": [
        2582.892337144306,
        2582.892337144306,
        2582.892337144306,
        [
            2582.892337144306,
            2582.892337144306,
            2582.892337144306,
            2582.892337144306,
            2582.892337144306,
            2582.892337144306
        ],
        2582.892337144305
    ],
    "unreachable_jumper_length": [
        0.0,
        0.0,
        0.0,
        [
            0.0,
            0.0,
            0.0,
            0.0,
            0.0,
            0.0
        ],
        0.0
    ],
    "reachable_jumper_count": [
        252.0,
        252.0,
        252.0,
        [
            252.0,
            252.0,
            252.0,
            252.0,
            252.0,
            252.0
        ],
        252.0
    ],
    "unreachable_jumper_count": [
        0.0,
        0.0,
        0.0,
        [
            0.0,
            0.0,
            0.0,
            0.0,
            0.0,
            0.0
        ],
        0.0
    ],
    "shortest_path": {
        "percent_useful_node_count": [
            0.690677966101695,
            0.6882566585956417,
            0.6934095036319613,
            [
                0.6730024213075061,
                0.6766949152542373,
                0.6803874092009685,
                0.6973365617433414,
                0.7064164648910412,
                0.7095036319612591
            ],
            0.6902723970944309
        ],
        "percent_useful_wire_length": 34.1338472576701,
        "percent_reachable_sensors": 0.99998,
        "percent_useful_jumper_count": [
            0.28174603174603174,
            0.27380952380952384,
            0.2896825396825397,
            [
                0.2259920634920635,
                0.25,
                0.26587301587301587,
                0.2986111111111111,
                0.309920634920635,
                0.31746031746031744
            ],
            0.27980158730158733
        ],
        "percent_useful_jumper_length": [
            0.01984126984126984,
            0.015873015873015872,
            0.01984126984126984,
            [
                0.011904761904761904,
                0.011904761904761904,
                0.015873015873015872,
                0.01984126984126984,
                0.023809523809523808,
                0.023809523809523808
            ],
            0.017857142857142853
        ],
        "percent_unreachable_bc_short_jumper": 2e-05,
        "percent_multiroute_reached_nodes": [
            0.4060288426169,
            0.40095466745184194,
            0.40913081650570676,
            [
                0.370853932719179,
                0.37954510346837655,
                0.39001245179948585,
                0.4151780086689228,
                0.4286480960899565,
                0.4337326169405815
            ],
            0.4034948074817731
        ],
        "path_length_max": [
            1507.7934271159133,
            1491.63011249472,
            1507.7934271159133
        ],
        "path_length_avg": [
            678.852686760446,
            676.3837077700803,
            681.2861073772075,
            [
                215.91954202578245,
                299.90728409955676,
                470.7126888768151,
                866.9612511975182,
                1020.7678103969942,
                1111.0068535311646
            ],
            670.8024756835928
        ],
        "path_node_count_max": [
            46.0,
            43.0,
            46.0
        ],
        "path_node_count_avg": [
            18.0,
            18.0,
            18.0,
            [
                6.0,
                8.0,
                13.0,
                24.0,
                28.0,
                31.0
            ],
            18.261485229704594
        ],
        "path_jumper_count_max": [
            14.0,
            11.0,
            14.0
        ],
        "path_jumper_count_avg": [
            1.0,
            1.0,
            1.0,
            [
                0.0,
                0.0,
                0.0,
                1.0,
                2.0,
                3.0
            ],
            0.9876697533950679
        ],
        "path_sensor_jumper_length_max": [
            19.952461481579405,
            19.90285955502769,
            19.952461481579405
        ],
        "path_sensor_jumper_length_avg": [
            4.478495158224689,
            4.443755603456351,
            4.511476704192416,
            [
                0.3827720811402178,
                0.7700311405146688,
                2.020052474209278,
                7.77497759926697,
                11.397185767725896,
                13.949889097924126
            ],
            5.382763975082076
        ],
        "path_router_node_branches_max": [
            4.0,
            4.0,
            4.0
        ],
        "path_router_node_branches_avg": [
            2.0,
            2.0,
            2.0,
            [
                2.0,
                2.0,
                2.0,
                2.0,
                2.0,
                3.0
            ],
            2.1012658227848102
        ],
        "graph_max_wire_length": [
            1233.8015541203126,
            1194.429458483868,
            1288.8316701066826,
            [
                1009.6130358677339,
                1073.6328813850544,
                1150.9595233227164,
                1360.332708621441,
                1420.117013286858,
                1437.8013325000502
            ],
            1243.3795283378627
        ],
        "graph_avg_wire_length": [
            654.2108809789366,
            631.8017420955398,
            687.0014869879689,
            [
                597.5020586818239,
                600.7672981702095,
                610.0845539727102,
                721.3347596858086,
                798.1970322759933,
                817.213187641994
            ],
            675.2210911994366
        ],
        "graph_max_node_count": [
            36.0,
            34.0,
            37.0,
            [
                31.0,
                31.0,
                32.75,
                40.0,
                42.0,
                43.0
            ],
            36.29
        ],
        "graph_avg_node_count": [
            18.420188787549034,
            17.67981888745149,
            19.434602956242216,
            [
                16.722928170396493,
                16.895859966358287,
                17.10135814889336,
                20.730595431860184,
                22.35474865207202,
                23.374437271222984
            ],
            19.106067365150885
        ],