{
    "total_wire_length": 160518.9981546083,
    "total_jumper_length": 3415.767776096318,
    "total_jumper_count": 339,
    "center_node_count": 1608,
    "edge_node_count": 536,
    "total_node_count": 2144,
    "reachable_node_count": [
        2144.0,
        2144.0,
        2144.0,
        [
            2144.0,
            2144.0,
            2144.0,
            2144.0,
            2144.0,
            2144.0
        ],
        2144.0
    ],
    "unreachable_node_count": [
        0.0,
        0.0,
        0.0,
        [
            0.0,
            0.0,
            0.0,
            0.0,
            0.0,
            0.0
        ],
        0.0
    ],
    "reachable_wire_length": [
        160518.99815460833,
        160518.99815460833,
        160518.99815460833,
        [
            160518.99815460833,
            160518.99815460833,
            160518.99815460833,
            160518.99815460833,
            160518.99815460833,
            160518.99815460833
        ],
        160518.99815460833
    ],
    "unreachable_wire_length": [
        0.0,
        0.0,
        0.0,
        [
            0.0,
            0.0,
            0.0,
            0.0,
            0.0,
            0.0
        ],
        0.0
    ],
    "reachable_jumper_length": [
        3415.7677760963147,
        3415.7677760963147,
        3415.7677760963147,
        [
            3415.7677760963147,
            3415.7677760963147,
            3415.7677760963147,
            3415.7677760963147,
            3415.7677760963147,
            3415.7677760963147
        ],
        3415.7677760963143
    ],
    "unreachable_jumper_length": [
        0.0,
        0.0,
        0.0,
        [
            0.0,
            0.0,
            0.0,
            0.0,
            0.0,
            0.0
        ],
        0.0
    ],
    "reachable_jumper_count": [
        339.0,
        339.0,
        339.0,
        [
            339.0,
            339.0,
            339.0,
            339.0,
            339.0,
            339.0
        ],
        339.0
    ],
    "unreachable_jumper_count": [
        0.0,
        0.0,
        0.0,
        [
            0.0,
            0.0,
            0.0,
            0.0,
            0.0,
            0.0
        ],
        0.0
    ],
    "shortest_path": {
        "percent_useful_node_count": [
            0.6711753731343284,
            0.6688432835820896,
            0.6730410447761194,
            [
                0.6528917910447761,
                0.6576026119402986,
                0.664179104477612,
                0.675839552238806,
                0.6800839552238805,
                0.6815764925373134
            ],
            0.6699160447761194
        ],
        "percent_useful_wire_length": 32.880778269335536,
        "percent_reachable_sensors": 0.9997,
        "percent_useful_jumper_count": [
            0.22418879056047197,
            0.2182890855457227,
            0.2359882005899705,
            [
                0.1710914454277286,
                0.18849557522123894,
                0.20648967551622419,
                0.2448377581120944,
                0.2601769911504425,
                0.2715339233038348
            ],
            0.22510324483775812
        ],
        "percent_useful_jumper_length": [
            0.011799410029498525,
            0.011799410029498525,
            0.014749262536873156,
            [
                0.008849557522123894,
                0.008849557522123894,
                0.011799410029498525,
                0.014749262536873156,
                0.017699115044247787,
                0.017699115044247787
            ],
            0.012861356932153394
        ],
        "percent_unreachable_bc_short_jumper": 0.0003,
        "percent_multiroute_reached_nodes": [
            0.3865928270042194,
            0.37585733882030176,
            0.3958224352470865,
            [
                0.3446532118632797,
                0.34798208226795446,
                0.3668557581869625,
                0.407520373860522,
                0.4186014457859118,
                0.4242796091649462
            ],
            0.38569729727398183
        ],
        "path_length_max": [
            2653.5221849301406,
            2637.8552909900104,
            2653.5221849301406
        ],
        "path_length_avg": [
            832.6893016095855,
            829.582903532387,
            835.6979792720962,
            [
                247.4532715780742,
                347.32496332735644,
                563.183359983363,
                1137.4085971653908,
                1485.0676334624993,
                1679.136054615804
            ],
            880.2751390414936
        ],
        "path_node_count_max": [
            85.0,
            83.0,
            85.0
        ],
        "path_node_count_avg": [
            23.0,
            23.0,
            23.0,
            [
                6.0,
                9.0,
                15.0,
                31.0,
                41.0,
                47.0
            ],
            24.123827148144443
        ],
        "path_jumper_count_max": [
            15.0,
            14.0,
            15.0
        ],
        "path_jumper_count_avg": [
            1.0,
            1.0,
            1.0,
            [
                0.0,
                0.0,
                1.0,
                2.0,
                3.0,
                4.0
            ],
            1.3490147044113234
        ],
        "path_sensor_jumper_length_max": [
            19.973466135920454,
            19.887885938481766,
            19.973466135920454
        ],
        "path_sensor_jumper_length_avg": [
            4.441921870317581,
            4.409742704432209,
            4.478637337134049,
            [
                0.3752017675515631,
                0.7728973572561024,
                1.9980698850322316,
                7.7934578836938115,
                11.418116403353173,
                13.923744756075509
            ],
            5.368533864935771
        ],
        "path_router_node_branches_max": [
            4.0,
            4.0,
            4.0
        ],
        "path_router_node_branches_avg": [
            2.0,
            2.0,
            2.0,
            [
                2.0,
                2.0,
                2.0,
                2.0,
                3.0,
                3.0
            ],
            2.1493288590604025
        ],
        "graph_max_wire_length": [
            1834.720205853113,
            1793.3157837764425,
            1922.317153766271,
            [
                1499.4781421950574,
                1539.0912388570846,
                1676.7802048271242,
                2090.9555184789006,
                2432.4376231574624,
                2534.6905211397643
            ],
            1910.0845131439671
        ],
        "graph_avg_wire_length": [
            799.713522470481,
            781.206489446759,
            835.2312664018166,
            [
                690.3593033517625,
                694.791803624744,
                720.1529746399036,
                956.9822644120806,
                1181.0083377188653,
                1274.2648452879685
            ],
            869.5322882746891
        ],
        "graph_max_node_count": [
            56.0,
            54.0,
            58.0,
            [
                46.0,
                47.0,
                51.75,
                63.25,
                74.10000000000001,
                80.0
            ],
            58.46
        ],
        "graph_avg_node_count": [
            22.971170550422087,
            22.040573973280555,
            23.938623705985492,
            [
                19.549335393329024,
                19.680285035629453,
                20.298670735228683,
                26.13196497719182,
                33.139069913919805,
                35.287436027927555
            ],
            24.493860785627454
        ],