{
    "total_wire_length": 24648.59765282381,
    "total_jumper_length": 1370.4889963091548,
    "total_jumper_count": 68,
    "center_node_count": 126,
    "edge_node_count": 144,
    "total_node_count": 270,
    "reachable_node_count": [
        270.0,
        270.0,
        270.0,
        [
            270.0,
            270.0,
            270.0,
            270.0,
            270.0,
            270.0
        ],
        270.0
    ],
    "unreachable_node_count": [
        0.0,
        0.0,
        0.0,
        [
            0.0,
            0.0,
            0.0,
            0.0,
            0.0,
            0.0
        ],
        0.0
    ],
    "reachable_wire_length": [
        24648.597652823806,
        24648.597652823806,
        24648.597652823806,
        [
            24648.597652823806,
            24648.597652823806,
            24648.597652823806,
            24648.597652823806,
            24648.597652823806,
            24648.597652823806
        ],
        24648.5976528238
    ],
    "unreachable_wire_length": [
        0.0,
        0.0,
        0.0,
        [
            0.0,
            0.0,
            0.0,
            0.0,
            0.0,
            0.0
        ],
        0.0
    ],
    "reachable_jumper_length": [
        1370.4889963091543,
        1370.4889963091543,
        1370.4889963091543,
        [
            1370.4889963091543,
            1370.4889963091543,
            1370.4889963091543,
            1370.4889963091543,
            1370.4889963091543,
            1370.4889963091543
        ],
        1370.4889963091534
    ],
    "unreachable_jumper_length": [
        0.0,
        0.0,
        0.0,
        [
            0.0,
            0.0,
            0.0,
            0.0,
            0.0,
            0.0
        ],
        0.0
    ],
    "reachable_jumper_count": [
        68.0,
        68.0,
        68.0,
        [
            68.0,
            68.0,
            68.0,
            68.0,
            68.0,
            68.0
        ],
        68.0
    ],
    "unreachable_jumper_count": [
        0.0,
        0.0,
        0.0,
        [
            0.0,
            0.0,
            0.0,
            0.0,
            0.0,
            0.0
        ],
        0.0
    ],
    "shortest_path": {
        "percent_useful_node_count": [
            0.6777777777777778,
            0.674074074074074,
            0.6814814814814815,
            [
                0.6516666666666667,
                0.6555555555555556,
                0.6666666666666666,
                0.6888888888888889,
                0.6929629629629629,
                0.7
            ],
            0.6767407407407405
        ],
        "percent_useful_wire_length": 42.58485390868951,
        "percent_reachable_sensors": 0.99947,
        "percent_useful_jumper_count": [
            0.5441176470588235,
            0.5294117647058824,
            0.5514705882352942,
            [
                0.45588235294117646,
                0.4852941176470588,
                0.5147058823529411,
                0.5735294117647058,
                0.5882352941176471,
                0.6029411764705882
            ],
            0.538235294117647
        ],
        "percent_useful_jumper_length": [
            0.07352941176470588,
            0.058823529411764705,
            0.07352941176470588,
            [
                0.04411764705882353,
                0.04411764705882353,
                0.058823529411764705,
                0.07352941176470588,
                0.08823529411764706,
                0.08823529411764706
            ],
            0.06691176470588235
        ],
        "percent_unreachable_bc_short_jumper": 0.00053,
        "percent_multiroute_reached_nodes": [
            0.5273232202580029,
            0.5217391304347826,
            0.532258064516129,
            [
                0.47824892498805543,
                0.4891304347826087,
                0.5080001697648757,
                0.5415522084014939,
                0.5514074730468174,
                0.5574087492074993
            ],
            0.5236305209102763
        ],
        "path_length_max": [
            1023.8221603021093,
            997.1450263520788,
            1023.8221603021093
        ],
        "path_length_avg": [
            470.5396092117481,
            468.98801903495894,
            471.9950811122173,
            [
                169.32606606999542,
                224.40526593576254,
                335.078048965545,
                593.8836824077327,
                692.263666341605,
                748.7194926958006
            ],
            464.77247027632853
        ],
        "path_node_count_max": [
            18.0,
            17.0,
            18.0
        ],
        "path_node_count_avg": [
            7.0,
            7.0,
            7.0,
            [
                2.0,
                3.0,
                5.0,
                9.0,
                11.0,
                12.0
            ],
            7.162766266121044
        ],
        "path_jumper_count_max": [
            9.0,
            8.0,
            9.0
        ],
        "path_jumper_count_avg": [
            1.0,
            1.0,
            1.0,
            [
                0.0,
                0.0,
                0.0,
                1.0,
                2.0,
                3.0
            ],
            0.8771448867899987
        ],
        "path_sensor_jumper_length_max": [
            39.999836407766516,
            39.967640745872494,
            39.999836407766516
        ],
        "path_sensor_jumper_length_avg": [
            8.908416894798226,
            8.8340474543793,
            8.976039608495865,
            [
                0.7401319751177076,
                1.4959673491428518,
                3.9619887984086617,
                15.70390453043239,
                23.262775326933095,
                28.30192948935818
            ],
            10.820075531255364
        ],
        "path_router_node_branches_max": [
            4.0,
            3.0,
            4.0
        ],
        "path_router_node_branches_avg": [
            2.0,
            2.0,
            2.0,
            [
                2.0,
                2.0,
                2.0,
                3.0,
                3.0,
                3.0
            ],
            2.3125
        ],
        "graph_max_wire_length": [
            825.9254986257216,
            807.0203527455309,
            848.7408262559766,
            [
                698.9787447719654,
                722.3226578657603,
                771.1516664837395,
                901.041483703481,
                927.2951823471483,
                945.8534067069346
            ],
            830.6169901146033
        ],
        "graph_avg_wire_length": [
            462.7688225693763,
            445.2243328839406,
            476.47140713539955,
            [
                416.24187574085016,
                422.90034827154835,
                433.07066474484486,
                499.1531527092219,
                529.6044902491645,
                558.087155564976
            ],
            469.88262728399553
        ],
        "graph_max_node_count": [
            15.0,
            14.5,
            15.5,
            [
                13.0,
                13.0,
                14.0,
                16.0,
                17.0,
                18.0
            ],
            15.03
        ],
        "graph_avg_node_count": [
            7.813411057552703,
            7.648261085761086,
            8.076346890084892,
            [
                7.248884758364312,
                7.329250936329588,
                7.4451336675020885,
                8.507353163333132,
                9.426728406381807,
                9.777355103194797
            ],
            8.11828760429062
        ],