{
    "total_wire_length": 244532.4861244284,
    "total_jumper_length": 144912.26738314907,
    "total_jumper_count": 3729,
    "center_node_count": 4887,
    "edge_node_count": 909,
    "total_node_count": 5796,
    "reachable_node_count": [
        5796.0,
        5796.0,
        5796.0,
        [
            5796.0,
            5796.0,
            5796.0,
            5796.0,
            5796.0,
            5796.0
        ],
        5796.0
    ],
    "unreachable_node_count": [
        0.0,
        0.0,
        0.0,
        [
            0.0,
            0.0,
            0.0,
            0.0,
            0.0,
            0.0
        ],
        0.0
    ],
    "reachable_wire_length": [
        244532.48612442837,
        244532.48612442837,
        244532.48612442837,
        [
            244532.48612442837,
            244532.48612442837,
            244532.48612442837,
            244532.48612442837,
            244532.48612442837,
            244532.48612442837
        ],
        244532.48612442848
    ],
    "unreachable_wire_length": [
        0.0,
        0.0,
        0.0,
        [
            0.0,
            0.0,
            0.0,
            0.0,
            0.0,
            0.0
        ],
        0.0
    ],
    "reachable_jumper_length": [
        144912.26738314904,
        144912.26738314904,
        144912.26738314904,
        [
            144912.26738314904,
            144912.26738314904,
            144912.26738314904,
            144912.26738314904,
            144912.26738314904,
            144912.26738314904
        ],
        144912.26738314907
    ],
    "unreachable_jumper_length": [
        0.0,
        0.0,
        0.0,
        [
            0.0,
            0.0,
            0.0,
            0.0,
            0.0,
            0.0
        ],
        0.0
    ],
    "reachable_jumper_count": [
        3729.0,
        3729.0,
        3729.0,
        [
            3729.0,
            3729.0,
            3729.0,
            3729.0,
            3729.0,
            3729.0
        ],
        3729.0
    ],
    "unreachable_jumper_count": [
        0.0,
        0.0,
        0.0,
        [
            0.0,
            0.0,
            0.0,
            0.0,
            0.0,
            0.0
        ],
        0.0
    ],
    "shortest_path": {
        "percent_useful_node_count": [
            0.6027432712215322,
            0.5993788819875776,
            0.605072463768116,
            [
                0.5817546583850931,
                0.5866114561766735,
                0.5949361628709455,
                0.6141735679779158,
                0.6279158040027606,
                0.6322118702553485
            ],
            0.6044133885438233
        ],
        "percent_useful_wire_length": 28.019827043794937,
        "percent_reachable_sensors": 1.0,
        "percent_useful_jumper_count": [
            0.03499597747385358,
            0.03419147224456959,
            0.03593456690801824,
            [
                0.030839367122552964,
                0.03164387235183695,
                0.033252882810404935,
                0.03680611423974256,
                0.0391525878251542,
                0.040493429873960846
            ],
            0.03519174041297935
        ],
        "percent_useful_jumper_length": [
            0.0010726736390453205,
            0.0010726736390453205,
            0.0013408420488066506,
            [
                0.0008045052292839903,
                0.0010458567980691875,
                0.0010726736390453205,
                0.0013408420488066506,
                0.0013408420488066506,
                0.0016090104585679806
            ],
            0.0011799410029498527
        ],
        "percent_unreachable_bc_short_jumper": 0.0,
        "percent_multiroute_reached_nodes": [
            0.36796677316053883,
            0.36389752235490497,
            0.37364945978391356,
            [
                0.32899038516363305,
                0.3425267043576089,
                0.35440165157778974,
                0.38794431189425405,
                0.40110955760278655,
                0.4070235430394862
            ],
            0.369569001069519
        ],
        "path_length_max": [
            1513.0793833739722,
            1496.224753702483,
            1513.0793833739722
        ],
        "path_length_avg": [
            667.3252302236845,
            665.186028575782,
            669.6743697963485,
            [
                204.55522313614213,
                286.96485016723676,
                456.17655314262174,
                853.5167604345486,
                1008.2230720967417,
                1103.4609401621876
            ],
            658.6940872968693
        ],
        "path_node_count_max": [
            79.0,
            77.0,
            79.0
        ],
        "path_node_count_avg": [
            34.0,
            34.0,
            34.0,
            [
                10.0,
                15.0,
                23.0,
                43.0,
                51.0,
                57.0
            ],
            33.48427
        ],
        "path_jumper_count_max": [
            19.0,
            16.0,
            19.0
        ],
        "path_jumper_count_avg": [
            1.0,
            1.0,
            1.0,
            [
                0.0,
                0.0,
                0.0,
                1.0,
                3.0,
                4.0
            ],
            1.15255
        ],
        "path_sensor_jumper_length_max": [
            11.929762971099835,
            10.28798184346037,
            11.929762971099835
        ],
        "path_sensor_jumper_length_avg": [
            2.206034604831193,
            2.1890381141288713,
            2.220843749870874,
            [
                0.18443374287505998,
                0.3766456602269204,
                0.9941613697496123,
                3.880234623916357,
                5.706348941105324,
                6.9435333201111336
            ],
            2.671699976039398
        ],
        "path_router_node_branches_max": [
            12.0,
            9.0,
            12.0
        ],
        "path_router_node_branches_avg": [
            2.0,
            2.0,
            2.0,
            [
                2.0,
                2.0,
                2.0,
                2.0,
                3.0,
                5.0
            ],
            2.3868563685636857
        ],
        "graph_max_wire_length": [
            1233.8671159998798,
            1185.1565417782801,
            1282.4324187675973,
            [
                1023.9849077255491,
                1033.8070001714718,
                1103.0023824749314,
                1348.8900499158099,
                1438.4181444962558,
                1478.907258869532
            ],
            1234.866572183661
        ],
        "graph_avg_wire_length": [
            637.863791324575,
            621.8200277921835,
            662.756194225071,
            [
                578.9607824550669,
                580.3016473896373,
                599.4166176125259,
                713.615576507456,
                783.5002021895925,
                799.3767272099406
            ],
            661.0998033423944
        ],
        "graph_max_node_count": [
            64.0,
            62.0,
            66.5,
            [
                54.0,
                55.9,
                59.0,
                70.0,
                76.0,
                78.0
            ],
            64.66
        ],
        "graph_avg_node_count": [
            32.969190866028995,
            32.14445166383788,
            33.878368885282924,
            [
                30.207998750340256,
                30.442258729380583,
                31.126423395445133,
                36.6749118761085,
                40.40996248507289,
                40.82339478120342
            ],
            34.10660523737168
        ],