{
    "total_wire_length": 20204.866654504527,
    "total_jumper_length": 140.8671594363787,
    "total_jumper_count": 16,
    "center_node_count": 52,
    "edge_node_count": 86,
    "total_node_count": 138,
    "reachable_node_count": [
        138.0,
        138.0,
        138.0,
        [
            138.0,
            138.0,
            138.0,
            138.0,
            138.0,
            138.0
        ],
        138.0
    ],
    "unreachable_node_count": [
        0.0,
        0.0,
        0.0,
        [
            0.0,
            0.0,
            0.0,
            0.0,
            0.0,
            0.0
        ],
        0.0
    ],
    "reachable_wire_length": [
        20204.866654504527,
        20204.866654504527,
        20204.866654504527,
        [
            20204.866654504527,
            20204.866654504527,
            20204.866654504527,
            20204.866654504527,
            20204.866654504527,
            20204.866654504527
        ],
        20204.866654504527
    ],
    "unreachable_wire_length": [
        0.0,
        0.0,
        0.0,
        [
            0.0,
            0.0,
            0.0,
            0.0,
            0.0,
            0.0
        ],
        0.0
    ],
    "reachable_jumper_length": [
        140.8671594363787,
        140.8671594363787,
        140.8671594363787,
        [
            140.8671594363787,
            140.8671594363787,
            140.8671594363787,
            140.8671594363787,
            140.8671594363787,
            140.8671594363787
        ],
        140.86715943637867
    ],
    "unreachable_jumper_length": [
        0.0,
        0.0,
        0.0,
        [
            0.0,
            0.0,
            0.0,
            0.0,
            0.0,
            0.0
        ],
        0.0
    ],
    "reachable_jumper_count": [
        16.0,
        16.0,
        16.0,
        [
            16.0,
            16.0,
            16.0,
            16.0,
            16.0,
            16.0
        ],
        16.0
    ],
    "unreachable_jumper_count": [
        0.0,
        0.0,
        0.0,
        [
            0.0,
            0.0,
            0.0,
            0.0,
            0.0,
            0.0
        ],
        0.0
    ],
    "shortest_path": {
        "percent_useful_node_count": [
            0.5362318840579711,
            0.5362318840579711,
            0.5434782608695652,
            [
                0.5072463768115942,
                0.5144927536231884,
                0.5289855072463768,
                0.5507246376811594,
                0.5652173913043478,
                0.5655797101449275
            ],
            0.5402173913043478
        ],
        "percent_useful_wire_length": 41.305496138846856,
        "percent_reachable_sensors": 0.55173,
        "percent_useful_jumper_count": [
            0.6875,
            0.6875,
            0.6875,
            [
                0.5625,
                0.5625,
                0.625,
                0.75,
                0.7562500000000005,
                0.8125
            ],
            0.69
        ],
        "percent_useful_jumper_length": [
            0.1875,
            0.1875,
            0.25,
            [
                0.1875,
                0.1875,
                0.1875,
                0.25,
                0.3125,
                0.3125
            ],
            0.22625
        ],
        "percent_unreachable_bc_short_jumper": 0.44827,
        "percent_multiroute_reached_nodes": [
            0.581081081081081,
            0.5675675675675675,
            0.5861904761904762,
            [
                0.5205205479452054,
                0.5440736478711162,
                0.5555555555555556,
                0.5992324561403508,
                0.6233695652173913,
                0.6318840579710144
            ],
            0.579824575591953
        ],
        "path_length_max": [
            2100.16655156985,
            2071.9878613934907,
            2100.16655156985
        ],
        "path_length_avg": [
            806.4232601743246,
            802.4746485738399,
            810.4252411664608,
            [
                231.4480371222183,
                320.3437370600576,
                532.3933130348864,
                1068.083892526672,
                1309.610679904696,
                1445.3885513773469
            ],
            814.7095550343513
        ],
        "path_node_count_max": [
            18.0,
            18.0,
            18.0
        ],
        "path_node_count_avg": [
            7.0,
            7.0,
            7.0,
            [
                2.0,
                2.0,
                4.0,
                9.0,
                12.0,
                13.0
            ],
            7.094557120330596
        ],
        "path_jumper_count_max": [
            4.0,
            3.0,
            4.0
        ],
        "path_jumper_count_avg": [
            1.0,
            1.0,
            1.0,
            [
                0.0,
                0.0,
                1.0,
                1.0,
                2.0,
                2.0
            ],
            0.968970329690247
        ],
        "path_sensor_jumper_length_max": [
            19.99955048937807,
            19.997863297886887,
            19.99955048937807
        ],
        "path_sensor_jumper_length_avg": [
            8.9073489095856,
            8.825466253451179,
            8.981666749858945,
            [
                0.8489767762642714,
                1.6760132562404584,
                4.238414252244791,
                14.027276538845845,
                17.487381669868384,
                18.71642157632965
            ],
            9.24603001299351
        ],
        "path_router_node_branches_max": [
            4.0,
            4.0,
            4.0
        ],
        "path_router_node_branches_avg": [
            3.0,
            2.5,
            3.0,
            [
                2.0,
                2.0,
                2.0,
                3.0,
                3.0,
                4.0
            ],
            2.738095238095238
        ],
        "graph_max_wire_length": [
            1581.5843977474215,
            1521.6394637036205,
            1627.0876977295775,
            [
                1225.879069966289,
                1261.9443043472274,
                1426.08821016086,
                1780.4796089693739,
                1951.9420378886493,
                1989.0242122718228
            ],
            1589.2694385986072
        ],
        "graph_avg_wire_length": [
            812.7261046463483,
            775.1646692760148,
            853.8977103083334,
            [
                630.9552325480917,
                647.1098141751422,
                709.1865972760049,
                919.2933970090396,
                1056.5358884055431,
                1083.4344597857366
            ],
            829.4020706836315
        ],
        "graph_max_node_count": [
            15.0,
            15.0,
            16.0,
            [
                11.0,
                12.0,
                13.75,
                17.0,
                18.0,
                18.0
            ],
            15.0
        ],
        "graph_avg_node_count": [
            7.882352941176471,
            7.479631915609921,
            8.108181315644003,
            [
                6.342579075425791,
                6.52575456053068,
                7.14179104477612,
                8.760929909784872,
                9.640016760946994,
                10.301470588235293
            ],
            7.974103956348069
        ],
        "graph_max_jumper_count": [
            3.0,
            3.0,
            3.0,
            [
                2.0,
                2.0,
                2.0,
                3.0,
                3.0,
                3.0
            ],
            2.72
        ],