{
    "total_wire_length": 161456.95672525576,
    "total_jumper_length": 3587.0462052595885,
    "total_jumper_count": 354,
    "center_node_count": 1611,
    "edge_node_count": 543,
    "total_node_count": 2154,
    "reachable_node_count": [
        2154.0,
        2154.0,
        2154.0,
        [
            2154.0,
            2154.0,
            2154.0,
            2154.0,
            2154.0,
            2154.0
        ],
        2154.0
    ],
    "unreachable_node_count": [
        0.0,
        0.0,
        0.0,
        [
            0.0,
            0.0,
            0.0,
            0.0,
            0.0,
            0.0
        ],
        0.0
    ],
    "reachable_wire_length": [
        161456.95672525582,
        161456.95672525582,
        161456.95672525582,
        [
            161456.95672525582,
            161456.95672525582,
            161456.95672525582,
            161456.95672525582,
            161456.95672525582,
            161456.95672525582
        ],
        161456.95672525585
    ],
    "unreachable_wire_length": [
        0.0,
        0.0,
        0.0,
        [
            0.0,
            0.0,
            0.0,
            0.0,
            0.0,
            0.0
        ],
        0.0
    ],
    "reachable_jumper_length": [
        3587.046205259592,
        3587.046205259592,
        3587.046205259592,
        [
            3587.046205259592,
            3587.046205259592,
            3587.046205259592,
            3587.046205259592,
            3587.046205259592,
            3587.046205259592
        ],
        3587.04620525959
    ],
    "unreachable_jumper_length": [
        0.0,
        0.0,
        0.0,
        [
            0.0,
            0.0,
            0.0,
            0.0,
            0.0,
            0.0
        ],
        0.0
    ],
    "reachable_jumper_count": [
        354.0,
        354.0,
        354.0,
        [
            354.0,
            354.0,
            354.0,
            354.0,
            354.0,
            354.0
        ],
        354.0
    ],
    "unreachable_jumper_count": [
        0.0,
        0.0,
        0.0,
        [
            0.0,
            0.0,
            0.0,
            0.0,
            0.0,
            0.0
        ],
        0.0
    ],
    "shortest_path": {
        "percent_useful_node_count": [
            0.6680594243268339,
            0.6657381615598886,
            0.6706128133704736,
            [
                0.6503946146703806,
                0.6522748375116063,
                0.6617920148560816,
                0.6765320334261838,
                0.6815227483751161,
                0.6863045496750232
            ],
            0.6683147632311978
        ],
        "percent_useful_wire_length": 32.71148590334402,
        "percent_reachable_sensors": 0.99986,
        "percent_useful_jumper_count": [
            0.2344632768361582,
            0.2288135593220339,
            0.24152542372881358,
            [
                0.19449152542372883,
                0.20028248587570624,
                0.2139830508474576,
                0.2514124293785311,
                0.2686440677966102,
                0.27415254237288134
            ],
            0.23364406779661018
        ],
        "percent_useful_jumper_length": [
            0.011299435028248588,
            0.011299435028248588,
            0.014124293785310734,
            [
                0.00847457627118644,
                0.00847457627118644,
                0.011299435028248588,
                0.014124293785310734,
                0.01694915254237288,
                0.01694915254237288
            ],
            0.012259887005649719
        ],
        "percent_unreachable_bc_short_jumper": 0.00014,
        "percent_multiroute_reached_nodes": [
            0.3935970797158642,
            0.3901096827634094,
            0.4001387029256506,
            [
                0.35242675688109426,
                0.363194082250363,
                0.38370713898207504,
                0.40555363936619426,
                0.421550930047886,
                0.42804560914179385
            ],
            0.3933789378313727
        ],
        "path_length_max": [
            2677.508077017982,
            2626.4427653286466,
            2677.508077017982
        ],
        "path_length_avg": [
            825.6070128508857,
            822.6693572545752,
            828.7795568535194,
            [
                243.5816832272004,
                341.92034753500775,
                561.8594115558172,
                1134.4183678214172,
                1486.3720533710818,
                1685.5567787423242
            ],
            876.9267900233209
        ],
        "path_node_count_max": [
            77.0,
            74.0,
            77.0
        ],
        "path_node_count_avg": [
            22.0,
            22.0,
            23.0,
            [
                6.0,
                9.0,
                15.0,
                31.0,
                41.0,
                47.0
            ],
            24.077500850119016
        ],
        "path_jumper_count_max": [
            12.0,
            11.0,
            12.0
        ],
        "path_jumper_count_avg": [
            1.0,
            1.0,
            1.0,
            [
                0.0,
                0.0,
                1.0,
                2.0,
                4.0,
                5.0
            ],
            1.5177524853479487
        ],
        "path_sensor_jumper_length_max": [
            19.998890118849786,
            19.974579772116527,
            19.998890118849786
        ],
        "path_sensor_jumper_length_avg": [
            4.451941989093353,
            4.414364420380945,
            4.487679765383115,
            [
                0.37392152284738694,
                0.7724244462679898,
                2.0147031742744144,
                7.802505889706713,
                11.450287263400224,
                13.961377811015325
            ],
            5.382940045422455
        ],
        "path_router_node_branches_max": [
            4.0,
            3.0,
            4.0
        ],
        "path_router_node_branches_avg": [
            2.0,
            2.0,
            2.0,
            [
                2.0,
                2.0,
                2.0,
                2.0,
                3.0,
                3.0
            ],
            2.151360544217687
        ],
        "graph_max_wire_length": [
            1851.5880171805516,
            1797.2574651157845,
            1900.954479950551,
            [
                1468.9201975535111,
                1508.5220314931585,
                1671.2807442504627,
                2097.645717316209,
                2509.6683594276205,
                2591.2444587338505
            ],
            1909.6300339500845
        ],
        "graph_avg_wire_length": [
            797.048555455355,
            774.4346919512896,
            843.0241006263749,
            [
                692.7610604129568,
                703.0022385074519,
                728.289726866594,
                916.1262556079253,
                1220.8687494699013,
                1330.8111271131027
            ],
            867.7015911278833
        ],
        "graph_max_node_count": [
            54.0,
            52.0,
            56.5,
            [
                42.95,
                44.9,
                49.0,
                60.5,
                71.0,
                75.05
            ],
            55.76
        ],
        "graph_avg_node_count": [
            22.703664872497313,
            21.617991918531985,
            23.751321878358763,
            [
                19.501693707098767,
                19.740528378838597,
                20.313497421472107,
                25.951025406482064,
                34.781934347969084,
                36.86139288135298
            ],
            24.45695791463181
        ],