{
    "total_wire_length": 17508.282390751618,
    "total_jumper_length": 159.08562962888846,
    "total_jumper_count": 15,
    "center_node_count": 45,
    "edge_node_count": 99,
    "total_node_count": 144,
    "reachable_node_count": [
        118.0,
        118.0,
        118.0,
        [
            26.0,
            26.0,
            118.0,
            118.0,
            118.0,
            118.0
        ],
        96.84
    ],
    "unreachable_node_count": [
        26.0,
        26.0,
        26.0,
        [
            26.0,
            26.0,
            26.0,
            26.0,
            118.0,
            118.0
        ],
        47.16
    ],
    "reachable_wire_length": [
        14435.626341187859,
        14435.626341187859,
        14435.626341187859,
        [
            3072.6560495637623,
            3072.6560495637623,
            14435.626341187859,
            14435.626341187859,
            14435.626341187859,
            14435.626341187859
        ],
        11822.143174114319
    ],
    "unreachable_wire_length": [
        3072.6560495637623,
        3072.6560495637623,
        3072.6560495637623,
        [
            3072.6560495637623,
            3072.6560495637623,
            3072.6560495637623,
            3072.6560495637623,
            14435.626341187859,
            14435.626341187859
        ],
        5686.139216637304
    ],
    "reachable_jumper_length": [
        129.47681646628513,
        129.47681646628513,
        129.47681646628513,
        [
            29.608813162603305,
            29.608813162603305,
            129.47681646628513,
            129.47681646628513,
            129.47681646628513,
            129.47681646628513
        ],
        106.5071757064383
    ],
    "unreachable_jumper_length": [
        29.608813162603305,
        29.608813162603305,
        29.608813162603305,
        [
            29.608813162603305,
            29.608813162603305,
            29.608813162603305,
            29.608813162603305,
            129.47681646628513,
            129.47681646628513
        ],
        52.57845392245011
    ],
    "reachable_jumper_count": [
        13.0,
        13.0,
        13.0,
        [
            2.0,
            2.0,
            13.0,
            13.0,
            13.0,
            13.0
        ],
        10.47
    ],
    "unreachable_jumper_count": [
        2.0,
        2.0,
        2.0,
        [
            2.0,
            2.0,
            2.0,
            2.0,
            13.0,
            13.0
        ],
        4.53
    ],
    "shortest_path": {
        "percent_useful_node_count": [
            0.4027777777777778,
            0.3958333333333333,
            0.4027777777777778,
            [
                0.0763888888888889,
                0.08333333333333333,
                0.3680555555555556,
                0.4114583333333333,
                0.4236111111111111,
                0.4305555555555556
            ],
            0.3317361111111111
        ],
        "percent_useful_wire_length": 28.870568529527304,
        "percent_reachable_sensors": 0.35109,
        "percent_useful_jumper_count": [
            0.7333333333333333,
            0.7333333333333333,
            0.7333333333333333,
            [
                0.06666666666666667,
                0.13333333333333333,
                0.6,
                0.8,
                0.8666666666666667,
                0.8666666666666667
            ],
            0.612
        ],
        "percent_useful_jumper_length": [
            0.3333333333333333,
            0.3333333333333333,
            0.3333333333333333,
            [
                0.0,
                0.0,
                0.3333333333333333,
                0.35,
                0.4,
                0.4
            ],
            0.27599999999999997
        ],
        "percent_unreachable_bc_short_jumper": 0.48144,
        "percent_multiroute_reached_nodes": [
            0.5517241379310345,
            0.5416782439566546,
            0.5614035087719298,
            [
                0.5084606835232008,
                0.517183908045977,
                0.5270334928229665,
                0.5833333333333334,
                0.6666666666666666,
                0.6696969696969695
            ],
            0.5693352016826781
        ],
        "path_length_max": [
            2268.6192297430607,
            2244.574741780234,
            2268.6192297430607
        ],
        "path_length_avg": [
            704.6629053322208,
            699.5216934526528,
            710.8896114805087,
            [
                191.610302596096,
                271.1734639515831,
                452.50049808773673,
                1058.2505968517964,
                1396.3374607153692,
                1576.317886861861
            ],
            778.4945274388717
        ],
        "path_node_count_max": [
            22.0,
            22.0,
            22.0
        ],
        "path_node_count_avg": [
            6.0,
            6.0,
            6.0,
            [
                1.0,
                2.0,
                4.0,
                9.0,
                16.0,
                17.0
            ],
            7.222877324902447
        ],
        "path_jumper_count_max": [
            5.0,
            5.0,
            5.0
        ],
        "path_jumper_count_avg": [
            1.0,
            1.0,
            1.0,
            [
                0.0,
                0.0,
                1.0,
                2.0,
                4.0,
                4.0
            ],
            1.3436155971403343
        ],
        "path_sensor_jumper_length_max": [
            19.998230131359907,
            19.99556555839326,
            19.998230131359907
        ],
        "path_sensor_jumper_length_avg": [
            8.926497319304872,
            8.821263395397528,
            9.012148982120358,
            [
                0.8356395872580971,
                1.6910434737791913,
                4.200604467242913,
                14.087036574100223,
                17.55864464945154,
                18.750659131535176
            ],
            9.27029738296451
        ],
        "path_router_node_branches_max": [
            4.0,
            4.0,
            4.0
        ],
        "path_router_node_branches_avg": [
            3.0,
            3.0,
            3.5,
            [
                2.0,
                2.0,
                2.0,
                4.0,
                4.0,
                4.0
            ],
            3.0625
        ],
        "graph_max_wire_length": [
            1607.6640327820912,
            1494.8058823096321,
            1670.6946845543266,
            [
                514.6891935184449,
                535.0668320234071,
                1273.5411901860361,
                1889.7295597460961,
                2019.9548617058529,
                2064.0506106704515
            ],
            1456.139293076821
        ],
        "graph_avg_wire_length": [
            735.1786948043892,
            713.3284209140049,
            785.5020717031916,
            [
                302.4459236865762,
                323.3955319544129,
                619.4629311524473,
                909.3412694195187,
                1073.921426576215,
                1124.559989321622
            ],
            731.5670502402675
        ],
        "graph_max_node_count": [
            17.0,
            16.0,
            19.0,
            [
                5.0,
                6.0,
                12.0,
                20.0,
                21.0,
                21.049999999999997
            ],
            15.47
        ],