{
    "total_wire_length": 18538.672613940966,
    "total_jumper_length": 214.78619424670705,
    "total_jumper_count": 19,
    "center_node_count": 93,
    "edge_node_count": 85,
    "total_node_count": 178,
    "reachable_node_count": [
        178.0,
        178.0,
        178.0,
        [
            178.0,
            178.0,
            178.0,
            178.0,
            178.0,
            178.0
        ],
        178.0
    ],
    "unreachable_node_count": [
        0.0,
        0.0,
        0.0,
        [
            0.0,
            0.0,
            0.0,
            0.0,
            0.0,
            0.0
        ],
        0.0
    ],
    "reachable_wire_length": [
        18538.672613940966,
        18538.672613940966,
        18538.672613940966,
        [
            18538.672613940966,
            18538.672613940966,
            18538.672613940966,
            18538.672613940966,
            18538.672613940966,
            18538.672613940966
        ],
        18538.67261394096
    ],
    "unreachable_wire_length": [
        0.0,
        0.0,
        0.0,
        [
            0.0,
            0.0,
            0.0,
            0.0,
            0.0,
            0.0
        ],
        0.0
    ],
    "reachable_jumper_length": [
        214.78619424670705,
        214.78619424670705,
        214.78619424670705,
        [
            214.78619424670705,
            214.78619424670705,
            214.78619424670705,
            214.78619424670705,
            214.78619424670705,
            214.78619424670705
        ],
        214.78619424670703
    ],
    "unreachable_jumper_length": [
        0.0,
        0.0,
        0.0,
        [
            0.0,
            0.0,
            0.0,
            0.0,
            0.0,
            0.0
        ],
        0.0
    ],
    "reachable_jumper_count": [
        19.0,
        19.0,
        19.0,
        [
            19.0,
            19.0,
            19.0,
            19.0,
            19.0,
            19.0
        ],
        19.0
    ],
    "unreachable_jumper_count": [
        0.0,
        0.0,
        0.0,
        [
            0.0,
            0.0,
            0.0,
            0.0,
            0.0,
            0.0
        ],
        0.0
    ],
    "shortest_path": {
        "percent_useful_node_count": [
            0.6685393258426966,
            0.6657303370786516,
            0.6685393258426966,
            [
                0.6292134831460674,
                0.6455056179775281,
                0.6573033707865169,
                0.6741573033707865,
                0.6853932584269663,
                0.6910112359550562
            ],
            0.6659550561797754
        ],
        "percent_useful_wire_length": 41.140977240559636,
        "percent_reachable_sensors": 0.84991,
        "percent_useful_jumper_count": [
            0.7894736842105263,
            0.7368421052631579,
            0.7894736842105263,
            [
                0.5263157894736842,
                0.5789473684210527,
                0.7368421052631579,
                0.7894736842105263,
                0.8421052631578947,
                0.8947368421052632
            ],
            0.7468421052631576
        ],
        "percent_useful_jumper_length": [
            0.07894736842105263,
            0.05263157894736842,
            0.10526315789473684,
            [
                0.05263157894736842,
                0.05263157894736842,
                0.05263157894736842,
                0.10526315789473684,
                0.10526315789473684,
                0.10526315789473684
            ],
            0.07894736842105264
        ],
        "percent_unreachable_bc_short_jumper": 0.15009,
        "percent_multiroute_reached_nodes": [
            0.5381383322559793,
            0.5293852236407384,
            0.5439137134052388,
            [
                0.4955917366946779,
                0.5,
                0.5165983606557377,
                0.5546218487394958,
                0.5730816640986133,
                0.5847457627118644
            ],
            0.5372045358045502
        ],
        "path_length_max": [
            1159.2269556355461,
            1150.9306720886705,
            1159.2269556355461
        ],
        "path_length_avg": [
            475.5110570606186,
            473.06892028509526,
            478.00893950627034,
            [
                151.63850466698204,
                200.59961007346052,
                305.11009967206826,
                662.3234935495966,
                812.1980561430628,
                887.3517576167283
            ],
            491.44908620774316
        ],
        "path_node_count_max": [
            20.0,
            20.0,
            20.0
        ],
        "path_node_count_avg": [
            7.0,
            7.0,
            7.0,
            [
                2.0,
                3.0,
                4.0,
                11.0,
                13.0,
                14.0
            ],
            7.598263345530703
        ],
        "path_jumper_count_max": [
            6.0,
            6.0,
            6.0
        ],
        "path_jumper_count_avg": [
            1.0,
            1.0,
            1.0,
            [
                0.0,
                0.0,
                0.0,
                1.0,
                2.0,
                2.0
            ],
            0.8577496440799615
        ],
        "path_sensor_jumper_length_max": [
            19.99983221916263,
            19.998480842878152,
            19.99983221916263
        ],
        "path_sensor_jumper_length_avg": [
            7.33102207866853,
            7.271294918989403,
            7.392839501662603,
            [
                0.6396923022628567,
                1.2818487984409612,
                3.3633740801956216,
                12.353162223423489,
                16.34626637936531,
                18.0431663184863
            ],
            8.107534334430701
        ],
        "path_router_node_branches_max": [
            4.0,
            3.0,
            4.0
        ],
        "path_router_node_branches_avg": [
            2.0,
            2.0,
            2.0,
            [
                2.0,
                2.0,
                2.0,
                3.0,
                3.0,
                3.0
            ],
            2.3692307692307693
        ],
        "graph_max_wire_length": [
            924.4225446922092,
            907.9206935731665,
            958.9048001753004,
            [
                772.059459464865,
                806.8566536301058,
                868.5773535978014,
                1024.8601792409372,
                1094.4653622792987,
                1140.3837389291969
            ],
            941.1380380187015
        ],
        "graph_avg_wire_length": [
            484.671530334252,
            469.3704038876907,
            496.67559975074903,
            [
                402.03181647076065,
                423.4894276964149,
                444.21061775285966,
                522.2259715487035,
                575.1354523537335,
                604.2924853823481
            ],
            488.6438553878904
        ],
        "graph_max_node_count": [
            16.0,
            16.0,
            17.0,
            [
                15.0,
                15.0,
                15.0,
                17.0,
                19.0,
                19.0
            ],
            16.5
        ],
        "graph_avg_node_count": [
            8.051586519511234,
            7.966101694915254,
            8.267045454545455,
            [
                7.439629213483146,
                7.707205811138015,
                7.856924939467312,
                8.605714285714285,
                9.61292455858748,
                9.780683375104427
            ],
            8.323973140620563
        ],