{
    "total_wire_length": 16294.416135598338,
    "total_jumper_length": 4856.143948680022,
    "total_jumper_count": 118,
    "center_node_count": 80,
    "edge_node_count": 94,
    "total_node_count": 174,
    "reachable_node_count": [
        174.0,
        174.0,
        174.0,
        [
            174.0,
            174.0,
            174.0,
            174.0,
            174.0,
            174.0
        ],
        174.0
    ],
    "unreachable_node_count": [
        0.0,
        0.0,
        0.0,
        [
            0.0,
            0.0,
            0.0,
            0.0,
            0.0,
            0.0
        ],
        0.0
    ],
    "reachable_wire_length": [
        16294.416135598332,
        16294.416135598332,
        16294.416135598332,
        [
            16294.416135598332,
            16294.416135598332,
            16294.416135598332,
            16294.416135598332,
            16294.416135598332,
            16294.416135598332
        ],
        16294.416135598334
    ],
    "unreachable_wire_length": [
        0.0,
        0.0,
        0.0,
        [
            0.0,
            0.0,
            0.0,
            0.0,
            0.0,
            0.0
        ],
        0.0
    ],
    "reachable_jumper_length": [
        4856.143948680023,
        4856.143948680023,
        4856.143948680023,
        [
            4856.143948680023,
            4856.143948680023,
            4856.143948680023,
            4856.143948680023,
            4856.143948680023,
            4856.143948680023
        ],
        4856.143948680023
    ],
    "unreachable_jumper_length": [
        0.0,
        0.0,
        0.0,
        [
            0.0,
            0.0,
            0.0,
            0.0,
            0.0,
            0.0
        ],
        0.0
    ],
    "reachable_jumper_count": [
        118.0,
        118.0,
        118.0,
        [
            118.0,
            118.0,
            118.0,
            118.0,
            118.0,
            118.0
        ],
        118.0
    ],
    "unreachable_jumper_count": [
        0.0,
        0.0,
        0.0,
        [
            0.0,
            0.0,
            0.0,
            0.0,
            0.0,
            0.0
        ],
        0.0
    ],
    "shortest_path": {
        "percent_useful_node_count": [
            0.8045977011494253,
            0.8045977011494253,
            0.8103448275862069,
            [
                0.7758620689655172,
                0.7816091954022989,
                0.7931034482758621,
                0.8160919540229885,
                0.8275862068965517,
                0.8333333333333334
            ],
            0.8046551724137931
        ],
        "percent_useful_wire_length": 48.919996842447446,
        "percent_reachable_sensors": 1.0,
        "percent_useful_jumper_count": [
            0.4322033898305085,
            0.423728813559322,
            0.4406779661016949,
            [
                0.37245762711864405,
                0.3813559322033898,
                0.4067796610169492,
                0.4576271186440678,
                0.4745762711864407,
                0.4830508474576271
            ],
            0.43101694915254235
        ],
        "percent_useful_jumper_length": [
            0.00847457627118644,
            0.00847457627118644,
            0.00847457627118644,
            [
                0.00847457627118644,
                0.00847457627118644,
                0.00847457627118644,
                0.01694915254237288,
                0.01694915254237288,
                0.01694915254237288
            ],
            0.011355932203389828
        ],
        "percent_unreachable_bc_short_jumper": 0.0,
        "percent_multiroute_reached_nodes": [
            0.5088905775075987,
            0.5,
            0.5176065069682091,
            [
                0.4576852418860992,
                0.4715010341770905,
                0.4896190016879672,
                0.5251798561151079,
                0.5353666114333057,
                0.5497109339919174
            ],
            0.5066845984399532
        ],
        "path_length_max": [
            1462.8944244306695,
            1455.142550532829,
            1462.8944244306695
        ],
        "path_length_avg": [
            471.2692370849833,
            468.73031996409566,
            473.83576548471405,
            [
                143.979925583228,
                188.3687150324109,
                298.6224010533532,
                693.750684442884,
                888.5660419900008,
                1012.7433377041519
            ],
            512.4966661492998
        ],
        "path_node_count_max": [
            27.0,
            27.0,
            27.0
        ],
        "path_node_count_avg": [
            8.0,
            8.0,
            8.0,
            [
                2.0,
                3.0,
                4.0,
                12.0,
                16.0,
                18.0
            ],
            8.56751
        ],
        "path_jumper_count_max": [
            18.0,
            18.0,
            18.0
        ],
        "path_jumper_count_avg": [
            2.0,
            2.0,
            2.0,
            [
                0.0,
                0.0,
                0.0,
                4.0,
                8.0,
                9.0
            ],
            2.72032
        ],
        "path_sensor_jumper_length_max": [
            47.59088389186236,
            46.31400000000017,
            47.59088389186236
        ],
        "path_sensor_jumper_length_avg": [
            9.027813749298787,
            8.957435911427682,
            9.089588557407199,
            [
                0.7719694823394383,
                1.5608276554918539,
                4.116983848622313,
                15.873367458889794,
                23.303577287281673,
                28.42847810136264
            ],
            10.958477580642823
        ],
        "path_router_node_branches_max": [
            4.0,
            4.0,
            4.0
        ],
        "path_router_node_branches_avg": [
            2.0,
            2.0,
            2.0,
            [
                2.0,
                2.0,
                2.0,
                3.0,
                3.0,
                4.0
            ],
            2.3733333333333335
        ],
        "graph_max_wire_length": [
            1028.3971711144115,
            959.6816735321502,
            1087.4794659211568,
            [
                829.5883350188218,
                850.040702565937,
                918.7257396013332,
                1206.7335152160204,
                1340.8615778252279,
                1392.3610370930728
            ],
            1060.1541710114996
        ],
        "graph_avg_wire_length": [
            478.402981713616,
            442.83619557221743,
            505.89320393827035,
            [
                383.42730684675564,
                392.0752694938441,
                421.6784519650491,
                554.7937131646626,
                639.6995326499207,
                711.200854942923
            ],
            497.7021366430991
        ],
        "graph_max_node_count": [
            19.5,
            19.0,
            22.0,
            [
                16.0,
                17.0,
                18.0,
                23.25,
                25.0,
                26.049999999999997
            ],
            20.67
        ],
        "graph_avg_node_count": [
            8.59751121991024,
            8.220955440331938,
            9.034965034965035,
            [
                7.4998554913294795,
                7.554376795541865,
                7.747452732034585,
                10.199387382690302,
                11.890321583178727,
                12.838954689984101
            ],
            9.191734768963165
        ],