{
    "total_wire_length": 138326.56122275663,
    "total_jumper_length": 399783.78181968,
    "total_jumper_count": 5153,
    "center_node_count": 2762,
    "edge_node_count": 556,
    "total_node_count": 3318,
    "reachable_node_count": [
        3318.0,
        3318.0,
        3318.0,
        [
            3318.0,
            3318.0,
            3318.0,
            3318.0,
            3318.0,
            3318.0
        ],
        3318.0
    ],
    "unreachable_node_count": [
        0.0,
        0.0,
        0.0,
        [
            0.0,
            0.0,
            0.0,
            0.0,
            0.0,
            0.0
        ],
        0.0
    ],
    "reachable_wire_length": [
        138326.56122275657,
        138326.56122275657,
        138326.56122275657,
        [
            138326.56122275657,
            138326.56122275657,
            138326.56122275657,
            138326.56122275657,
            138326.56122275657,
            138326.56122275657
        ],
        138326.5612227565
    ],
    "unreachable_wire_length": [
        0.0,
        0.0,
        0.0,
        [
            0.0,
            0.0,
            0.0,
            0.0,
            0.0,
            0.0
        ],
        0.0
    ],
    "reachable_jumper_length": [
        399783.78181968053,
        399783.78181968053,
        399783.78181968053,
        [
            399783.78181968053,
            399783.78181968053,
            399783.78181968053,
            399783.78181968053,
            399783.78181968053,
            399783.78181968053
        ],
        399783.78181968053
    ],
    "unreachable_jumper_length": [
        0.0,
        0.0,
        0.0,
        [
            0.0,
            0.0,
            0.0,
            0.0,
            0.0,
            0.0
        ],
        0.0
    ],
    "reachable_jumper_count": [
        5153.0,
        5153.0,
        5153.0,
        [
            5153.0,
            5153.0,
            5153.0,
            5153.0,
            5153.0,
            5153.0
        ],
        5153.0
    ],
    "unreachable_jumper_count": [
        0.0,
        0.0,
        0.0,
        [
            0.0,
            0.0,
            0.0,
            0.0,
            0.0,
            0.0
        ],
        0.0
    ],
    "shortest_path": {
        "percent_useful_node_count": [
            0.6752561784207354,
            0.6722423146473779,
            0.6788728149487644,
            [
                0.6548975286317059,
                0.6588004822182038,
                0.6656118143459916,
                0.6860307414104883,
                0.6947558770343581,
                0.7028631705846896
            ],
            0.6763050030138638
        ],
        "percent_useful_wire_length": 36.16273931940136,
        "percent_reachable_sensors": 1.0,
        "percent_useful_jumper_count": [
            0.03182612070638463,
            0.031049873859887445,
            0.03250533669706967,
            [
                0.025790801474869007,
                0.027168639627401514,
                0.02969144187851737,
                0.0335726761110033,
                0.03555210556957113,
                0.03689113137977877
            ],
            0.03156025616145934
        ],
        "percent_useful_jumper_length": [
            0.00019406171162429653,
            0.00019406171162429653,
            0.00038812342324859306,
            [
                0.00019406171162429653,
                0.00019406171162429653,
                0.00019406171162429653,
                0.00038812342324859306,
                0.00038812342324859306,
                0.00038812342324859306
            ],
            0.000279448864738987
        ],
        "percent_unreachable_bc_short_jumper": 0.0,
        "percent_multiroute_reached_nodes": [
            0.352467246184771,
            0.33555509464335853,
            0.3744537853228006,
            [
                0.2880936658594772,
                0.2923490828973592,
                0.31391361697733455,
                0.41016145997006126,
                0.44423743995082,
                0.47173570121636166
            ],
            0.3619294597777713
        ],
        "path_length_max": [
            1931.433876259077,
            1917.038537263806,
            1931.433876259077
        ],
        "path_length_avg": [
            639.0655787266242,
            635.2843521797494,
            642.2172937007209,
            [
                154.9497869060055,
                219.05002197402334,
                383.3138101624709,
                955.0961352201354,
                1194.2442070975314,
                1336.7058500220971
            ],
            683.953298489295
        ],
        "path_node_count_max": [
            67.0,
            66.0,
            67.0
        ],
        "path_node_count_avg": [
            27.0,
            27.0,
            27.0,
            [
                8.0,
                11.0,
                18.0,
                34.0,
                41.0,
                44.0
            ],
            26.25731
        ],
        "path_jumper_count_max": [
            21.0,
            21.0,
            21.0
        ],
        "path_jumper_count_avg": [
            2.0,
            2.0,
            2.0,
            [
                0.0,
                0.0,
                0.0,
                6.0,
                9.0,
                11.0
            ],
            3.47427
        ],
        "path_sensor_jumper_length_max": [
            11.547981007658166,
            11.00388878364808,
            11.547981007658166
        ],
        "path_sensor_jumper_length_avg": [
            2.222851064031782,
            2.207430371203131,
            2.2380108333160535,
            [
                0.18983783373252397,
                0.38114937491866047,
                1.0089552225137672,
                3.8980818236952333,
                5.708809822681958,
                6.98591206762149
            ],
            2.687982578400478
        ],
        "path_router_node_branches_max": [
            17.0,
            16.0,
            17.0
        ],
        "path_router_node_branches_avg": [
            2.0,
            2.0,
            2.0,
            [
                2.0,
                2.0,
                2.0,
                2.0,
                4.0,
                10.0
            ],
            2.8704663212435233
        ],
        "graph_max_wire_length": [
            1397.6456876498614,
            1358.5616326446848,
            1457.217222777957,
            [
                1178.9726778869006,
                1210.508633397419,
                1267.8695796788652,
                1701.407916314129,
                1818.02954236869,
                1883.330219739626
            ],
            1464.660968612672
        ],
        "graph_avg_wire_length": [
            627.1400581326382,
            601.6215011606168,
            663.7798015203678,
            [
                503.1404341119442,
                516.3771999744638,
                556.5763313011641,
                823.8283620082784,
                932.0475983756758,
                986.2593517670525
            ],
            684.1774604285597
        ],
        "graph_max_node_count": [
            53.0,
            50.5,
            55.0,
            [
                41.0,
                42.9,
                48.0,
                59.0,
                63.10000000000001,
                68.0
            ],
            53.05
        ],
        "graph_avg_node_count": [
            25.49644940065751,
            24.806962025316455,
            26.47379778051788,
            [
                20.355047157628427,
                21.127120188876077,
                22.790829971492467,
                28.20253164556962,
                31.46470178073375,
                33.691847871136055
            ],
            25.986635836525405
        ],