{
    "total_wire_length": 22943.964231732964,
    "total_jumper_length": 19176.925939794608,
    "total_jumper_count": 308,
    "center_node_count": 287,
    "edge_node_count": 154,
    "total_node_count": 441,
    "reachable_node_count": [
        441.0,
        441.0,
        441.0,
        [
            441.0,
            441.0,
            441.0,
            441.0,
            441.0,
            441.0
        ],
        441.0
    ],
    "unreachable_node_count": [
        0.0,
        0.0,
        0.0,
        [
            0.0,
            0.0,
            0.0,
            0.0,
            0.0,
            0.0
        ],
        0.0
    ],
    "reachable_wire_length": [
        22943.964231732964,
        22943.964231732964,
        22943.964231732964,
        [
            22943.964231732964,
            22943.964231732964,
            22943.964231732964,
            22943.964231732964,
            22943.964231732964,
            22943.964231732964
        ],
        22943.964231732956
    ],
    "unreachable_wire_length": [
        0.0,
        0.0,
        0.0,
        [
            0.0,
            0.0,
            0.0,
            0.0,
            0.0,
            0.0
        ],
        0.0
    ],
    "reachable_jumper_length": [
        19176.925939794608,
        19176.925939794608,
        19176.925939794608,
        [
            19176.925939794608,
            19176.925939794608,
            19176.925939794608,
            19176.925939794608,
            19176.925939794608,
            19176.925939794608
        ],
        19176.925939794604
    ],
    "unreachable_jumper_length": [
        0.0,
        0.0,
        0.0,
        [
            0.0,
            0.0,
            0.0,
            0.0,
            0.0,
            0.0
        ],
        0.0
    ],
    "reachable_jumper_count": [
        308.0,
        308.0,
        308.0,
        [
            308.0,
            308.0,
            308.0,
            308.0,
            308.0,
            308.0
        ],
        308.0
    ],
    "unreachable_jumper_count": [
        0.0,
        0.0,
        0.0,
        [
            0.0,
            0.0,
            0.0,
            0.0,
            0.0,
            0.0
        ],
        0.0
    ],
    "shortest_path": {
        "percent_useful_node_count": [
            0.8061224489795918,
            0.8049886621315193,
            0.8095238095238095,
            [
                0.7799319727891157,
                0.7866213151927437,
                0.7998866213151927,
                0.8140589569160998,
                0.81859410430839,
                0.8277777777777777
            ],
            0.8051020408163265
        ],
        "percent_useful_wire_length": 54.864661016165414,
        "percent_reachable_sensors": 1.0,
        "percent_useful_jumper_count": [
            0.16883116883116883,
            0.16558441558441558,
            0.17045454545454547,
            [
                0.14594155844155843,
                0.1525974025974026,
                0.1590909090909091,
                0.17532467532467533,
                0.17889610389610391,
                0.1852272727272727
            ],
            0.16730519480519476
        ],
        "percent_useful_jumper_length": [
            0.012987012987012988,
            0.012987012987012988,
            0.016233766233766232,
            [
                0.00974025974025974,
                0.00974025974025974,
                0.012987012987012988,
                0.016233766233766232,
                0.016233766233766232,
                0.01948051948051948
            ],
            0.01425324675324675
        ],
        "percent_unreachable_bc_short_jumper": 0.0,
        "percent_multiroute_reached_nodes": [
            0.37323843077509045,
            0.36734954097245837,
            0.37822349570200575,
            [
                0.3199727954669843,
                0.3324084116889704,
                0.35265151515151516,
                0.3917613636363636,
                0.4139565826330532,
                0.41918235088672434
            ],
            0.3721364018412244
        ],
        "path_length_max": [
            915.6951746617971,
            875.2948459907568,
            915.6951746617971
        ],
        "path_length_avg": [
            375.6826397900056,
            374.31825718933175,
            376.98187542258637,
            [
                125.667466517209,
                168.84424314658258,
                259.3014334812738,
                484.54622180365504,
                583.1999394843461,
                640.8181293771913
            ],
            376.0617467242648
        ],
        "path_node_count_max": [
            26.0,
            25.0,
            26.0
        ],
        "path_node_count_avg": [
            10.0,
            10.0,
            11.0,
            [
                3.0,
                4.0,
                7.0,
                14.0,
                16.0,
                18.0
            ],
            10.41699
        ],
        "path_jumper_count_max": [
            9.0,
            8.0,
            9.0
        ],
        "path_jumper_count_avg": [
            1.0,
            1.0,
            1.0,
            [
                0.0,
                0.0,
                0.0,
                2.0,
                3.0,
                3.0
            ],
            1.07674
        ],
        "path_sensor_jumper_length_max": [
            27.522490196540677,
            25.561870997861156,
            27.522490196540677
        ],
        "path_sensor_jumper_length_avg": [
            5.911037067801886,
            5.870581539658935,
            5.947993570689053,
            [
                0.5195508595237153,
                1.026640006528077,
                2.67662367202091,
                10.138360406301386,
                13.94809288929719,
                15.872696802787832
            ],
            6.7592220604191455
        ],
        "path_router_node_branches_max": [
            8.0,
            6.0,
            8.0
        ],
        "path_router_node_branches_avg": [
            2.0,
            2.0,
            2.0,
            [
                2.0,
                2.0,
                2.0,
                2.0,
                3.700000000000017,
                4.849999999999994
            ],
            2.451388888888889
        ],
        "graph_max_wire_length": [
            743.1036119086732,
            711.9917003237014,
            754.7019538656089,
            [
                614.6702495895327,
                634.663395255114,
                681.6862711526687,
                778.2796385503084,
                821.5487668482981,
                858.9607366323927
            ],
            730.9445261207255
        ],
        "graph_avg_wire_length": [
            364.7879267670505,
            357.4175254637115,
            372.1131202436428,
            [
                333.73830290424183,
                335.6152626215574,
                346.7891147116906,
                391.3814186038708,
                427.0382442145006,
                451.93358540003544
            ],
            373.98752497901796
        ],
        "graph_max_node_count": [
            22.0,
            21.0,
            23.0,
            [
                19.0,
                19.0,
                20.0,
                24.0,
                25.0,
                26.0
            ],
            22.08
        ],
        "graph_avg_node_count": [
            10.762589417911379,
            10.642156862745098,
            10.964457712373374,
            [
                9.974111528299263,
                10.051394114911428,
                10.306348808247137,
                11.524670808112987,
                12.657807418579441,
                13.022725550937384
            ],
            11.057571307578872
        ],