{
    "total_wire_length": 151589.82520655842,
    "total_jumper_length": 5053.319833250206,
    "total_jumper_count": 512,
    "center_node_count": 3785,
    "edge_node_count": 598,
    "total_node_count": 4383,
    "reachable_node_count": [
        4383.0,
        4383.0,
        4383.0,
        [
            4383.0,
            4383.0,
            4383.0,
            4383.0,
            4383.0,
            4383.0
        ],
        4383.0
    ],
    "unreachable_node_count": [
        0.0,
        0.0,
        0.0,
        [
            0.0,
            0.0,
            0.0,
            0.0,
            0.0,
            0.0
        ],
        0.0
    ],
    "reachable_wire_length": [
        151589.82520655842,
        151589.82520655842,
        151589.82520655842,
        [
            151589.82520655842,
            151589.82520655842,
            151589.82520655842,
            151589.82520655842,
            151589.82520655842,
            151589.82520655842
        ],
        151589.82520655845
    ],
    "unreachable_wire_length": [
        0.0,
        0.0,
        0.0,
        [
            0.0,
            0.0,
            0.0,
            0.0,
            0.0,
            0.0
        ],
        0.0
    ],
    "reachable_jumper_length": [
        5053.319833250199,
        5053.319833250199,
        5053.319833250199,
        [
            5053.319833250199,
            5053.319833250199,
            5053.319833250199,
            5053.319833250199,
            5053.319833250199,
            5053.319833250199
        ],
        5053.319833250199
    ],
    "unreachable_jumper_length": [
        0.0,
        0.0,
        0.0,
        [
            0.0,
            0.0,
            0.0,
            0.0,
            0.0,
            0.0
        ],
        0.0
    ],
    "reachable_jumper_count": [
        512.0,
        512.0,
        512.0,
        [
            512.0,
            512.0,
            512.0,
            512.0,
            512.0,
            512.0
        ],
        512.0
    ],
    "unreachable_jumper_count": [
        0.0,
        0.0,
        0.0,
        [
            0.0,
            0.0,
            0.0,
            0.0,
            0.0,
            0.0
        ],
        0.0
    ],
    "shortest_path": {
        "percent_useful_node_count": [
            0.727127538215834,
            0.7175165411818389,
            0.7373944786675792,
            [
                0.6800707278120008,
                0.6887291809263062,
                0.7031143052703628,
                0.7517111567419577,
                0.7657540497376226,
                0.7765457449235683
            ],
            0.7273625370750626
        ],
        "percent_useful_wire_length": 39.49994126786651,
        "percent_reachable_sensors": 1.0,
        "percent_useful_jumper_count": [
            0.38671875,
            0.376953125,
            0.39453125,
            [
                0.3318359375,
                0.3455078125,
                0.36328125,
                0.416015625,
                0.43574218750000004,
                0.44345703125
            ],
            0.388046875
        ],
        "percent_useful_jumper_length": [
            0.009765625,
            0.0078125,
            0.009765625,
            [
                0.005859375,
                0.005859375,
                0.0078125,
                0.009765625,
                0.01171875,
                0.01171875
            ],
            0.0088671875
        ],
        "percent_unreachable_bc_short_jumper": 0.0,
        "percent_multiroute_reached_nodes": [
            0.16679879976221706,
            0.15834344240403891,
            0.17551056716458813,
            [
                0.11958619323634091,
                0.12765308187150945,
                0.1394282997503843,
                0.1917259414932589,
                0.2105576713665821,
                0.2320603892405084
            ],
            0.1684170855861625
        ],
        "path_length_max": [
            1556.8464459388665,
            1519.3401334070231,
            1556.8464459388665
        ],
        "path_length_avg": [
            657.2622569091026,
            655.0132624905231,
            659.6943186370368,
            [
                205.3555585464084,
                286.1366306490072,
                451.89625573414787,
                840.3529308182883,
                1006.9249915804286,
                1102.7006641581236
            ],
            652.004586176365
        ],
        "path_node_count_max": [
            102.0,
            100.0,
            102.0
        ],
        "path_node_count_avg": [
            36.0,
            36.0,
            36.0,
            [
                11.0,
                15.0,
                25.0,
                48.0,
                60.0,
                69.0
            ],
            37.07741
        ],
        "path_jumper_count_max": [
            74.0,
            71.0,
            74.0
        ],
        "path_jumper_count_avg": [
            1.0,
            1.0,
            1.0,
            [
                0.0,
                0.0,
                0.0,
                9.0,
                24.0,
                34.0
            ],
            7.12281
        ],
        "path_sensor_jumper_length_max": [
            13.838018715828362,
            12.919496247869596,
            13.838018715828362
        ],
        "path_sensor_jumper_length_avg": [
            2.9446096997863336,
            2.9224593604059157,
            2.96861647743291,
            [
                0.254001411414967,
                0.5202513784114923,
                1.3446932871027615,
                5.041941857141366,
                6.886326188074206,
                7.807853301625633
            ],
            3.3553287550802993
        ],
        "path_router_node_branches_max": [
            4.0,
            3.0,
            4.0
        ],
        "path_router_node_branches_avg": [
            2.0,
            2.0,
            2.0,
            [
                2.0,
                2.0,
                2.0,
                2.0,
                2.0,
                3.0
            ],
            2.0862533692722374
        ],
        "graph_max_wire_length": [
            1267.852704706392,
            1220.8701256200163,
            1303.6746784017378,
            [
                1035.397553094417,
                1094.7985773042074,
                1177.9733917791443,
                1356.6010590627402,
                1435.9407529111786,
                1456.0983063622857
            ],
            1264.4689657610452
        ],
        "graph_avg_wire_length": [
            601.4967404464944,
            593.3466183496869,
            623.2087972044831,
            [
                560.1663409902119,
                567.5628522865103,
                579.3169733477398,
                650.0492462494476,
                710.2921270366048,
                742.1340987141978
            ],
            622.9080435261408
        ],
        "graph_max_node_count": [
            84.0,
            78.975,
            89.0,
            [
                64.0,
                68.9,
                74.75,
                92.25,
                100.0,
                101.0
            ],
            83.65
        ],
        "graph_avg_node_count": [
            33.48242889060343,
            32.7256249181187,
            34.48620851462069,
            [
                30.568937806634487,
                30.947647728443968,
                32.07009114579505,
                36.7657447348428,
                39.283239697668954,
                41.40608220202362
            ],
            34.563348989402286
        ],