{
    "total_wire_length": 87639.57377172586,
    "total_jumper_length": 848.6638651301721,
    "total_jumper_count": 83,
    "center_node_count": 1093,
    "edge_node_count": 236,
    "total_node_count": 1329,
    "reachable_node_count": [
        1329.0,
        1329.0,
        1329.0,
        [
            1329.0,
            1329.0,
            1329.0,
            1329.0,
            1329.0,
            1329.0
        ],
        1329.0
    ],
    "unreachable_node_count": [
        0.0,
        0.0,
        0.0,
        [
            0.0,
            0.0,
            0.0,
            0.0,
            0.0,
            0.0
        ],
        0.0
    ],
    "reachable_wire_length": [
        87639.57377172585,
        87639.57377172585,
        87639.57377172585,
        [
            87639.57377172585,
            87639.57377172585,
            87639.57377172585,
            87639.57377172585,
            87639.57377172585,
            87639.57377172585
        ],
        87639.57377172587
    ],
    "unreachable_wire_length": [
        0.0,
        0.0,
        0.0,
        [
            0.0,
            0.0,
            0.0,
            0.0,
            0.0,
            0.0
        ],
        0.0
    ],
    "reachable_jumper_length": [
        848.6638651301718,
        848.6638651301718,
        848.6638651301718,
        [
            848.6638651301718,
            848.6638651301718,
            848.6638651301718,
            848.6638651301718,
            848.6638651301718,
            848.6638651301718
        ],
        848.6638651301718
    ],
    "unreachable_jumper_length": [
        0.0,
        0.0,
        0.0,
        [
            0.0,
            0.0,
            0.0,
            0.0,
            0.0,
            0.0
        ],
        0.0
    ],
    "reachable_jumper_count": [
        83.0,
        83.0,
        83.0,
        [
            83.0,
            83.0,
            83.0,
            83.0,
            83.0,
            83.0
        ],
        83.0
    ],
    "unreachable_jumper_count": [
        0.0,
        0.0,
        0.0,
        [
            0.0,
            0.0,
            0.0,
            0.0,
            0.0,
            0.0
        ],
        0.0
    ],
    "shortest_path": {
        "percent_useful_node_count": [
            0.7806621519939805,
            0.7784048156508653,
            0.7855530474040632,
            [
                0.7636192626034612,
                0.7659894657637322,
                0.7735139202407826,
                0.7902558314522197,
                0.7969902182091799,
                0.800601956358164
            ],
            0.7818284424379233
        ],
        "percent_useful_wire_length": 44.93590741323531,
        "percent_reachable_sensors": 0.99977,
        "percent_useful_jumper_count": [
            0.40963855421686746,
            0.3855421686746988,
            0.42168674698795183,
            [
                0.31265060240963854,
                0.3253012048192771,
                0.3704819277108434,
                0.4578313253012048,
                0.49518072289156634,
                0.5301204819277109
            ],
            0.4101204819277109
        ],
        "percent_useful_jumper_length": [
            0.024096385542168676,
            0.024096385542168676,
            0.024096385542168676,
            [
                0.012048192771084338,
                0.012048192771084338,
                0.012048192771084338,
                0.024096385542168676,
                0.024096385542168676,
                0.024096385542168676
            ],
            0.0208433734939759
        ],
        "percent_unreachable_bc_short_jumper": 0.00023,
        "percent_multiroute_reached_nodes": [
            0.2162024395031051,
            0.20822177516188892,
            0.2209869176081493,
            [
                0.17365847501791415,
                0.19037980787062794,
                0.19774674901479522,
                0.23277053367779174,
                0.24683533667872565,
                0.25132443605484833
            ],
            0.21588063637816243
        ],
        "path_length_max": [
            2010.59044224807,
            1990.9042795178027,
            2010.59044224807
        ],
        "path_length_avg": [
            789.6594054288202,
            786.5020137874592,
            792.7158655904841,
            [
                229.94229862957837,
                323.9687987678491,
                516.7301828634405,
                1082.9303267662171,
                1333.4508152597577,
                1482.2829305960363
            ],
            812.8612178598426
        ],
        "path_node_count_max": [
            63.0,
            61.0,
            63.0
        ],
        "path_node_count_avg": [
            21.0,
            21.0,
            22.0,
            [
                6.0,
                8.0,
                14.0,
                30.0,
                37.0,
                42.0
            ],
            22.172259619712534
        ],
        "path_jumper_count_max": [
            10.0,
            10.0,
            10.0
        ],
        "path_jumper_count_avg": [
            1.0,
            1.0,
            1.0,
            [
                0.0,
                0.0,
                0.0,
                2.0,
                3.0,
                4.0
            ],
            1.3192134190863898
        ],
        "path_sensor_jumper_length_max": [
            19.986664079510362,
            19.9369808098007,
            19.986664079510362
        ],
        "path_sensor_jumper_length_avg": [
            5.892025484717422,
            5.847137472278825,
            5.933712201664077,
            [
                0.49343519977345307,
                1.0088762999043321,
                2.679791591344879,
                10.058701846733548,
                13.774099299615791,
                15.65106464859893
            ],
            6.704722412752818
        ],
        "path_router_node_branches_max": [
            3.0,
            3.0,
            3.0
        ],
        "path_router_node_branches_avg": [
            2.0,
            2.0,
            2.0,
            [
                2.0,
                2.0,
                2.0,
                2.0,
                3.0,
                3.0
            ],
            2.1791666666666667
        ],
        "graph_max_wire_length": [
            1564.0036671931707,
            1498.7562250848184,
            1635.4953529220725,
            [
                1241.396949438845,
                1288.4342200480828,
                1416.4101039553977,
                1757.0905964268266,
                1871.2526709440053,
                1947.2132479157724
            ],
            1582.5249420484718
        ],
        "graph_avg_wire_length": [
            781.4519072136754,
            754.0005768368267,
            800.0829030743055,
            [
                596.3147914868131,
                650.2524986990742,
                707.4546533968773,
                853.2020091433455,
                952.0693153772071,
                1060.8618745513731
            ],
            790.2953434841247
        ],
        "graph_max_node_count": [
            47.5,
            45.5,
            49.0,
            [
                39.0,
                41.0,
                43.0,
                52.0,
                56.10000000000001,
                60.0
            ],
            47.96
        ],
        "graph_avg_node_count": [
            21.54735952594314,
            20.942361085801082,
            22.272420182285718,
            [
                17.305770683596595,
                18.619093997248022,
                19.952731112307248,
                23.41589600819315,
                27.02050759762072,
                28.71271769133361
            ],
            22.13061534635933
        ],