{
    "total_wire_length": 72997.66663503974,
    "total_jumper_length": 3265.6235736063777,
    "total_jumper_count": 323,
    "center_node_count": 1824,
    "edge_node_count": 410,
    "total_node_count": 2234,
    "reachable_node_count": [
        2234.0,
        2234.0,
        2234.0,
        [
            2234.0,
            2234.0,
            2234.0,
            2234.0,
            2234.0,
            2234.0
        ],
        2234.0
    ],
    "unreachable_node_count": [
        0.0,
        0.0,
        0.0,
        [
            0.0,
            0.0,
            0.0,
            0.0,
            0.0,
            0.0
        ],
        0.0
    ],
    "reachable_wire_length": [
        72997.66663503977,
        72997.66663503977,
        72997.66663503977,
        [
            72997.66663503977,
            72997.66663503977,
            72997.66663503977,
            72997.66663503977,
            72997.66663503977,
            72997.66663503977
        ],
        72997.66663503977
    ],
    "unreachable_wire_length": [
        0.0,
        0.0,
        0.0,
        [
            0.0,
            0.0,
            0.0,
            0.0,
            0.0,
            0.0
        ],
        0.0
    ],
    "reachable_jumper_length": [
        3265.6235736063813,
        3265.6235736063813,
        3265.6235736063813,
        [
            3265.6235736063813,
            3265.6235736063813,
            3265.6235736063813,
            3265.6235736063813,
            3265.6235736063813,
            3265.6235736063813
        ],
        3265.6235736063813
    ],
    "unreachable_jumper_length": [
        0.0,
        0.0,
        0.0,
        [
            0.0,
            0.0,
            0.0,
            0.0,
            0.0,
            0.0
        ],
        0.0
    ],
    "reachable_jumper_count": [
        323.0,
        323.0,
        323.0,
        [
            323.0,
            323.0,
            323.0,
            323.0,
            323.0,
            323.0
        ],
        323.0
    ],
    "unreachable_jumper_count": [
        0.0,
        0.0,
        0.0,
        [
            0.0,
            0.0,
            0.0,
            0.0,
            0.0,
            0.0
        ],
        0.0
    ],
    "shortest_path": {
        "percent_useful_node_count": [
            0.7694717994628469,
            0.7661145926589078,
            0.77261078782453,
            [
                0.7442479856759177,
                0.7491495076096688,
                0.7595120859444942,
                0.7789838854073411,
                0.789212175470009,
                0.797224709042077
            ],
            0.7695344673231871
        ],
        "percent_useful_wire_length": 43.420069244970044,
        "percent_reachable_sensors": 1.0,
        "percent_useful_jumper_count": [
            0.4040247678018576,
            0.3885448916408669,
            0.41489938080495353,
            [
                0.3122291021671827,
                0.34860681114551084,
                0.37770897832817335,
                0.44272445820433437,
                0.4582043343653251,
                0.4674922600619195
            ],
            0.40306501547987617
        ],
        "percent_useful_jumper_length": [
            0.01238390092879257,
            0.01238390092879257,
            0.015479876160990712,
            [
                0.009287925696594427,
                0.01238390092879257,
                0.01238390092879257,
                0.015479876160990712,
                0.018575851393188854,
                0.018575851393188854
            ],
            0.014086687306501547
        ],
        "percent_unreachable_bc_short_jumper": 0.0,
        "percent_multiroute_reached_nodes": [
            0.2004596236395887,
            0.1951506287549648,
            0.2067777139574957,
            [
                0.1668361135999321,
                0.1725306444824343,
                0.1856684787653514,
                0.21745462495184803,
                0.2238988516325774,
                0.23051627188198012
            ],
            0.20082079641233963
        ],
        "path_length_max": [
            1093.0018973187475,
            1068.2618685340963,
            1093.0018973187475
        ],
        "path_length_avg": [
            455.50958966187443,
            454.0528150699498,
            457.0678338759362,
            [
                144.21763610756943,
                201.13103788314237,
                317.7740836675557,
                586.7338008900801,
                706.9484489797971,
                776.9162478290217
            ],
            455.5083551718143
        ],
        "path_node_count_max": [
            64.0,
            63.0,
            64.0
        ],
        "path_node_count_avg": [
            25.0,
            25.0,
            25.0,
            [
                7.0,
                10.0,
                17.0,
                32.0,
                40.0,
                44.0
            ],
            24.96846
        ],
        "path_jumper_count_max": [
            57.0,
            51.0,
            57.0
        ],
        "path_jumper_count_avg": [
            1.0,
            1.0,
            1.0,
            [
                0.0,
                0.0,
                0.0,
                3.0,
                9.0,
                14.0
            ],
            3.03441
        ],
        "path_sensor_jumper_length_max": [
            13.631258654916513,
            11.698630517547041,
            13.631258654916513
        ],
        "path_sensor_jumper_length_avg": [
            2.9205234491023053,
            2.9011233321294636,
            2.942802108088174,
            [
                0.25232530132019465,
                0.5109228066552005,
                1.3301210134067547,
                5.007805280317716,
                6.856398712093438,
                7.82424551092627
            ],
            3.335802530877259
        ],
        "path_router_node_branches_max": [
            3.0,
            3.0,
            3.0
        ],
        "path_router_node_branches_avg": [
            2.0,
            2.0,
            2.0,
            [
                2.0,
                2.0,
                2.0,
                2.0,
                2.0,
                3.0
            ],
            2.063888888888889
        ],
        "graph_max_wire_length": [
            874.2830755852164,
            852.2029630473811,
            890.5603108790416,
            [
                749.2110767296166,
                773.9277783631073,
                816.8671991231818,
                930.8191804332091,
                1014.0568465894924,
                1054.728861092848
            ],
            880.7411930746812
        ],
        "graph_avg_wire_length": [
            438.108876892253,
            425.29090074248774,
            445.36196158085943,
            [
                405.1869036539178,
                407.3438115452783,
                413.9560066024476,
                473.63727787985306,
                529.2074285894969,
                551.8687925880897
            ],
            451.8436168929545
        ],
        "graph_max_node_count": [
            51.5,
            50.0,
            53.5,
            [
                41.95,
                43.0,
                47.0,
                58.0,
                62.0,
                65.0
            ],
            52.31
        ],
        "graph_avg_node_count": [
            24.691224693470204,
            24.165057915057915,
            25.435786435786436,
            [
                22.286349661719253,
                22.59834651234821,
                22.960715294966416,
                26.915362302145887,
                29.804620233418657,
                30.750449941298427
            ],
            25.36359035976724
        ],