{
    "total_wire_length": 144540.25394286803,
    "total_jumper_length": 83771.8237218946,
    "total_jumper_count": 2158,
    "center_node_count": 3611,
    "edge_node_count": 626,
    "total_node_count": 4237,
    "reachable_node_count": [
        4237.0,
        4237.0,
        4237.0,
        [
            4237.0,
            4237.0,
            4237.0,
            4237.0,
            4237.0,
            4237.0
        ],
        4237.0
    ],
    "unreachable_node_count": [
        0.0,
        0.0,
        0.0,
        [
            0.0,
            0.0,
            0.0,
            0.0,
            0.0,
            0.0
        ],
        0.0
    ],
    "reachable_wire_length": [
        144540.25394286815,
        144540.25394286815,
        144540.25394286815,
        [
            144540.25394286815,
            144540.25394286815,
            144540.25394286815,
            144540.25394286815,
            144540.25394286815,
            144540.25394286815
        ],
        144540.25394286818
    ],
    "unreachable_wire_length": [
        0.0,
        0.0,
        0.0,
        [
            0.0,
            0.0,
            0.0,
            0.0,
            0.0,
            0.0
        ],
        0.0
    ],
    "reachable_jumper_length": [
        83771.8237218946,
        83771.8237218946,
        83771.8237218946,
        [
            83771.8237218946,
            83771.8237218946,
            83771.8237218946,
            83771.8237218946,
            83771.8237218946,
            83771.8237218946
        ],
        83771.82372189463
    ],
    "unreachable_jumper_length": [
        0.0,
        0.0,
        0.0,
        [
            0.0,
            0.0,
            0.0,
            0.0,
            0.0,
            0.0
        ],
        0.0
    ],
    "reachable_jumper_count": [
        2158.0,
        2158.0,
        2158.0,
        [
            2158.0,
            2158.0,
            2158.0,
            2158.0,
            2158.0,
            2158.0
        ],
        2158.0
    ],
    "unreachable_jumper_count": [
        0.0,
        0.0,
        0.0,
        [
            0.0,
            0.0,
            0.0,
            0.0,
            0.0,
            0.0
        ],
        0.0
    ],
    "shortest_path": {
        "percent_useful_node_count": [
            0.707930139249469,
            0.7029738022185508,
            0.7117063960349304,
            [
                0.6789709700259619,
                0.6853906065612462,
                0.6963653528439934,
                0.7189048855322162,
                0.727684682558414,
                0.7300094406419636
            ],
            0.7069176303988671
        ],
        "percent_useful_wire_length": 41.57660553274337,
        "percent_reachable_sensors": 1.0,
        "percent_useful_jumper_count": [
            0.09360518999073215,
            0.09036144578313253,
            0.09545875810936053,
            [
                0.07829008341056534,
                0.08294717330861909,
                0.0883920296570899,
                0.09731232622798888,
                0.10245597775718257,
                0.10569972196478221
            ],
            0.09270157553290082
        ],
        "percent_useful_jumper_length": [
            0.0018535681186283596,
            0.0018535681186283596,
            0.0023169601482854493,
            [
                0.0013901760889712697,
                0.0013901760889712697,
                0.0018535681186283596,
                0.0023169601482854493,
                0.0023169601482854493,
                0.0027803521779425394
            ],
            0.0019879518072289156
        ],
        "percent_unreachable_bc_short_jumper": 0.0,
        "percent_multiroute_reached_nodes": [
            0.22916087802167268,
            0.21582257530619,
            0.23700807063217164,
            [
                0.15670590295680856,
                0.17244697964800038,
                0.1940142061586246,
                0.2664234481016157,
                0.279502876955855,
                0.2905838925099691
            ],
            0.228651845521048
        ],
        "path_length_max": [
            1997.3367660438594,
            1957.6456006056585,
            1997.3367660438594
        ],
        "path_length_avg": [
            684.4658179155767,
            681.9773709228342,
            686.7706429556258,
            [
                200.58807566301806,
                283.97579916288424,
                464.96326301179437,
                920.7526801330674,
                1160.0869595851098,
                1299.3266893627278
            ],
            707.8711952031459
        ],
        "path_node_count_max": [
            98.0,
            95.0,
            98.0
        ],
        "path_node_count_avg": [
            33.0,
            33.0,
            33.0,
            [
                10.0,
                14.0,
                23.0,
                44.0,
                54.0,
                61.0
            ],
            33.79571
        ],
        "path_jumper_count_max": [
            27.0,
            26.975,
            27.0
        ],
        "path_jumper_count_avg": [
            2.0,
            2.0,
            2.0,
            [
                0.0,
                0.0,
                1.0,
                5.0,
                8.0,
                11.0
            ],
            3.31912
        ],
        "path_sensor_jumper_length_max": [
            12.658693243384139,
            11.712148176525819,
            12.658693243384139
        ],
        "path_sensor_jumper_length_avg": [
            2.939051664664337,
            2.9183127139916722,
            2.9599648420752147,
            [
                0.257586561588855,
                0.5159487882901008,
                1.3351309148217743,
                5.01791574289059,
                6.872316750168883,
                7.80609279855567
            ],
            3.3469121473807752
        ],
        "path_router_node_branches_max": [
            11.0,
            7.0,
            11.0
        ],
        "path_router_node_branches_avg": [
            2.0,
            2.0,
            2.0,
            [
                2.0,
                2.0,
                2.0,
                3.0,
                4.0,
                5.0
            ],
            2.554072096128171
        ],
        "graph_max_wire_length": [
            1459.2700518960346,
            1402.2382958094959,
            1502.3934289261101,
            [
                1203.145805778684,
                1264.4654731022708,
                1317.5009642320535,
                1608.7394286032543,
                1801.4912362963312,
                1861.26101502778
            ],
            1485.8291019485175
        ],
        "graph_avg_wire_length": [
            664.2606818559509,
            653.3799964056996,
            696.0790044619114,
            [
                571.5634150133208,
                578.3978295642679,
                616.1161641400929,
                776.1776728904813,
                910.7840924281551,
                973.2932956338964
            ],
            708.8345183075031
        ],
        "graph_max_node_count": [
            71.0,
            69.0,
            74.01249999999999,
            [
                60.95,
                63.0,
                66.0,
                80.0,
                87.10000000000001,
                90.0
            ],
            73.13
        ],
        "graph_avg_node_count": [
            32.68200936610685,
            32.18126032570215,
            34.36785110789558,
            [
                28.321579527127273,
                28.673315416640776,
                30.149434558845403,
                36.48796112272829,
                40.85329836058762,
                45.3080371562758
            ],
            34.17503914210929
        ],