{
    "total_wire_length": 87185.24691314787,
    "total_jumper_length": 1378.2628902754323,
    "total_jumper_count": 143,
    "center_node_count": 1093,
    "edge_node_count": 318,
    "total_node_count": 1411,
    "reachable_node_count": [
        1411.0,
        1411.0,
        1411.0,
        [
            1411.0,
            1411.0,
            1411.0,
            1411.0,
            1411.0,
            1411.0
        ],
        1411.0
    ],
    "unreachable_node_count": [
        0.0,
        0.0,
        0.0,
        [
            0.0,
            0.0,
            0.0,
            0.0,
            0.0,
            0.0
        ],
        0.0
    ],
    "reachable_wire_length": [
        87185.24691314784,
        87185.24691314784,
        87185.24691314784,
        [
            87185.24691314784,
            87185.24691314784,
            87185.24691314784,
            87185.24691314784,
            87185.24691314784,
            87185.24691314784
        ],
        87185.24691314784
    ],
    "unreachable_wire_length": [
        0.0,
        0.0,
        0.0,
        [
            0.0,
            0.0,
            0.0,
            0.0,
            0.0,
            0.0
        ],
        0.0
    ],
    "reachable_jumper_length": [
        1378.2628902754323,
        1378.2628902754323,
        1378.2628902754323,
        [
            1378.2628902754323,
            1378.2628902754323,
            1378.2628902754323,
            1378.2628902754323,
            1378.2628902754323,
            1378.2628902754323
        ],
        1378.2628902754323
    ],
    "unreachable_jumper_length": [
        0.0,
        0.0,
        0.0,
        [
            0.0,
            0.0,
            0.0,
            0.0,
            0.0,
            0.0
        ],
        0.0
    ],
    "reachable_jumper_count": [
        143.0,
        143.0,
        143.0,
        [
            143.0,
            143.0,
            143.0,
            143.0,
            143.0,
            143.0
        ],
        143.0
    ],
    "unreachable_jumper_count": [
        0.0,
        0.0,
        0.0,
        [
            0.0,
            0.0,
            0.0,
            0.0,
            0.0,
            0.0
        ],
        0.0
    ],
    "shortest_path": {
        "percent_useful_node_count": [
            0.771793054571226,
            0.7675407512402551,
            0.77462792345854,
            [
                0.748334514528703,
                0.7533664068036854,
                0.763111268603827,
                0.7795889440113395,
                0.7853295535081503,
                0.7888377037562013
            ],
            0.7707512402551382
        ],
        "percent_useful_wire_length": 45.386249405910526,
        "percent_reachable_sensors": 0.99918,
        "percent_useful_jumper_count": [
            0.3986013986013986,
            0.3916083916083916,
            0.4125874125874126,
            [
                0.3423076923076923,
                0.34965034965034963,
                0.3776223776223776,
                0.42657342657342656,
                0.44755244755244755,
                0.45454545454545453
            ],
            0.40104895104895105
        ],
        "percent_useful_jumper_length": [
            0.027972027972027972,
            0.027972027972027972,
            0.027972027972027972,
            [
                0.02097902097902098,
                0.02097902097902098,
                0.027972027972027972,
                0.03496503496503497,
                0.04195804195804196,
                0.04195804195804196
            ],
            0.03
        ],
        "percent_unreachable_bc_short_jumper": 0.00082,
        "percent_multiroute_reached_nodes": [
            0.2345129140615932,
            0.2281508739650414,
            0.24197983501374887,
            [
                0.195272651806742,
                0.2052969221791082,
                0.22084922616760883,
                0.251455221355048,
                0.262187905878241,
                0.2746707937584803
            ],
            0.2353374735409396
        ],
        "path_length_max": [
            2316.227259712298,
            2283.1758320606073,
            2316.227259712298
        ],
        "path_length_avg": [
            783.7897014366165,
            780.0899896786012,
            786.9530329051751,
            [
                232.11320584412576,
                330.98292924509036,
                532.5086611449341,
                1072.0725122942017,
                1358.2358933052253,
                1529.5101966369616
            ],
            820.5461750344588
        ],
        "path_node_count_max": [
            67.0,
            66.0,
            67.0
        ],
        "path_node_count_avg": [
            22.0,
            21.0,
            22.0,
            [
                6.0,
                9.0,
                14.0,
                30.0,
                38.0,
                43.0
            ],
            22.62026862026862
        ],
        "path_jumper_count_max": [
            8.0,
            8.0,
            8.0
        ],
        "path_jumper_count_avg": [
            1.0,
            1.0,
            1.0,
            [
                0.0,
                0.0,
                1.0,
                2.0,
                3.0,
                3.0
            ],
            1.3260373506275145
        ],
        "path_sensor_jumper_length_max": [
            19.98876862274015,
            19.967757122397167,
            19.98876862274015
        ],
        "path_sensor_jumper_length_avg": [
            5.864580221949404,
            5.816604019598664,
            5.910134487281862,
            [
                0.5117456694728308,
                1.0411549898868149,
                2.694945438440553,
                10.087345652361744,
                13.778655737730162,
                15.693548209004257
            ],
            6.717506633227823
        ],
        "path_router_node_branches_max": [
            3.0,
            3.0,
            3.0
        ],
        "path_router_node_branches_avg": [
            2.0,
            2.0,
            2.0,
            [
                2.0,
                2.0,
                2.0,
                2.0,
                2.0,
                3.0
            ],
            2.088888888888889
        ],
        "graph_max_wire_length": [
            1624.6151247974499,
            1589.035901664526,
            1717.1252545745197,
            [
                1331.8664156596212,
                1405.2442706812642,
                1530.1619646263687,
                1875.7216956503103,
                2125.828750036972,
                2205.134703301054
            ],
            1702.4187067696712
        ],
        "graph_avg_wire_length": [
            754.7684667970628,
            719.1413698050898,
            787.3355224900997,
            [
                655.744556116286,
                669.9198740824573,
                689.6153555478392,
                883.7356653824847,
                1118.5325178813996,
                1183.300906160486
            ],
            814.4085420189476
        ],
        "graph_max_node_count": [
            47.0,
            46.0,
            49.5,
            [
                40.0,
                41.0,
                44.0,
                53.0,
                64.0,
                65.0
            ],
            49.62
        ],
        "graph_avg_node_count": [
            21.03357144284658,
            20.262675862243903,
            22.60220346362229,
            [
                18.5950997109294,
                19.032331739134758,
                19.495495937242026,
                25.112352369407375,
                32.41517270146551,
                33.532305804762764
            ],
            23.116391916855214
        ],