{
    "total_wire_length": 11238.657277208824,
    "total_jumper_length": 17.469933797185213,
    "total_jumper_count": 5,
    "center_node_count": 73,
    "edge_node_count": 84,
    "total_node_count": 157,
    "reachable_node_count": [
        125.0,
        125.0,
        125.0,
        [
            32.0,
            32.0,
            125.0,
            125.0,
            125.0,
            125.0
        ],
        113.84
    ],
    "unreachable_node_count": [
        32.0,
        32.0,
        32.0,
        [
            32.0,
            32.0,
            32.0,
            32.0,
            125.0,
            125.0
        ],
        43.16
    ],
    "reachable_wire_length": [
        9087.234798491894,
        9087.234798491894,
        9087.234798491894,
        [
            2151.422478716927,
            2151.422478716927,
            9087.234798491894,
            9087.234798491894,
            9087.234798491894,
            9087.234798491894
        ],
        8254.937320118897
    ],
    "unreachable_wire_length": [
        2151.422478716927,
        2151.422478716927,
        2151.422478716927,
        [
            2151.422478716927,
            2151.422478716927,
            2151.422478716927,
            2151.422478716927,
            9087.234798491894,
            9087.234798491894
        ],
        2983.7199570899234
    ],
    "reachable_jumper_length": [
        12.585971841958326,
        12.585971841958326,
        12.585971841958326,
        [
            4.883961955226888,
            4.883961955226888,
            12.585971841958326,
            12.585971841958326,
            12.585971841958326,
            12.585971841958326
        ],
        11.661730655550555
    ],
    "unreachable_jumper_length": [
        4.883961955226888,
        4.883961955226888,
        4.883961955226888,
        [
            4.883961955226888,
            4.883961955226888,
            4.883961955226888,
            4.883961955226888,
            12.585971841958326,
            12.585971841958326
        ],
        5.808203141634663
    ],
    "reachable_jumper_count": [
        4.0,
        4.0,
        4.0,
        [
            1.0,
            1.0,
            4.0,
            4.0,
            4.0,
            4.0
        ],
        3.64
    ],
    "unreachable_jumper_count": [
        1.0,
        1.0,
        1.0,
        [
            1.0,
            1.0,
            1.0,
            1.0,
            4.0,
            4.0
        ],
        1.36
    ],
    "shortest_path": {
        "percent_useful_node_count": [
            0.40764331210191085,
            0.40445859872611467,
            0.40764331210191085,
            [
                0.08917197452229299,
                0.10127388535031848,
                0.39490445859872614,
                0.4140127388535032,
                0.42038216560509556,
                0.4267515923566879
            ],
            0.3702547770700636
        ],
        "percent_useful_wire_length": 36.3542996395628,
        "percent_reachable_sensors": 0.31498,
        "percent_useful_jumper_count": [
            0.8,
            0.8,
            0.8,
            [
                0.0,
                0.2,
                0.6,
                0.8,
                0.8,
                0.8
            ],
            0.6759999999999998
        ],
        "percent_useful_jumper_length": [
            0.4,
            0.4,
            0.4,
            [
                0.0,
                0.0,
                0.4,
                0.6,
                0.6,
                0.6
            ],
            0.4159999999999999
        ],
        "percent_unreachable_bc_short_jumper": 0.57178,
        "percent_multiroute_reached_nodes": [
            0.640625,
            0.6307692307692307,
            0.6461538461538462,
            [
                0.5907287157287158,
                0.5964717741935485,
                0.6126624939817044,
                0.6666666666666666,
                0.7120430107526884,
                0.9169871794871794
            ],
            0.6590077610794978
        ],
        "path_length_max": [
            1490.279010392841,
            1482.2882623542907,
            1490.279010392841
        ],
        "path_length_avg": [
            497.14554515051384,
            492.7136335275994,
            501.573934558729,
            [
                126.57228166121514,
                176.42100513811408,
                298.3580289689668,
                750.6442785776261,
                981.1186345133841,
                1106.108807571185
            ],
            542.752256197326
        ],
        "path_node_count_max": [
            23.0,
            23.0,
            23.0
        ],
        "path_node_count_avg": [
            8.0,
            8.0,
            8.0,
            [
                1.0,
                2.0,
                4.0,
                12.0,
                16.0,
                18.0
            ],
            8.32309987935742
        ],
        "path_jumper_count_max": [
            2.0,
            2.0,
            2.0
        ],
        "path_jumper_count_avg": [
            1.0,
            1.0,
            1.0,
            [
                0.0,
                0.0,
                0.0,
                1.0,
                2.0,
                2.0
            ],
            0.8459584735538764
        ],
        "path_sensor_jumper_length_max": [
            9.999724585596072,
            9.998538768971136,
            9.999724585596072
        ],
        "path_sensor_jumper_length_avg": [
            4.6017316801383,
            4.547532583393413,
            4.6607853465520455,
            [
                0.44212253826335723,
                0.8897735425722877,
                2.2526894915464997,
                7.17291156479951,
                8.84510678074083,
                9.419596877807614
            ],
            4.7468278483302635
        ],
        "path_router_node_branches_max": [
            3.0,
            3.0,
            3.0
        ],
        "path_router_node_branches_avg": [
            2.0,
            2.0,
            3.0,
            [
                2.0,
                2.0,
                2.0,
                3.0,
                3.0,
                3.0
            ],
            2.4651162790697674
        ],
        "graph_max_wire_length": [
            1119.0037451429835,
            1066.9041285149706,
            1181.061820411534,
            [
                462.00224711790594,
                544.3737144106785,
                983.9383370945886,
                1273.9637326715178,
                1407.0719085321443,
                1471.000877542192
            ],
            1081.057671324344
        ],
        "graph_avg_wire_length": [
            532.0459850558889,
            511.70925493131153,
            561.2300233830301,
            [
                249.98222935863583,
                283.5780979431777,
                479.06375382312575,
                617.8115184334649,
                687.6555955652174,
                737.4510343150615
            ],
            533.0934289393607
        ],
        "graph_max_node_count": [
            18.0,
            17.0,
            19.0,
            [
                6.0,
                8.0,
                15.0,
                21.0,
                22.10000000000001,
                23.0
            ],
            17.21
        ],
        "graph_avg_node_count": [
            9.132,
            8.624,
            9.443999999999999,
            [
                3.765625,
                4.56625,
                7.864,
                10.336,
                11.448,
                11.936799999999998
            ],
            8.864021564475348
        ],