{
    "total_wire_length": 12182.932200212836,
    "total_jumper_length": 91.7322199550157,
    "total_jumper_count": 8,
    "center_node_count": 40,
    "edge_node_count": 60,
    "total_node_count": 100,
    "reachable_node_count": [
        100.0,
        100.0,
        100.0,
        [
            100.0,
            100.0,
            100.0,
            100.0,
            100.0,
            100.0
        ],
        100.0
    ],
    "unreachable_node_count": [
        0.0,
        0.0,
        0.0,
        [
            0.0,
            0.0,
            0.0,
            0.0,
            0.0,
            0.0
        ],
        0.0
    ],
    "reachable_wire_length": [
        12182.932200212836,
        12182.932200212836,
        12182.932200212836,
        [
            12182.932200212836,
            12182.932200212836,
            12182.932200212836,
            12182.932200212836,
            12182.932200212836,
            12182.932200212836
        ],
        12182.93220021283
    ],
    "unreachable_wire_length": [
        0.0,
        0.0,
        0.0,
        [
            0.0,
            0.0,
            0.0,
            0.0,
            0.0,
            0.0
        ],
        0.0
    ],
    "reachable_jumper_length": [
        91.7322199550157,
        91.7322199550157,
        91.7322199550157,
        [
            91.7322199550157,
            91.7322199550157,
            91.7322199550157,
            91.7322199550157,
            91.7322199550157,
            91.7322199550157
        ],
        91.73221995501572
    ],
    "unreachable_jumper_length": [
        0.0,
        0.0,
        0.0,
        [
            0.0,
            0.0,
            0.0,
            0.0,
            0.0,
            0.0
        ],
        0.0
    ],
    "reachable_jumper_count": [
        8.0,
        8.0,
        8.0,
        [
            8.0,
            8.0,
            8.0,
            8.0,
            8.0,
            8.0
        ],
        8.0
    ],
    "unreachable_jumper_count": [
        0.0,
        0.0,
        0.0,
        [
            0.0,
            0.0,
            0.0,
            0.0,
            0.0,
            0.0
        ],
        0.0
    ],
    "shortest_path": {
        "percent_useful_node_count": [
            0.54,
            0.53,
            0.54,
            [
                0.52,
                0.52,
                0.53,
                0.55,
                0.55,
                0.56
            ],
            0.5358999999999999
        ],
        "percent_useful_wire_length": 53.017861405912996,
        "percent_reachable_sensors": 0.42951,
        "percent_useful_jumper_count": [
            0.875,
            0.875,
            0.875,
            [
                0.75,
                0.75,
                0.875,
                0.875,
                1.0,
                1.0
            ],
            0.88375
        ],
        "percent_useful_jumper_length": [
            0.375,
            0.375,
            0.375,
            [
                0.375,
                0.375,
                0.375,
                0.375,
                0.5,
                0.5
            ],
            0.395
        ],
        "percent_unreachable_bc_short_jumper": 0.57049,
        "percent_multiroute_reached_nodes": [
            0.6204116638078903,
            0.6111111111111112,
            0.6296296296296297,
            [
                0.565917667238422,
                0.5818181818181818,
                0.5961538461538461,
                0.6428571428571429,
                0.6672727272727272,
                0.6733853410740204
            ],
            0.6208577931845924
        ],
        "path_length_max": [
            2114.4561243789035,
            2079.5125309961613,
            2114.4561243789035
        ],
        "path_length_avg": [
            814.772082807707,
            809.155357505695,
            819.642541371681,
            [
                220.21370504343105,
                318.80357722751035,
                523.9004709258281,
                1106.933001064395,
                1376.3621357717466,
                1523.7665670648385
            ],
            832.8347782093952
        ],
        "path_node_count_max": [
            17.0,
            17.0,
            17.0
        ],
        "path_node_count_avg": [
            7.0,
            7.0,
            7.0,
            [
                1.0,
                2.0,
                4.0,
                10.0,
                12.0,
                13.0
            ],
            6.906987031733836
        ],
        "path_jumper_count_max": [
            4.0,
            4.0,
            4.0
        ],
        "path_jumper_count_avg": [
            1.0,
            1.0,
            1.0,
            [
                0.0,
                0.0,
                0.0,
                2.0,
                2.0,
                2.0
            ],
            1.0715000814882074
        ],
        "path_sensor_jumper_length_max": [
            19.999863544415035,
            19.99750623908995,
            19.999863544415035
        ],
        "path_sensor_jumper_length_avg": [
            9.192286646313619,
            9.082733715722428,
            9.283072514541416,
            [
                0.8741826156032064,
                1.7293978608817775,
                4.406355891294359,
                14.29150174148199,
                17.6039948457564,
                18.786218477787568
            ],
            9.436440297201218
        ],
        "path_router_node_branches_max": [
            3.0,
            3.0,
            3.0
        ],
        "path_router_node_branches_avg": [
            2.0,
            2.0,
            3.0,
            [
                2.0,
                2.0,
                2.0,
                3.0,
                3.0,
                3.0
            ],
            2.4
        ],
        "graph_max_wire_length": [
            1605.2957160630829,
            1545.9757634492646,
            1706.6876527894406,
            [
                1230.1451492233057,
                1351.0417337575868,
                1468.7547533289267,
                1802.8908057719984,
                1983.344150970213,
                2053.7870778014867
            ],
            1634.9273000168132
        ],
        "graph_avg_wire_length": [
            852.5272511012299,
            823.2130677479347,
            893.5423894926464,
            [
                657.5429101072725,
                685.1542495507347,
                744.8901114705433,
                972.5227213568614,
                1098.0362190646451,
                1175.124225513532
            ],
            876.1003468254963
        ],
        "graph_max_node_count": [
            14.0,
            13.0,
            15.0,
            [
                10.0,
                10.9,
                12.0,
                16.0,
                17.0,
                17.0
            ],
            13.71
        ],
        "graph_avg_node_count": [
            8.100714285714286,
            7.794875,
            8.387096774193548,
            [
                6.0085,
                6.186000000000001,
                6.68,
                8.95,
                9.74,
                10.236808765622325
            ],
            8.037497476387378
        ],
        "graph_max_jumper_count": [
            3.0,
            3.0,
            3.0,
            [
                2.0,
                2.0,
                2.0,
                3.0,
                3.0,
                3.0
            ],
            2.65
        ],
        "graph_avg_jumper_count": [
            1.29,
            1.29,
            1.29,
            [
                0.77,
                0.77,
                0.77,
                1.29,
                1.3333333333333333,
                1.5268817204301075
            ],
            1.1280511563566393
        ]
    },