{
    "total_wire_length": 87239.00644005061,
    "total_jumper_length": 77815.20900982618,
    "total_jumper_count": 1048,
    "center_node_count": 1088,
    "edge_node_count": 342,
    "total_node_count": 1430,
    "reachable_node_count": [
        1430.0,
        1430.0,
        1430.0,
        [
            1430.0,
            1430.0,
            1430.0,
            1430.0,
            1430.0,
            1430.0
        ],
        1430.0
    ],
    "unreachable_node_count": [
        0.0,
        0.0,
        0.0,
        [
            0.0,
            0.0,
            0.0,
            0.0,
            0.0,
            0.0
        ],
        0.0
    ],
    "reachable_wire_length": [
        87239.0064400506,
        87239.0064400506,
        87239.0064400506,
        [
            87239.0064400506,
            87239.0064400506,
            87239.0064400506,
            87239.0064400506,
            87239.0064400506,
            87239.0064400506
        ],
        87239.00644005058
    ],
    "unreachable_wire_length": [
        0.0,
        0.0,
        0.0,
        [
            0.0,
            0.0,
            0.0,
            0.0,
            0.0,
            0.0
        ],
        0.0
    ],
    "reachable_jumper_length": [
        77815.20900982629,
        77815.20900982629,
        77815.20900982629,
        [
            77815.20900982629,
            77815.20900982629,
            77815.20900982629,
            77815.20900982629,
            77815.20900982629,
            77815.20900982629
        ],
        77815.20900982629
    ],
    "unreachable_jumper_length": [
        0.0,
        0.0,
        0.0,
        [
            0.0,
            0.0,
            0.0,
            0.0,
            0.0,
            0.0
        ],
        0.0
    ],
    "reachable_jumper_count": [
        1048.0,
        1048.0,
        1048.0,
        [
            1048.0,
            1048.0,
            1048.0,
            1048.0,
            1048.0,
            1048.0
        ],
        1048.0
    ],
    "unreachable_jumper_count": [
        0.0,
        0.0,
        0.0,
        [
            0.0,
            0.0,
            0.0,
            0.0,
            0.0,
            0.0
        ],
        0.0
    ],
    "shortest_path": {
        "percent_useful_node_count": [
            0.7776223776223776,
            0.7762237762237763,
            0.7807692307692308,
            [
                0.7566433566433567,
                0.7614685314685314,
                0.7697552447552448,
                0.7888111888111888,
                0.793076923076923,
                0.7965034965034965
            ],
            0.7780559440559439
        ],
        "percent_useful_wire_length": 49.620113108080005,
        "percent_reachable_sensors": 1.0,
        "percent_useful_jumper_count": [
            0.11259541984732824,
            0.10734732824427481,
            0.11450381679389313,
            [
                0.09155534351145038,
                0.09437022900763359,
                0.09995229007633588,
                0.12142175572519083,
                0.12786259541984732,
                0.12981870229007633
            ],
            0.11094465648854962
        ],
        "percent_useful_jumper_length": [
            0.003816793893129771,
            0.003816793893129771,
            0.003816793893129771,
            [
                0.0028625954198473282,
                0.0028625954198473282,
                0.0028625954198473282,
                0.004770992366412214,
                0.004770992366412214,
                0.0057251908396946565
            ],
            0.0038835877862595427
        ],
        "percent_unreachable_bc_short_jumper": 0.0,
        "percent_multiroute_reached_nodes": [
            0.270509129577757,
            0.26418044962182613,
            0.2823741007194245,
            [
                0.2197256898153759,
                0.23010772180367964,
                0.24463067602502286,
                0.2917045454545455,
                0.32218711639214054,
                0.3279444542633832
            ],
            0.27239355158638306
        ],
        "path_length_max": [
            2174.8031049125384,
            2143.263413619118,
            2174.8031049125384
        ],
        "path_length_avg": [
            753.2571373827358,
            750.4790209208853,
            756.0835964505253,
            [
                225.72668374890165,
                316.5693045334776,
                511.27950145820955,
                1014.309261337361,
                1288.58376711523,
                1451.4397164870386
            ],
            782.089572220877
        ],
        "path_node_count_max": [
            56.0,
            56.0,
            56.0
        ],
        "path_node_count_avg": [
            19.0,
            19.0,
            20.0,
            [
                6.0,
                8.0,
                13.0,
                26.0,
                33.0,
                38.0
            ],
            20.1746
        ],
        "path_jumper_count_max": [
            13.0,
            13.0,
            13.0
        ],
        "path_jumper_count_avg": [
            2.0,
            2.0,
            2.0,
            [
                0.0,
                0.0,
                1.0,
                3.0,
                6.0,
                8.0
            ],
            2.35331
        ],
        "path_sensor_jumper_length_max": [
            25.540990119925013,
            24.068574230059554,
            25.540990119925013
        ],
        "path_sensor_jumper_length_avg": [
            5.876446531861378,
            5.829321908649875,
            5.916787174343316,
            [
                0.5156732696632583,
                1.0418846370676613,
                2.6871628992055334,
                10.07589895256234,
                13.803675657196042,
                15.655042908716414
            ],
            6.708985390567118
        ],
        "path_router_node_branches_max": [
            7.0,
            6.0,
            7.0
        ],
        "path_router_node_branches_avg": [
            2.0,
            2.0,
            2.0,
            [
                2.0,
                2.0,
                2.0,
                3.0,
                5.0,
                6.0
            ],
            2.695266272189349
        ],
        "graph_max_wire_length": [
            1574.5844768643024,
            1557.5491038014984,
            1678.4349016251367,
            [
                1297.337479160327,
                1339.4238091795114,
                1467.5179402348435,
                1784.8000162419137,
                1964.6416611139643,
                2083.3006260974844
            ],
            1635.113488551812
        ],
        "graph_avg_wire_length": [
            730.2363949324033,
            705.4623779017666,
            751.929977522427,
            [
                635.3574183341078,
                645.1141440700915,
                676.4076082376337,
                851.4115749149572,
                1016.1675280464357,
                1096.8571189358565
            ],
            780.8101768799756
        ],
        "graph_max_node_count": [
            44.0,
            42.5,
            46.0,
            [
                35.0,
                35.0,
                39.0,
                49.0,
                54.0,
                54.05
            ],
            44.3
        ],
        "graph_avg_node_count": [
            19.323925229803258,
            18.6562641058503,
            20.497543859649124,
            [
                17.196101869767404,
                17.284601551084634,
                17.71372212650011,
                23.232548450354212,
                25.78467225843464,
                26.48974417266626
            ],
            20.624990124270777
        ],