{
    "total_wire_length": 119660.64703881522,
    "total_jumper_length": 1916.2208747286243,
    "total_jumper_count": 196,
    "center_node_count": 1496,
    "edge_node_count": 410,
    "total_node_count": 1906,
    "reachable_node_count": [
        1906.0,
        1906.0,
        1906.0,
        [
            1906.0,
            1906.0,
            1906.0,
            1906.0,
            1906.0,
            1906.0
        ],
        1906.0
    ],
    "unreachable_node_count": [
        0.0,
        0.0,
        0.0,
        [
            0.0,
            0.0,
            0.0,
            0.0,
            0.0,
            0.0
        ],
        0.0
    ],
    "reachable_wire_length": [
        119660.64703881524,
        119660.64703881524,
        119660.64703881524,
        [
            119660.64703881524,
            119660.64703881524,
            119660.64703881524,
            119660.64703881524,
            119660.64703881524,
            119660.64703881524
        ],
        119660.64703881527
    ],
    "unreachable_wire_length": [
        0.0,
        0.0,
        0.0,
        [
            0.0,
            0.0,
            0.0,
            0.0,
            0.0,
            0.0
        ],
        0.0
    ],
    "reachable_jumper_length": [
        1916.2208747286245,
        1916.2208747286245,
        1916.2208747286245,
        [
            1916.2208747286245,
            1916.2208747286245,
            1916.2208747286245,
            1916.2208747286245,
            1916.2208747286245,
            1916.2208747286245
        ],
        1916.2208747286247
    ],
    "unreachable_jumper_length": [
        0.0,
        0.0,
        0.0,
        [
            0.0,
            0.0,
            0.0,
            0.0,
            0.0,
            0.0
        ],
        0.0
    ],
    "reachable_jumper_count": [
        196.0,
        196.0,
        196.0,
        [
            196.0,
            196.0,
            196.0,
            196.0,
            196.0,
            196.0
        ],
        196.0
    ],
    "unreachable_jumper_count": [
        0.0,
        0.0,
        0.0,
        [
            0.0,
            0.0,
            0.0,
            0.0,
            0.0,
            0.0
        ],
        0.0
    ],
    "shortest_path": {
        "percent_useful_node_count": [
            0.75498426023085,
            0.7510493179433368,
            0.7591815320041972,
            [
                0.7302728226652676,
                0.7376180482686254,
                0.74501573976915,
                0.7639034627492131,
                0.7698321091290662,
                0.7733735571878279
            ],
            0.7540713536201469
        ],
        "percent_useful_wire_length": 43.93844879859211,
        "percent_reachable_sensors": 0.99954,
        "percent_useful_jumper_count": [
            0.37755102040816324,
            0.3673469387755102,
            0.3826530612244898,
            [
                0.32653061224489793,
                0.3413265306122449,
                0.35714285714285715,
                0.39285714285714285,
                0.4086734693877552,
                0.41836734693877553
            ],
            0.3762755102040816
        ],
        "percent_useful_jumper_length": [
            0.02040816326530612,
            0.02040816326530612,
            0.025510204081632654,
            [
                0.015306122448979591,
                0.015306122448979591,
                0.015306122448979591,
                0.025510204081632654,
                0.030612244897959183,
                0.030612244897959183
            ],
            0.021938775510204078
        ],
        "percent_unreachable_bc_short_jumper": 0.00046,
        "percent_multiroute_reached_nodes": [
            0.22256991603901716,
            0.21608609388315556,
            0.2297121895459832,
            [
                0.18363068938915775,
                0.18861915746185945,
                0.20719252840692443,
                0.24087265642098094,
                0.25711426420374006,
                0.2666515316531423
            ],
            0.223346361767648
        ],
        "path_length_max": [
            2739.513464541174,
            2700.808396921848,
            2739.513464541174
        ],
        "path_length_avg": [
            895.2179616910717,
            892.4716092044683,
            898.009970092269,
            [
                262.97564791254547,
                372.9834301611197,
                606.6648255685184,
                1209.682638914303,
                1542.0857988704786,
                1741.3012461119897
            ],
            933.0964040276536
        ],
        "path_node_count_max": [
            83.0,
            81.0,
            83.0
        ],
        "path_node_count_avg": [
            25.0,
            24.0,
            25.0,
            [
                7.0,
                10.0,
                16.0,
                34.0,
                43.0,
                49.0
            ],
            25.731116313504213
        ],
        "path_jumper_count_max": [
            11.0,
            11.0,
            11.0
        ],
        "path_jumper_count_avg": [
            1.0,
            1.0,
            1.0,
            [
                0.0,
                0.0,
                1.0,
                2.0,
                3.0,
                4.0
            ],
            1.5391880264921864
        ],
        "path_sensor_jumper_length_max": [
            19.981625197171848,
            19.935422429758674,
            19.981625197171848
        ],
        "path_sensor_jumper_length_avg": [
            5.86957024058644,
            5.826595730267496,
            5.915180273113139,
            [
                0.5117890119050119,
                1.0216558183964635,
                2.6792685048133342,
                10.048458872993493,
                13.755867549086146,
                15.604256631750982
            ],
            6.694869740871055
        ],
        "path_router_node_branches_max": [
            3.0,
            3.0,
            3.0
        ],
        "path_router_node_branches_avg": [
            2.0,
            2.0,
            2.0,
            [
                2.0,
                2.0,
                2.0,
                2.0,
                2.0,
                2.0
            ],
            2.040214477211796
        ],
        "graph_max_wire_length": [
            1905.5340135086694,
            1857.1280169167844,
            1990.0369341080823,
            [
                1576.3957252397117,
                1630.877091922023,
                1755.9846618687745,
                2187.4590887089703,
                2516.5587686818326,
                2590.5537759364865
            ],
            1980.4507206680805
        ],
        "graph_avg_wire_length": [
            860.4189547029572,
            826.4100335487296,
            875.0814870049885,
            [
                754.9221291572245,
                765.2525481169241,
                792.8742570694062,
                981.665840733649,
                1210.6218617249365,
                1355.1826881809234
            ],
            921.3236835865333
        ],
        "graph_max_node_count": [
            56.0,
            53.0,
            59.0,
            [
                47.0,
                49.0,
                51.0,
                67.0,
                73.0,
                77.05
            ],
            59.12
        ],
        "graph_avg_node_count": [
            24.07691891686472,
            23.507900677200904,
            25.001550483504037,
            [
                21.297575765547723,
                21.426876433541146,
                22.17094491252808,
                28.034177604720348,
                34.14389788447827,
                38.063562375566036
            ],
            26.036669818489905
        ],