{
    "total_wire_length": 5123.6861288454,
    "total_jumper_length": 7.183070384817863,
    "total_jumper_count": 1,
    "center_node_count": 17,
    "edge_node_count": 32,
    "total_node_count": 49,
    "reachable_node_count": [
        20.0,
        20.0,
        24.0,
        [
            5.0,
            20.0,
            20.0,
            24.0,
            24.0,
            24.0
        ],
        20.9
    ],
    "unreachable_node_count": [
        29.0,
        25.0,
        29.0,
        [
            25.0,
            25.0,
            25.0,
            29.0,
            29.0,
            44.0
        ],
        28.1
    ],
    "reachable_wire_length": [
        2379.0896431457895,
        2379.0896431457895,
        2403.4531935860537,
        [
            341.1432921135587,
            2379.0896431457895,
            2379.0896431457895,
            2403.4531935860537,
            2403.4531935860537,
            2403.4531935860537
        ],
        2268.7510017995855
    ],
    "unreachable_wire_length": [
        2744.5964856996125,
        2720.2329352593483,
        2744.5964856996125,
        [
            2720.2329352593483,
            2720.2329352593483,
            2720.2329352593483,
            2744.5964856996125,
            2744.5964856996125,
            4782.542836731844
        ],
        2854.9351270458164
    ],
    "reachable_jumper_length": [
        0.0,
        0.0,
        7.183070384817863,
        [
            0.0,
            0.0,
            0.0,
            7.183070384817863,
            7.183070384817863,
            7.183070384817863
        ],
        3.232381673168039
    ],
    "unreachable_jumper_length": [
        7.183070384817863,
        0.0,
        7.183070384817863,
        [
            0.0,
            0.0,
            0.0,
            7.183070384817863,
            7.183070384817863,
            7.183070384817863
        ],
        3.9506887116498244
    ],
    "reachable_jumper_count": [
        0.0,
        0.0,
        1.0,
        [
            0.0,
            0.0,
            0.0,
            1.0,
            1.0,
            1.0
        ],
        0.45
    ],
    "unreachable_jumper_count": [
        1.0,
        0.0,
        1.0,
        [
            0.0,
            0.0,
            0.0,
            1.0,
            1.0,
            1.0
        ],
        0.55
    ],
    "shortest_path": {
        "percent_useful_node_count": [
            0.1836734693877551,
            0.16326530612244897,
            0.19387755102040816,
            [
                0.04081632653061224,
                0.16326530612244897,
                0.16326530612244897,
                0.20408163265306123,
                0.20408163265306123,
                0.22448979591836735
            ],
            0.17693877551020407
        ],
        "percent_useful_wire_length": 21.488118062304217,
        "percent_reachable_sensors": 0.09946,
        "percent_useful_jumper_count": [
            0.0,
            0.0,
            1.0,
            [
                0.0,
                0.0,
                0.0,
                1.0,
                1.0,
                1.0
            ],
            0.45
        ],
        "percent_useful_jumper_length": [
            0.0,
            0.0,
            1.0,
            [
                0.0,
                0.0,
                0.0,
                1.0,
                1.0,
                1.0
            ],
            0.45
        ],
        "percent_unreachable_bc_short_jumper": 0.77666,
        "percent_multiroute_reached_nodes": [
            0.7,
            0.7,
            0.7,
            [
                0.5,
                0.625,
                0.6666666666666666,
                0.75,
                1.0,
                1.0
            ],
            0.7263589466089466
        ],
        "path_length_max": [
            958.4575102305306,
            933.2833227472111,
            958.4575102305306
        ],
        "path_length_avg": [
            332.30606146374805,
            329.50957856239853,
            336.1763136350667,
            [
                114.24130265942574,
                142.7617549279425,
                218.3040484496365,
                453.3290387743413,
                559.5814483936296,
                626.2355091612998
            ],
            344.64029106282396
        ],
        "path_node_count_max": [
            8.0,
            8.0,
            8.0
        ],
        "path_node_count_avg": [
            2.0,
            2.0,
            2.0,
            [
                1.0,
                1.0,
                1.0,
                3.0,
                5.0,
                6.0
            ],
            2.3960386084858234
        ],
        "path_jumper_count_max": [
            1.0,
            1.0,
            1.0
        ],
        "path_jumper_count_avg": [
            0.0,
            0.0,
            0.0,
            [
                0.0,
                0.0,
                0.0,
                0.0,
                1.0,
                1.0
            ],
            0.148300824452041
        ],
        "path_sensor_jumper_length_max": [
            9.998904264455767,
            9.993967980108154,
            9.998904264455767
        ],
        "path_sensor_jumper_length_avg": [
            4.778893188857304,
            4.684763762862045,
            4.885651500916444,
            [
                0.48228525889816176,
                0.9387080677984568,
                2.3836210801326,
                7.302673777061835,
                8.947657632842459,
                9.473599871191615
            ],
            4.8583153552071225
        ],
        "path_router_node_branches_max": [
            3.0,
            3.0,
            3.0
        ],
        "path_router_node_branches_avg": [
            3.0,
            2.0,
            3.0,
            [
                2.0,
                2.0,
                2.25,
                3.0,
                3.0,
                3.0
            ],
            2.6666666666666665
        ],
        "graph_max_wire_length": [
            657.9268895314523,
            637.0175300934671,
            675.2846850890375,
            [
                315.07506246770276,
                505.4165945310841,
                581.0545572544793,
                734.066994348919,
                809.5223710948092,
                857.7429995136453
            ],
            651.1416247803927
        ],
        "graph_avg_wire_length": [
            366.95486251979355,
            358.2350587013454,
            381.78662881644175,
            [
                212.67242579989113,
                306.1746361367161,
                332.07305314543737,
                419.2276216652645,
                450.30453006092387,
                479.9912001093252
            ],
            370.55998069712024
        ],
        "graph_max_node_count": [
            5.0,
            5.0,
            6.0,
            [
                2.0,
                4.0,
                5.0,
                7.0,
                8.0,
                8.0
            ],
            5.77
        ],
        "graph_avg_node_count": [
            3.15,
            3.15,
            3.55,
            [
                1.6,
                2.7,
                2.9,
                4.041666666666667,
                4.583333333333333,
                4.708333333333333
            ],
            3.38675
        ],
        "graph_max_jumper_count": [
            0.0,
            0.0,
            1.0,
            [
                0.0,
                0.0,
                0.0,
                1.0,
                1.0,
                1.0
            ],
            0.45
        ],