{
    "total_wire_length": 118370.02135522143,
    "total_jumper_length": 1520.117964554261,
    "total_jumper_count": 277,
    "center_node_count": 2957,
    "edge_node_count": 568,
    "total_node_count": 3525,
    "reachable_node_count": [
        3525.0,
        3525.0,
        3525.0,
        [
            3525.0,
            3525.0,
            3525.0,
            3525.0,
            3525.0,
            3525.0
        ],
        3525.0
    ],
    "unreachable_node_count": [
        0.0,
        0.0,
        0.0,
        [
            0.0,
            0.0,
            0.0,
            0.0,
            0.0,
            0.0
        ],
        0.0
    ],
    "reachable_wire_length": [
        118370.02135522137,
        118370.02135522137,
        118370.02135522137,
        [
            118370.02135522137,
            118370.02135522137,
            118370.02135522137,
            118370.02135522137,
            118370.02135522137,
            118370.02135522137
        ],
        118370.02135522134
    ],
    "unreachable_wire_length": [
        0.0,
        0.0,
        0.0,
        [
            0.0,
            0.0,
            0.0,
            0.0,
            0.0,
            0.0
        ],
        0.0
    ],
    "reachable_jumper_length": [
        1520.1179645542604,
        1520.1179645542604,
        1520.1179645542604,
        [
            1520.1179645542604,
            1520.1179645542604,
            1520.1179645542604,
            1520.1179645542604,
            1520.1179645542604,
            1520.1179645542604
        ],
        1520.1179645542602
    ],
    "unreachable_jumper_length": [
        0.0,
        0.0,
        0.0,
        [
            0.0,
            0.0,
            0.0,
            0.0,
            0.0,
            0.0
        ],
        0.0
    ],
    "reachable_jumper_count": [
        277.0,
        277.0,
        277.0,
        [
            277.0,
            277.0,
            277.0,
            277.0,
            277.0,
            277.0
        ],
        277.0
    ],
    "unreachable_jumper_count": [
        0.0,
        0.0,
        0.0,
        [
            0.0,
            0.0,
            0.0,
            0.0,
            0.0,
            0.0
        ],
        0.0
    ],
    "shortest_path": {
        "percent_useful_node_count": [
            0.7236879432624114,
            0.7205673758865248,
            0.7268085106382979,
            [
                0.6960851063829787,
                0.7001134751773049,
                0.7126241134751773,
                0.7331205673758865,
                0.7416170212765958,
                0.7452624113475178
            ],
            0.7224624113475177
        ],
        "percent_useful_wire_length": 40.40915736553638,
        "percent_reachable_sensors": 0.99969,
        "percent_useful_jumper_count": [
            0.34657039711191334,
            0.33574007220216606,
            0.350225631768953,
            [
                0.3030685920577617,
                0.3140794223826715,
                0.3285198555956679,
                0.36552346570397115,
                0.38303249097472925,
                0.3898916967509025
            ],
            0.3469675090252706
        ],
        "percent_useful_jumper_length": [
            0.01444043321299639,
            0.01444043321299639,
            0.01444043321299639,
            [
                0.010830324909747292,
                0.010830324909747292,
                0.010830324909747292,
                0.018050541516245487,
                0.021660649819494584,
                0.021660649819494584
            ],
            0.015162454873646208
        ],
        "percent_unreachable_bc_short_jumper": 0.00031,
        "percent_multiroute_reached_nodes": [
            0.17810406181209643,
            0.17407550255187831,
            0.18049815025180108,
            [
                0.15280201861077466,
                0.1581273526675796,
                0.16842021519460215,
                0.19189299312460625,
                0.21689989931709325,
                0.23407338485516455
            ],
            0.183097490912908
        ],
        "path_length_max": [
            2029.3169584464174,
            2003.257583866296,
            2029.3169584464174
        ],
        "path_length_avg": [
            638.2829521380905,
            635.6386090011597,
            640.6874745754415,
            [
                181.92397661692561,
                257.3919892947952,
                428.0412517496444,
                876.056341071921,
                1135.3962971005312,
                1294.4145027695658
            ],
            673.0828451697129
        ],
        "path_node_count_max": [
            127.0,
            123.0,
            127.0
        ],
        "path_node_count_avg": [
            35.0,
            35.0,
            35.0,
            [
                9.0,
                14.0,
                23.0,
                49.0,
                65.0,
                75.0
            ],
            37.532104952535285
        ],
        "path_jumper_count_max": [
            19.0,
            18.0,
            19.0
        ],
        "path_jumper_count_avg": [
            1.0,
            1.0,
            2.0,
            [
                0.0,
                0.0,
                1.0,
                4.0,
                7.0,
                8.0
            ],
            2.5674058958277066
        ],
        "path_sensor_jumper_length_max": [
            9.998599318003125,
            9.98699558554637,
            9.998599318003125
        ],
        "path_sensor_jumper_length_avg": [
            2.9399167384747216,
            2.9178018737352938,
            2.961445567439673,
            [
                0.25262673084180637,
                0.5113905994735909,
                1.3365396216481769,
                5.018065689985495,
                6.854393952868599,
                7.7861880228042715
            ],
            3.342729143163509
        ],
        "path_router_node_branches_max": [
            3.0,
            3.0,
            3.0
        ],
        "path_router_node_branches_avg": [
            2.0,
            2.0,
            2.0,
            [
                2.0,
                2.0,
                2.0,
                2.0,
                3.0,
                3.0
            ],
            2.1063348416289593
        ],
        "graph_max_wire_length": [
            1427.99922617143,
            1380.2009724979966,
            1495.6214451735582,
            [
                1135.4489281776289,
                1163.0689932730847,
                1307.2817168790962,
                1612.1023588282717,
                1762.0872801215828,
                1936.1569913549747
            ],
            1467.0709825035983
        ],
        "graph_avg_wire_length": [
            609.1692603256638,
            579.9567841698961,
            628.4196363965915,
            [
                516.7964980757264,
                521.5574458993514,
                545.7189088502312,
                683.8819138305885,
                850.4523053841816,
                911.7664374819904
            ],
            649.580215545923
        ],
        "graph_max_node_count": [
            89.0,
            84.0,
            93.0,
            [
                69.0,
                70.0,
                78.75,
                100.0,
                108.20000000000002,
                118.05
            ],
            89.73
        ],
        "graph_avg_node_count": [
            33.68667839360941,
            31.815933279356848,
            34.946662445561394,
            [
                28.23607285756808,
                28.713817113052116,
                29.798303051106622,
                38.486310315559365,
                48.33956357458689,
                53.34540960350033
            ],
            36.28993276690711
        ],