{
    "total_wire_length": 22220.397508920134,
    "total_jumper_length": 96.71966271049568,
    "total_jumper_count": 19,
    "center_node_count": 140,
    "edge_node_count": 148,
    "total_node_count": 288,
    "reachable_node_count": [
        241.0,
        241.0,
        241.0,
        [
            47.0,
            47.0,
            241.0,
            241.0,
            241.0,
            241.0
        ],
        208.02
    ],
    "unreachable_node_count": [
        47.0,
        47.0,
        47.0,
        [
            47.0,
            47.0,
            47.0,
            47.0,
            241.0,
            241.0
        ],
        79.98
    ],
    "reachable_wire_length": [
        18589.216700635538,
        18589.216700635538,
        18589.216700635538,
        [
            3631.1808082845937,
            3631.1808082845937,
            18589.216700635538,
            18589.216700635538,
            18589.216700635538,
            18589.216700635538
        ],
        16046.350598935876
    ],
    "unreachable_wire_length": [
        3631.1808082845937,
        3631.1808082845937,
        3631.1808082845937,
        [
            3631.1808082845937,
            3631.1808082845937,
            3631.1808082845937,
            3631.1808082845937,
            18589.216700635538,
            18589.216700635538
        ],
        6174.046909984254
    ],
    "reachable_jumper_length": [
        87.92141308204555,
        87.92141308204555,
        87.92141308204555,
        [
            8.798249628450147,
            8.798249628450147,
            87.92141308204555,
            87.92141308204555,
            87.92141308204555,
            87.92141308204555
        ],
        74.47047529493432
    ],
    "unreachable_jumper_length": [
        8.798249628450147,
        8.798249628450147,
        8.798249628450147,
        [
            8.798249628450147,
            8.798249628450147,
            8.798249628450147,
            8.798249628450147,
            87.92141308204555,
            87.92141308204555
        ],
        22.249187415561373
    ],
    "reachable_jumper_count": [
        16.0,
        16.0,
        16.0,
        [
            3.0,
            3.0,
            16.0,
            16.0,
            16.0,
            16.0
        ],
        13.79
    ],
    "unreachable_jumper_count": [
        3.0,
        3.0,
        3.0,
        [
            3.0,
            3.0,
            3.0,
            3.0,
            16.0,
            16.0
        ],
        5.21
    ],
    "shortest_path": {
        "percent_useful_node_count": [
            0.4618055555555556,
            0.4583333333333333,
            0.4670138888888889,
            [
                0.0798611111111111,
                0.08333333333333333,
                0.4479166666666667,
                0.4722222222222222,
                0.47951388888888896,
                0.4861111111111111
            ],
            0.40076388888888886
        ],
        "percent_useful_wire_length": 34.7784184093171,
        "percent_reachable_sensors": 0.30656,
        "percent_useful_jumper_count": [
            0.631578947368421,
            0.631578947368421,
            0.631578947368421,
            [
                0.05263157894736842,
                0.15263157894736842,
                0.5789473684210527,
                0.6842105263157895,
                0.7368421052631579,
                0.7894736842105263
            ],
            0.5626315789473684
        ],
        "percent_useful_jumper_length": [
            0.2631578947368421,
            0.2631578947368421,
            0.3157894736842105,
            [
                0.0,
                0.0,
                0.2631578947368421,
                0.3157894736842105,
                0.3684210526315789,
                0.3684210526315789
            ],
            0.25052631578947365
        ],
        "percent_unreachable_bc_short_jumper": 0.57549,
        "percent_multiroute_reached_nodes": [
            0.5593783053237749,
            0.5514705882352942,
            0.5655544320862824,
            [
                0.5105555555555555,
                0.5211654135338346,
                0.5329787234042553,
                0.5836538461538462,
                0.6367272727272727,
                0.6800909090909091
            ],
            0.5688820003740624
        ],
        "path_length_max": [
            1502.7120876094175,
            1469.8245179913686,
            1502.7120876094175
        ],
        "path_length_avg": [
            646.1888706776457,
            642.1269139467432,
            650.716542669634,
            [
                166.69864776024409,
                235.48995544027798,
                404.32763347437844,
                857.6032590810779,
                1024.519960776443,
                1110.9671244571282
            ],
            637.3882526423678
        ],
        "path_node_count_max": [
            23.0,
            23.0,
            23.0
        ],
        "path_node_count_avg": [
            10.0,
            10.0,
            10.0,
            [
                2.0,
                3.0,
                6.0,
                14.0,
                16.0,
                18.0
            ],
            9.90954462421712
        ],
        "path_jumper_count_max": [
            4.0,
            4.0,
            4.0
        ],
        "path_jumper_count_avg": [
            1.0,
            1.0,
            1.0,
            [
                0.0,
                0.0,
                0.0,
                2.0,
                3.0,
                3.0
            ],
            1.1824438935281838
        ],
        "path_sensor_jumper_length_max": [
            9.999700688082276,
            9.994125346166262,
            9.999700688082276
        ],
        "path_sensor_jumper_length_avg": [
            4.668555164664216,
            4.618292772959665,
            4.723246109738816,
            [
                0.4486110377305099,
                0.8967044098108796,
                2.2521110773134234,
                7.200842116338377,
                8.826717367913309,
                9.412446626741579
            ],
            4.75921409245914
        ],
        "path_router_node_branches_max": [
            3.0,
            3.0,
            3.0
        ],
        "path_router_node_branches_avg": [
            2.0,
            2.0,
            2.0,
            [
                2.0,
                2.0,
                2.0,
                3.0,
                3.0,
                3.0
            ],
            2.352112676056338
        ],
        "graph_max_wire_length": [
            1157.5488253155156,
            1119.7962009092018,
            1219.1105531418852,
            [
                492.42358933973384,
                637.2568464595419,
                1029.2494793912383,
                1283.6648662043735,
                1363.8442239845422,
                1445.8250690867185
            ],
            1104.0186447722795
        ],
        "graph_avg_wire_length": [
            640.3383385720821,
            597.3123342255874,
            673.9288471218583,
            [
                256.296362650005,
                311.94854391100245,
                547.6381558545518,
                727.1962233969608,
                807.2928666873382,
                849.8227817817634
            ],
            611.294456626922
        ],
        "graph_max_node_count": [
            19.0,
            19.0,
            20.0,
            [
                9.0,
                11.0,
                17.0,
                21.0,
                22.0,
                23.0
            ],
            18.23
        ],