{
    "total_wire_length": 32914.758284293945,
    "total_jumper_length": 2268.625744620843,
    "total_jumper_count": 59,
    "center_node_count": 105,
    "edge_node_count": 132,
    "total_node_count": 237,
    "reachable_node_count": [
        237.0,
        237.0,
        237.0,
        [
            237.0,
            237.0,
            237.0,
            237.0,
            237.0,
            237.0
        ],
        237.0
    ],
    "unreachable_node_count": [
        0.0,
        0.0,
        0.0,
        [
            0.0,
            0.0,
            0.0,
            0.0,
            0.0,
            0.0
        ],
        0.0
    ],
    "reachable_wire_length": [
        32914.75828429394,
        32914.75828429394,
        32914.75828429394,
        [
            32914.75828429394,
            32914.75828429394,
            32914.75828429394,
            32914.75828429394,
            32914.75828429394,
            32914.75828429394
        ],
        32914.75828429394
    ],
    "unreachable_wire_length": [
        0.0,
        0.0,
        0.0,
        [
            0.0,
            0.0,
            0.0,
            0.0,
            0.0,
            0.0
        ],
        0.0
    ],
    "reachable_jumper_length": [
        2268.625744620843,
        2268.625744620843,
        2268.625744620843,
        [
            2268.625744620843,
            2268.625744620843,
            2268.625744620843,
            2268.625744620843,
            2268.625744620843,
            2268.625744620843
        ],
        2268.625744620843
    ],
    "unreachable_jumper_length": [
        0.0,
        0.0,
        0.0,
        [
            0.0,
            0.0,
            0.0,
            0.0,
            0.0,
            0.0
        ],
        0.0
    ],
    "reachable_jumper_count": [
        59.0,
        59.0,
        59.0,
        [
            59.0,
            59.0,
            59.0,
            59.0,
            59.0,
            59.0
        ],
        59.0
    ],
    "unreachable_jumper_count": [
        0.0,
        0.0,
        0.0,
        [
            0.0,
            0.0,
            0.0,
            0.0,
            0.0,
            0.0
        ],
        0.0
    ],
    "shortest_path": {
        "percent_useful_node_count": [
            0.7215189873417721,
            0.7194092827004219,
            0.7257383966244726,
            [
                0.6962025316455697,
                0.70042194092827,
                0.7130801687763713,
                0.7383966244725738,
                0.7426160337552743,
                0.7470464135021097
            ],
            0.7231223628691982
        ],
        "percent_useful_wire_length": 54.887806847291955,
        "percent_reachable_sensors": 0.98177,
        "percent_useful_jumper_count": [
            0.6101694915254238,
            0.5932203389830508,
            0.6101694915254238,
            [
                0.5423728813559322,
                0.559322033898305,
                0.576271186440678,
                0.6313559322033898,
                0.6610169491525424,
                0.6779661016949152
            ],
            0.6074576271186442
        ],
        "percent_useful_jumper_length": [
            0.13559322033898305,
            0.11864406779661017,
            0.13559322033898305,
            [
                0.1016949152542373,
                0.1016949152542373,
                0.1016949152542373,
                0.15254237288135594,
                0.1694915254237288,
                0.1864406779661017
            ],
            0.13152542372881354
        ],
        "percent_unreachable_bc_short_jumper": 0.01823,
        "percent_multiroute_reached_nodes": [
            0.4579802259887006,
            0.45180722891566266,
            0.46551268498942916,
            [
                0.42045454545454547,
                0.4268241626794258,
                0.4411764705882353,
                0.47681101309810214,
                0.4970095312333912,
                0.5031729055258467
            ],
            0.4599676799230549
        ],
        "path_length_max": [
            3073.973730593207,
            3055.082506114604,
            3073.973730593207
        ],
        "path_length_avg": [
            1080.8484742354285,
            1077.2638821887456,
            1084.6922800012396,
            [
                350.93068175916557,
                486.1069501417393,
                754.3629115435336,
                1436.137806144673,
                1746.8171133314925,
                1927.8742761353976
            ],
            1106.8855626446398
        ],
        "path_node_count_max": [
            29.0,
            29.0,
            29.0
        ],
        "path_node_count_avg": [
            9.0,
            9.0,
            9.0,
            [
                2.0,
                3.0,
                6.0,
                13.0,
                15.0,
                17.0
            ],
            9.459771636941442
        ],
        "path_jumper_count_max": [
            7.0,
            6.0,
            7.0
        ],
        "path_jumper_count_avg": [
            1.0,
            1.0,
            1.0,
            [
                0.0,
                0.0,
                1.0,
                2.0,
                3.0,
                4.0
            ],
            1.5126557136600223
        ],
        "path_sensor_jumper_length_max": [
            79.9907324526072,
            79.97286265442413,
            79.9907324526072
        ],
        "path_sensor_jumper_length_avg": [
            23.81232272796091,
            23.638495873083095,
            23.971984630215907,
            [
                2.0937060466944413,
                4.1926750431968305,
                10.791583938049524,
                40.78199492797867,
                56.4786526033154,
                64.21185303904284
            ],
            27.269783161944297
        ],
        "path_router_node_branches_max": [
            3.0,
            3.0,
            3.0
        ],
        "path_router_node_branches_avg": [
            2.0,
            2.0,
            2.0,
            [
                2.0,
                2.0,
                2.0,
                2.0,
                3.0,
                3.0
            ],
            2.2409638554216866
        ],
        "graph_max_wire_length": [
            2089.8415663335086,
            1988.1707483843206,
            2152.6469583899293,
            [
                1685.8292452114033,
                1731.8899533068688,
                1883.3194419953506,
                2305.918379370093,
                2612.3200009798193,
                2818.053032246777
            ],
            2119.010520161509
        ],
        "graph_avg_wire_length": [
            1030.1200958881236,
            990.2056345331448,
            1077.2246028783948,
            [
                819.3980411383396,
                856.3338985180409,
                913.3830628826947,
                1197.8014064083077,
                1339.8552209158618,
                1502.8296787879829
            ],
            1077.2898135570517
        ],
        "graph_max_node_count": [
            19.0,
            19.0,
            21.0,
            [
                15.0,
                16.0,
                17.75,
                23.0,
                25.0,
                27.0
            ],
            20.29
        ],
        "graph_avg_node_count": [
            9.75900900900901,
            9.353814445614107,
            10.265475357655042,
            [
                7.86482683982684,
                8.022831417624522,
                8.605398590770932,
                11.27450980392157,
                12.789237668161435,
                13.795777777777777
            ],
            10.123309712008874
        ],