{
    "total_wire_length": 23103.5824352025,
    "total_jumper_length": 6638.701838892784,
    "total_jumper_count": 176,
    "center_node_count": 289,
    "edge_node_count": 134,
    "total_node_count": 423,
    "reachable_node_count": [
        423.0,
        423.0,
        423.0,
        [
            423.0,
            423.0,
            423.0,
            423.0,
            423.0,
            423.0
        ],
        423.0
    ],
    "unreachable_node_count": [
        0.0,
        0.0,
        0.0,
        [
            0.0,
            0.0,
            0.0,
            0.0,
            0.0,
            0.0
        ],
        0.0
    ],
    "reachable_wire_length": [
        23103.582435202505,
        23103.582435202505,
        23103.582435202505,
        [
            23103.582435202505,
            23103.582435202505,
            23103.582435202505,
            23103.582435202505,
            23103.582435202505,
            23103.582435202505
        ],
        23103.58243520249
    ],
    "unreachable_wire_length": [
        0.0,
        0.0,
        0.0,
        [
            0.0,
            0.0,
            0.0,
            0.0,
            0.0,
            0.0
        ],
        0.0
    ],
    "reachable_jumper_length": [
        6638.701838892776,
        6638.701838892776,
        6638.701838892776,
        [
            6638.701838892776,
            6638.701838892776,
            6638.701838892776,
            6638.701838892776,
            6638.701838892776,
            6638.701838892776
        ],
        6638.701838892777
    ],
    "unreachable_jumper_length": [
        0.0,
        0.0,
        0.0,
        [
            0.0,
            0.0,
            0.0,
            0.0,
            0.0,
            0.0
        ],
        0.0
    ],
    "reachable_jumper_count": [
        176.0,
        176.0,
        176.0,
        [
            176.0,
            176.0,
            176.0,
            176.0,
            176.0,
            176.0
        ],
        176.0
    ],
    "unreachable_jumper_count": [
        0.0,
        0.0,
        0.0,
        [
            0.0,
            0.0,
            0.0,
            0.0,
            0.0,
            0.0
        ],
        0.0
    ],
    "shortest_path": {
        "percent_useful_node_count": [
            0.7860520094562649,
            0.7825059101654847,
            0.789598108747045,
            [
                0.7612293144208038,
                0.7680851063829788,
                0.7754137115839244,
                0.7943262411347518,
                0.7992907801418441,
                0.8039007092198582
            ],
            0.7847990543735223
        ],
        "percent_useful_wire_length": 52.88807560491459,
        "percent_reachable_sensors": 1.0,
        "percent_useful_jumper_count": [
            0.26136363636363635,
            0.25,
            0.26136363636363635,
            [
                0.20994318181818183,
                0.22102272727272726,
                0.23863636363636365,
                0.2727272727272727,
                0.2897727272727273,
                0.29545454545454547
            ],
            0.25522727272727275
        ],
        "percent_useful_jumper_length": [
            0.011363636363636364,
            0.011363636363636364,
            0.011363636363636364,
            [
                0.005681818181818182,
                0.005681818181818182,
                0.005681818181818182,
                0.011363636363636364,
                0.011363636363636364,
                0.011363636363636364
            ],
            0.009375000000000001
        ],
        "percent_unreachable_bc_short_jumper": 0.0,
        "percent_multiroute_reached_nodes": [
            0.3577819616281155,
            0.35054297767297915,
            0.36764705882352944,
            [
                0.303512617621899,
                0.3204272997032641,
                0.3380465482106467,
                0.3843112387631019,
                0.4086060037523452,
                0.41360068956131196
            ],
            0.3603398506148045
        ],
        "path_length_max": [
            927.1977131509992,
            912.8941286785879,
            927.1977131509992
        ],
        "path_length_avg": [
            403.64425221480576,
            401.52538349772936,
            405.17798648435564,
            [
                128.56094025487167,
                176.15480736873636,
                271.8306765755272,
                549.826668724686,
                659.328552596978,
                711.3228112843269
            ],
            411.73737512615025
        ],
        "path_node_count_max": [
            28.0,
            28.0,
            28.0
        ],
        "path_node_count_avg": [
            12.0,
            11.0,
            12.0,
            [
                3.0,
                4.0,
                7.0,
                16.0,
                20.0,
                21.0
            ],
            11.80678
        ],
        "path_jumper_count_max": [
            14.0,
            14.0,
            14.0
        ],
        "path_jumper_count_avg": [
            1.0,
            1.0,
            1.0,
            [
                0.0,
                0.0,
                0.0,
                4.0,
                5.0,
                6.0
            ],
            2.09789
        ],
        "path_sensor_jumper_length_max": [
            25.08100664678416,
            23.45010518984668,
            25.08100664678416
        ],
        "path_sensor_jumper_length_avg": [
            5.864036804601408,
            5.815783342879219,
            5.9074034748790485,
            [
                0.5103531580788389,
                1.029403001859694,
                2.6911288248190695,
                10.045722360641893,
                13.76673961927314,
                15.659897401771017
            ],
            6.7023188476603615
        ],
        "path_router_node_branches_max": [
            6.0,
            4.0,
            6.0
        ],
        "path_router_node_branches_avg": [
            2.0,
            2.0,
            2.0,
            [
                2.0,
                2.0,
                2.0,
                2.0,
                3.0,
                4.0
            ],
            2.3252032520325203
        ],
        "graph_max_wire_length": [
            762.3384251930318,
            736.0984348744303,
            789.2977711601192,
            [
                598.3338558578475,
                623.0675013976713,
                685.8003075882822,
                818.8041082067189,
                857.1800532864444,
                900.9320701015681
            ],
            749.773094231991
        ],
        "graph_avg_wire_length": [
            399.4920850402452,
            389.1124730788542,
            421.04003691482836,
            [
                309.34135144951387,
                316.8777817223743,
                357.25147228183215,
                440.12842447922947,
                484.1601655539331,
                505.9962711316814
            ],
            402.5613607044809
        ],
        "graph_max_node_count": [
            24.0,
            23.0,
            24.0,
            [
                18.0,
                19.9,
                21.0,
                25.0,
                27.0,
                27.049999999999997
            ],
            23.14
        ],
        "graph_avg_node_count": [
            12.321709393175407,
            12.00827134312908,
            12.582897930875042,
            [
                10.024256643800081,
                10.255812013185915,
                11.20756756267863,
                13.022978500886971,
                14.223640661938536,
                15.246756485734618
            ],
            12.22460787668908
        ],