{
    "total_wire_length": 12726.14875114953,
    "total_jumper_length": 83.34197810726272,
    "total_jumper_count": 6,
    "center_node_count": 38,
    "edge_node_count": 46,
    "total_node_count": 84,
    "reachable_node_count": [
        84.0,
        84.0,
        84.0,
        [
            84.0,
            84.0,
            84.0,
            84.0,
            84.0,
            84.0
        ],
        84.0
    ],
    "unreachable_node_count": [
        0.0,
        0.0,
        0.0,
        [
            0.0,
            0.0,
            0.0,
            0.0,
            0.0,
            0.0
        ],
        0.0
    ],
    "reachable_wire_length": [
        12726.148751149532,
        12726.148751149532,
        12726.148751149532,
        [
            12726.148751149532,
            12726.148751149532,
            12726.148751149532,
            12726.148751149532,
            12726.148751149532,
            12726.148751149532
        ],
        12726.148751149529
    ],
    "unreachable_wire_length": [
        0.0,
        0.0,
        0.0,
        [
            0.0,
            0.0,
            0.0,
            0.0,
            0.0,
            0.0
        ],
        0.0
    ],
    "reachable_jumper_length": [
        83.34197810726272,
        83.34197810726272,
        83.34197810726272,
        [
            83.34197810726272,
            83.34197810726272,
            83.34197810726272,
            83.34197810726272,
            83.34197810726272,
            83.34197810726272
        ],
        83.34197810726273
    ],
    "unreachable_jumper_length": [
        0.0,
        0.0,
        0.0,
        [
            0.0,
            0.0,
            0.0,
            0.0,
            0.0,
            0.0
        ],
        0.0
    ],
    "reachable_jumper_count": [
        6.0,
        6.0,
        6.0,
        [
            6.0,
            6.0,
            6.0,
            6.0,
            6.0,
            6.0
        ],
        6.0
    ],
    "unreachable_jumper_count": [
        0.0,
        0.0,
        0.0,
        [
            0.0,
            0.0,
            0.0,
            0.0,
            0.0,
            0.0
        ],
        0.0
    ],
    "shortest_path": {
        "percent_useful_node_count": [
            0.5952380952380952,
            0.5833333333333334,
            0.5952380952380952,
            [
                0.5595238095238095,
                0.5714285714285714,
                0.5833333333333334,
                0.6071428571428571,
                0.6190476190476191,
                0.6190476190476191
            ],
            0.5917857142857141
        ],
        "percent_useful_wire_length": 49.88364938962877,
        "percent_reachable_sensors": 0.7394,
        "percent_useful_jumper_count": [
            1.0,
            1.0,
            1.0,
            [
                0.8333333333333334,
                0.8333333333333334,
                0.8333333333333334,
                1.0,
                1.0,
                1.0
            ],
            0.945
        ],
        "percent_useful_jumper_length": [
            0.16666666666666666,
            0.16666666666666666,
            0.16666666666666666,
            [
                0.16666666666666666,
                0.16666666666666666,
                0.16666666666666666,
                0.16666666666666666,
                0.16666666666666666,
                0.16666666666666666
            ],
            0.1666666666666667
        ],
        "percent_unreachable_bc_short_jumper": 0.2606,
        "percent_multiroute_reached_nodes": [
            0.6122448979591837,
            0.6,
            0.62,
            [
                0.54,
                0.5510204081632653,
                0.5882352941176471,
                0.6326530612244898,
                0.6596170212765957,
                0.6666666666666666
            ],
            0.6104227759141532
        ],
        "path_length_max": [
            2724.855607109812,
            2713.3159023145977,
            2724.855607109812
        ],
        "path_length_avg": [
            870.1366709089195,
            865.3682340761849,
            874.5918223107285,
            [
                219.0168443241228,
                316.09198936050245,
                521.4789986308953,
                1232.818691527271,
                1622.2407069910464,
                1854.7119325401986
            ],
            922.7545845872166
        ],
        "path_node_count_max": [
            20.0,
            20.0,
            20.0
        ],
        "path_node_count_avg": [
            7.0,
            7.0,
            7.0,
            [
                1.0,
                2.0,
                3.0,
                11.0,
                13.0,
                15.0
            ],
            7.2373275628888285
        ],
        "path_jumper_count_max": [
            4.0,
            4.0,
            4.0
        ],
        "path_jumper_count_avg": [
            1.0,
            1.0,
            1.0,
            [
                0.0,
                0.0,
                0.0,
                2.0,
                2.0,
                2.0
            ],
            0.8437381660806059
        ],
        "path_sensor_jumper_length_max": [
            39.99937906338476,
            39.997612041115715,
            39.99937906338476
        ],
        "path_sensor_jumper_length_avg": [
            16.85903128007279,
            16.72128187207627,
            16.988523861459843,
            [
                1.5418048078069242,
                3.077367052945285,
                7.9577371070491125,
                27.119297427392066,
                34.379903666068536,
                37.07498265465053
            ],
            17.837029738013367
        ],
        "path_router_node_branches_max": [
            3.0,
            3.0,
            3.0
        ],
        "path_router_node_branches_avg": [
            2.5,
            2.0,
            3.0,
            [
                2.0,
                2.0,
                2.0,
                3.0,
                3.0,
                3.0
            ],
            2.5
        ],
        "graph_max_wire_length": [
            1890.7039450699579,
            1815.061869415582,
            2011.3024465284261,
            [
                1518.1110712064412,
                1553.3629789297165,
                1697.2788003673647,
                2162.64961815598,
                2372.2116759024843,
                2609.4030285036633
            ],
            1946.9743267200872
        ],
        "graph_avg_wire_length": [
            880.4252818979584,
            849.9927774658555,
            920.8837865735456,
            [
                678.0053905191829,
                742.2951259142668,
                795.6199972692574,
                1026.8360706645926,
                1193.6537861581237,
                1383.9878978019037
            ],
            934.2372042132031
        ],
        "graph_max_node_count": [
            16.0,
            15.0,
            16.5,
            [
                13.0,
                14.0,
                15.0,
                17.25,
                19.0,
                20.0
            ],
            16.14
        ],
        "graph_avg_node_count": [
            7.878306878306878,
            7.619047619047619,
            8.245697074010327,
            [
                6.428571428571429,
                6.690476190476191,
                7.235800344234079,
                8.691358024691358,
                9.801190476190477,
                10.69047619047619
            ],
            8.084865036348777
        ],
        "graph_max_jumper_count": [
            3.0,
            2.0,
            3.0,
            [
                2.0,
                2.0,
                2.0,
                3.0,
                4.0,
                4.0
            ],
            2.68
        ],